date,max_temp_c,min_temp_c,avg_humidity_%,avg_wind_speed_m_s
2022-01-01 08:00:00+00:00,16.556,7.906,75.71368,10.453287
2022-01-02 08:00:00+00:00,16.306,5.606,71.04914,8.324651
2022-01-03 08:00:00+00:00,14.956,5.606,71.988075,9.073572
2022-01-04 08:00:00+00:00,14.856,5.506,75.94184,8.828655
2022-01-05 08:00:00+00:00,16.906,6.556,77.112946,6.986742
2022-01-06 08:00:00+00:00,17.556,7.306,70.470024,6.323652
2022-01-07 08:00:00+00:00,15.5060005,8.2560005,85.470924,9.865933
2022-01-08 08:00:00+00:00,16.105999,10.106,83.59291,8.807851
2022-01-09 08:00:00+00:00,17.456,7.156,76.93992,6.330528
2022-01-10 08:00:00+00:00,21.556,8.606,62.137486,11.52002
2022-01-11 08:00:00+00:00,20.806,9.856,55.604828,10.972652
2022-01-12 08:00:00+00:00,21.556,9.656,57.81856,6.9877834
2022-01-13 08:00:00+00:00,19.556,10.556,55.04537,8.52657
2022-01-14 08:00:00+00:00,19.906,11.556,67.95223,6.2600846
2022-01-15 08:00:00+00:00,18.406,13.406,61.87929,6.7822394
2022-01-16 08:00:00+00:00,19.556,13.806,68.885254,9.1289
2022-01-17 08:00:00+00:00,18.106,12.306,85.47694,8.156736
2022-01-18 08:00:00+00:00,16.356,11.7560005,90.01446,7.5748553
2022-01-19 08:00:00+00:00,17.406,10.306,90.830925,8.022921
2022-01-20 08:00:00+00:00,19.906,8.206,75.12048,7.814265
2022-01-21 08:00:00+00:00,17.206,8.706,79.68338,9.053743
2022-01-22 08:00:00+00:00,19.856,7.906,62.838116,12.269179
2022-01-23 08:00:00+00:00,21.156,7.2060003,60.220448,10.895247
2022-01-24 08:00:00+00:00,17.906,7.306,71.53474,10.732815
2022-01-25 08:00:00+00:00,16.306,8.656,75.568474,9.939425
2022-01-26 08:00:00+00:00,18.006,6.9560003,79.624756,7.7767124
2022-01-27 08:00:00+00:00,18.656,5.9560003,64.92716,10.445526
2022-01-28 08:00:00+00:00,19.956,8.056,46.737274,10.956622
2022-01-29 08:00:00+00:00,19.206,8.2560005,42.230183,9.730966
2022-01-30 08:00:00+00:00,19.006,6.856,64.47369,9.803259
2022-01-31 08:00:00+00:00,15.806,7.656,77.98332,8.162684
2022-02-01 08:00:00+00:00,16.506,10.2560005,77.61524,13.052495
2022-02-02 08:00:00+00:00,16.456,6.906,66.61304,11.532291
2022-02-03 08:00:00+00:00,17.206,4.506,41.665806,9.747825
2022-02-04 08:00:00+00:00,18.556,4.9560003,42.55927,9.3117485
2022-02-05 08:00:00+00:00,19.156,6.006,38.77859,11.022812
2022-02-06 08:00:00+00:00,21.606,4.756,40.605347,9.961951
2022-02-07 08:00:00+00:00,22.906,7.506,37.98327,12.001006
2022-02-08 08:00:00+00:00,24.256,7.106,30.693039,10.002776
2022-02-09 08:00:00+00:00,27.206,8.906,32.828785,10.973308
2022-02-10 08:00:00+00:00,30.456,10.606,29.929222,11.737826
2022-02-11 08:00:00+00:00,24.256,9.706,49.406612,8.570188
2022-02-12 08:00:00+00:00,28.656,10.306,37.186764,8.491024
2022-02-13 08:00:00+00:00,27.356,10.806,27.507162,11.840797
2022-02-14 08:00:00+00:00,21.256,12.656,53.721157,7.3302274
2022-02-15 08:00:00+00:00,15.306,10.906,73.24562,19.682043
2022-02-16 08:00:00+00:00,16.006,6.4560003,73.813965,12.125779
2022-02-17 08:00:00+00:00,19.506,7.7060003,66.02267,10.989616
2022-02-18 08:00:00+00:00,19.456,5.256,58.016174,10.221462
2022-02-19 08:00:00+00:00,20.506,6.256,66.94961,9.030519
2022-02-20 08:00:00+00:00,16.606,10.206,79.1592,7.9983883
2022-02-21 08:00:00+00:00,15.856,12.2560005,69.01612,15.719228
2022-02-22 08:00:00+00:00,16.105999,10.406,68.80624,22.300583
2022-02-23 08:00:00+00:00,12.306,6.2060003,64.90568,22.484879
2022-02-24 08:00:00+00:00,15.406,3.9559999,58.9911,13.660316
2022-02-25 08:00:00+00:00,15.356,2.906,66.081505,11.1469
2022-02-26 08:00:00+00:00,19.206,4.2060003,58.334553,10.396813
2022-02-27 08:00:00+00:00,20.206,4.9560003,53.77576,9.901002
2022-02-28 08:00:00+00:00,24.056,6.656,50.873123,9.656862
2022-03-01 08:00:00+00:00,23.106,6.806,51.165287,8.666556
2022-03-02 08:00:00+00:00,22.106,8.456,54.55493,7.606544
2022-03-03 08:00:00+00:00,18.056,10.5060005,76.51536,16.17542
2022-03-04 08:00:00+00:00,16.256,11.356,80.07726,15.712592
2022-03-05 08:00:00+00:00,14.606,11.356,63.50803,24.018263
2022-03-06 08:00:00+00:00,15.7560005,8.856,66.04846,10.770097
2022-03-07 08:00:00+00:00,17.906,6.506,72.15021,11.551491
2022-03-08 08:00:00+00:00,19.006,5.9560003,56.32365,10.233381
2022-03-09 08:00:00+00:00,17.706,6.806,63.944492,12.139585
2022-03-10 08:00:00+00:00,17.756,10.456,75.03415,12.7222595
2022-03-11 08:00:00+00:00,20.706,6.606,54.486725,10.423278
2022-03-12 08:00:00+00:00,21.406,6.556,50.754578,10.091878
2022-03-13 08:00:00+00:00,17.256,8.356,70.442665,10.399305
2022-03-14 08:00:00+00:00,20.106,10.356,75.47962,10.407489
2022-03-15 08:00:00+00:00,20.806,9.606,76.160286,7.3853626
2022-03-16 08:00:00+00:00,19.706,12.656,83.967705,10.294444
2022-03-17 08:00:00+00:00,24.006,9.7560005,66.663185,10.055562
2022-03-18 08:00:00+00:00,22.706,12.106,63.338398,9.073787
2022-03-19 08:00:00+00:00,18.406,12.0060005,78.225,10.583007
2022-03-20 08:00:00+00:00,17.606,11.956,77.35693,13.819664
2022-03-21 08:00:00+00:00,18.706,9.7560005,79.509125,9.213953
2022-03-22 08:00:00+00:00,24.006,11.106,65.64386,7.7025285
2022-03-23 08:00:00+00:00,28.556,12.106,49.549557,10.449
2022-03-24 08:00:00+00:00,23.906,11.856,58.67828,9.561756
2022-03-25 08:00:00+00:00,22.206,12.606,80.96291,9.237756
2022-03-26 08:00:00+00:00,19.406,13.406,82.12988,8.688359
2022-03-27 08:00:00+00:00,18.106,12.206,75.99911,10.993801
2022-03-28 08:00:00+00:00,18.556,13.056,77.10983,23.579231
2022-03-29 08:00:00+00:00,16.906,10.906,81.46685,11.07232
2022-03-30 08:00:00+00:00,17.606,11.306,82.523415,8.934131
2022-03-31 08:00:00+00:00,16.806,13.206,81.092995,15.1704855
2022-04-01 08:00:00+00:00,17.906,11.806,79.29771,8.218111
2022-04-02 08:00:00+00:00,16.956,13.856,85.60559,7.909359
2022-04-03 08:00:00+00:00,16.956,14.656,83.17858,12.328923
2022-04-04 08:00:00+00:00,19.456,14.156,82.823494,10.554336
2022-04-05 08:00:00+00:00,20.606,12.106,84.75791,7.8153815
2022-04-06 08:00:00+00:00,23.056,12.456,81.26685,8.144864
2022-04-07 08:00:00+00:00,31.756,13.706,53.80333,8.616471
2022-04-08 08:00:00+00:00,33.106,15.556,30.846413,10.838519
2022-04-09 08:00:00+00:00,22.056,14.956,69.36762,16.159878
2022-04-10 08:00:00+00:00,19.606,14.056,73.21791,16.784126
2022-04-11 08:00:00+00:00,18.006,14.856,67.89221,18.980978
2022-04-12 08:00:00+00:00,18.056,13.056,56.833935,17.936518
2022-04-13 08:00:00+00:00,19.806,10.056,58.715836,11.984443
2022-04-14 08:00:00+00:00,18.606,8.5060005,70.80507,9.956409
2022-04-15 08:00:00+00:00,19.556,10.856,74.574486,10.833576
2022-04-16 08:00:00+00:00,19.306,13.356,75.5398,12.968338
2022-04-17 08:00:00+00:00,20.106,13.356,74.5994,14.670573
2022-04-18 08:00:00+00:00,20.356,11.206,80.52553,10.304205
2022-04-19 08:00:00+00:00,20.356,13.106,80.12743,10.662617
2022-04-20 08:00:00+00:00,19.106,13.606,69.14893,13.370114
2022-04-21 08:00:00+00:00,19.156,10.706,72.83202,13.343201
2022-04-22 08:00:00+00:00,17.856,13.206,69.687935,19.76693
2022-04-23 08:00:00+00:00,19.506,10.806,71.92663,12.02557
2022-04-24 08:00:00+00:00,26.756,10.906,51.622272,10.894715
2022-04-25 08:00:00+00:00,26.656,12.456,44.5861,11.118481
2022-04-26 08:00:00+00:00,21.056,11.206,78.36881,10.10379
2022-04-27 08:00:00+00:00,18.806,13.7560005,73.898506,14.54
2022-04-28 08:00:00+00:00,17.656,13.856,71.231514,10.913447
2022-04-29 08:00:00+00:00,19.606,12.706,68.056404,10.13074
2022-04-30 08:00:00+00:00,20.206,11.956,80.17725,8.814911
2022-05-01 08:00:00+00:00,18.656,13.706,79.378845,16.498646
2022-05-02 08:00:00+00:00,19.356,13.2560005,69.25014,11.119083
2022-05-03 08:00:00+00:00,18.006,13.456,73.85608,12.7352495
2022-05-04 08:00:00+00:00,20.506,11.5060005,78.349266,8.954953
2022-05-05 08:00:00+00:00,21.106,14.806,79.05151,9.707004
2022-05-06 08:00:00+00:00,20.806,13.556,81.385475,8.163819
2022-05-07 08:00:00+00:00,20.806,15.806,76.84364,12.844325
2022-05-08 08:00:00+00:00,18.556,14.656,71.50709,17.55989
2022-05-09 08:00:00+00:00,19.306,13.806,63.0381,15.536256
2022-05-10 08:00:00+00:00,19.956,10.906,65.20162,14.448342
2022-05-11 08:00:00+00:00,19.156,10.5060005,61.805836,14.118778
2022-05-12 08:00:00+00:00,23.956,10.056,46.118687,14.210668
2022-05-13 08:00:00+00:00,25.206,13.7560005,56.807068,8.979465
2022-05-14 08:00:00+00:00,26.056,14.806,58.02814,8.535954
2022-05-15 08:00:00+00:00,22.206,13.156,79.409035,10.285916
2022-05-16 08:00:00+00:00,20.606,14.356,76.81423,11.814675
2022-05-17 08:00:00+00:00,18.756,14.806,74.51041,12.725226
2022-05-18 08:00:00+00:00,19.556,14.556,74.28864,11.684625
2022-05-19 08:00:00+00:00,19.056,13.556,78.48847,12.470391
2022-05-20 08:00:00+00:00,19.506,14.806,74.05195,20.152117
2022-05-21 08:00:00+00:00,19.556,15.206,71.73295,14.469803
2022-05-22 08:00:00+00:00,20.256,14.0060005,79.05846,11.440124
2022-05-23 08:00:00+00:00,19.056,14.556,75.877655,9.956583
2022-05-24 08:00:00+00:00,19.906,13.5060005,77.01121,8.519706
2022-05-25 08:00:00+00:00,20.056,13.856,77.95971,9.365939
2022-05-26 08:00:00+00:00,20.156,14.056,77.34349,9.58247
2022-05-27 08:00:00+00:00,20.206,15.206,71.16902,11.057556
2022-05-28 08:00:00+00:00,19.456,15.806,72.28524,10.551913
2022-05-29 08:00:00+00:00,20.356,15.406,73.285515,11.812173
2022-05-30 08:00:00+00:00,21.406,14.106,75.33837,10.274292
2022-05-31 08:00:00+00:00,20.206,15.5060005,75.663765,12.378166
2022-06-01 08:00:00+00:00,20.906,14.456,78.44394,10.355603
2022-06-02 08:00:00+00:00,20.856,14.206,79.554825,10.202717
2022-06-03 08:00:00+00:00,20.756,14.456,75.70944,9.632379
2022-06-04 08:00:00+00:00,20.006,16.156,76.04808,8.927085
2022-06-05 08:00:00+00:00,22.506,16.105999,76.004906,10.500008
2022-06-06 08:00:00+00:00,22.556,17.756,78.12806,11.362984
2022-06-07 08:00:00+00:00,21.456,16.706,78.48219,11.6652
2022-06-08 08:00:00+00:00,22.456,14.806,80.21885,9.947253
2022-06-09 08:00:00+00:00,22.456,15.306,79.96476,10.126695
2022-06-10 08:00:00+00:00,22.356,16.856,79.01806,9.6749325
2022-06-11 08:00:00+00:00,22.656,17.406,78.11077,9.798966
2022-06-12 08:00:00+00:00,21.556,16.606,79.45316,9.959964
2022-06-13 08:00:00+00:00,22.006,16.706,75.73644,10.907028
2022-06-14 08:00:00+00:00,22.406,17.006,73.6686,11.501514
2022-06-15 08:00:00+00:00,21.756,15.656,78.33796,9.5253935
2022-06-16 08:00:00+00:00,22.256,15.956,78.34164,10.284735
2022-06-17 08:00:00+00:00,21.356,15.906,72.66659,11.175233
2022-06-18 08:00:00+00:00,21.106,16.506,66.977135,10.362304
2022-06-19 08:00:00+00:00,24.256,14.056,67.52645,10.037719
2022-06-20 08:00:00+00:00,25.256,15.206,68.341034,9.759349
2022-06-21 08:00:00+00:00,23.306,15.856,76.03307,10.262331
2022-06-22 08:00:00+00:00,27.806,17.606,68.68816,12.41534
2022-06-23 08:00:00+00:00,26.656,19.306,67.59753,12.854278
2022-06-24 08:00:00+00:00,26.256,17.956,74.94558,12.052407
2022-06-25 08:00:00+00:00,25.556,17.906,77.45786,12.417553
2022-06-26 08:00:00+00:00,25.006,17.006,79.44449,8.879985
2022-06-27 08:00:00+00:00,25.906,16.606,76.77421,9.034997
2022-06-28 08:00:00+00:00,25.656,17.706,78.858055,8.142864
2022-06-29 08:00:00+00:00,24.856,17.206,79.46795,8.954489
2022-06-30 08:00:00+00:00,23.906,18.006,78.24592,9.818008
2022-07-01 08:00:00+00:00,24.156,18.056,78.17224,9.539607
2022-07-02 08:00:00+00:00,23.406,18.206,75.202576,9.774926
2022-07-03 08:00:00+00:00,21.856,18.006,70.78601,9.28269
2022-07-04 08:00:00+00:00,21.706,17.356,69.646034,10.076314
2022-07-05 08:00:00+00:00,23.306,16.906,73.58318,10.425195
2022-07-06 08:00:00+00:00,23.606,19.606,76.43444,15.663269
2022-07-07 08:00:00+00:00,23.756,19.456,75.93927,10.559884
2022-07-08 08:00:00+00:00,23.006,18.606,78.06374,9.662742
2022-07-09 08:00:00+00:00,23.956,18.206,76.576836,10.565583
2022-07-10 08:00:00+00:00,24.606,17.856,78.40318,9.717616
2022-07-11 08:00:00+00:00,23.056,17.506,78.49345,10.532302
2022-07-12 08:00:00+00:00,22.406,18.206,74.646614,11.124694
2022-07-13 08:00:00+00:00,23.556,17.956,74.775276,12.144151
2022-07-14 08:00:00+00:00,22.806,18.256,76.99267,9.785239
2022-07-15 08:00:00+00:00,23.156,17.956,78.5369,8.841931
2022-07-16 08:00:00+00:00,23.756,17.906,81.40619,8.488018
2022-07-17 08:00:00+00:00,23.806,18.356,81.2522,9.421414
2022-07-18 08:00:00+00:00,24.056,18.856,77.5118,9.2489395
2022-07-19 08:00:00+00:00,25.506,18.606,76.28187,9.776012
2022-07-20 08:00:00+00:00,25.106,19.356,77.53775,8.960616
2022-07-21 08:00:00+00:00,25.206,18.306,76.14008,9.210557
2022-07-22 08:00:00+00:00,23.156,17.406,77.6905,10.812344
2022-07-23 08:00:00+00:00,23.456,18.256,76.70689,10.25634
2022-07-24 08:00:00+00:00,23.206,18.106,76.71868,8.740439
2022-07-25 08:00:00+00:00,23.906,19.406,76.58961,9.137396
2022-07-26 08:00:00+00:00,23.756,19.306,75.76824,10.66411
2022-07-27 08:00:00+00:00,24.456,19.406,75.46285,11.814854
2022-07-28 08:00:00+00:00,24.556,18.756,75.26355,10.890937
2022-07-29 08:00:00+00:00,23.306,18.606,77.64942,9.8354845
2022-07-30 08:00:00+00:00,24.006,19.406,74.604225,9.543675
2022-07-31 08:00:00+00:00,23.806,20.156,78.96765,8.707222
2022-08-01 08:00:00+00:00,25.456,19.556,79.16228,9.954447
2022-08-02 08:00:00+00:00,25.606,20.306,79.14262,12.168193
2022-08-03 08:00:00+00:00,25.456,20.406,77.46826,10.9336405
2022-08-04 08:00:00+00:00,26.156,19.656,77.5826,10.176379
2022-08-05 08:00:00+00:00,26.256,21.156,76.712616,14.223706
2022-08-06 08:00:00+00:00,26.456,20.006,77.828545,13.674183
2022-08-07 08:00:00+00:00,27.056,19.156,77.80843,10.453408
2022-08-08 08:00:00+00:00,25.806,20.056,77.08502,9.434684
2022-08-09 08:00:00+00:00,26.356,20.506,78.522545,8.619896
2022-08-10 08:00:00+00:00,28.756,20.706,73.14362,8.763664
2022-08-11 08:00:00+00:00,27.956,20.606,77.51912,11.404175
2022-08-12 08:00:00+00:00,27.156,20.506,76.26392,9.498834
2022-08-13 08:00:00+00:00,27.356,21.056,76.71093,8.545797
2022-08-14 08:00:00+00:00,26.206,20.356,77.96363,8.61843
2022-08-15 08:00:00+00:00,26.356,20.806,78.80241,8.335174
2022-08-16 08:00:00+00:00,26.556,19.556,79.95517,8.409146
2022-08-17 08:00:00+00:00,26.756,21.206,79.19755,8.643053
2022-08-18 08:00:00+00:00,26.406,20.356,75.820114,11.838303
2022-08-19 08:00:00+00:00,24.406,19.306,76.28398,9.833679
2022-08-20 08:00:00+00:00,24.306,19.906,75.23771,12.929858
2022-08-21 08:00:00+00:00,24.906,19.256,76.49234,9.559057
2022-08-22 08:00:00+00:00,25.456,19.506,78.49554,10.03008
2022-08-23 08:00:00+00:00,24.856,19.356,80.36156,8.382218
2022-08-24 08:00:00+00:00,25.406,19.556,77.460266,9.38071
2022-08-25 08:00:00+00:00,25.556,20.106,76.634834,8.550166
2022-08-26 08:00:00+00:00,25.756,20.756,78.31579,10.108606
2022-08-27 08:00:00+00:00,24.356,20.206,76.92396,9.501262
2022-08-28 08:00:00+00:00,24.006,20.756,75.1729,10.173313
2022-08-29 08:00:00+00:00,25.156,20.456,74.95324,12.275711
2022-08-30 08:00:00+00:00,27.256,20.356,73.35362,13.709095
2022-08-31 08:00:00+00:00,29.956,20.056,68.15949,10.568582
2022-09-01 08:00:00+00:00,29.156,19.906,73.10595,9.912993
2022-09-02 08:00:00+00:00,28.656,21.306,75.100044,7.854347
2022-09-03 08:00:00+00:00,32.755997,22.406,64.37292,8.649568
2022-09-04 08:00:00+00:00,33.556,24.156,60.800396,12.081241
2022-09-05 08:00:00+00:00,28.356,22.156,77.66811,10.631847
2022-09-06 08:00:00+00:00,29.206,20.506,75.23707,7.7479343
2022-09-07 08:00:00+00:00,31.306,22.256,76.13901,8.452627
2022-09-08 08:00:00+00:00,35.755997,22.606,64.44654,11.176055
2022-09-09 08:00:00+00:00,31.206,23.506,75.095055,14.043094
2022-09-10 08:00:00+00:00,26.856,22.556,83.23554,10.735459
2022-09-11 08:00:00+00:00,26.606,21.756,88.74411,8.500958
2022-09-12 08:00:00+00:00,25.206,21.956,92.60844,9.05112
2022-09-13 08:00:00+00:00,24.406,20.956,86.63329,8.699555
2022-09-14 08:00:00+00:00,23.006,18.256,84.99175,8.78253
2022-09-15 08:00:00+00:00,23.156,17.656,82.77108,9.671308
2022-09-16 08:00:00+00:00,23.056,16.606,82.1192,9.350388
2022-09-17 08:00:00+00:00,22.806,16.606,80.6014,10.071627
2022-09-18 08:00:00+00:00,23.256,19.056,71.68319,9.084597
2022-09-19 08:00:00+00:00,24.156,16.356,75.40518,10.548639
2022-09-20 08:00:00+00:00,25.556,16.356,79.85827,13.330512
2022-09-21 08:00:00+00:00,25.356,19.206,75.21495,15.337987
2022-09-22 08:00:00+00:00,25.956,16.306,77.898186,10.154892
2022-09-23 08:00:00+00:00,27.556,18.556,75.51574,8.073826
2022-09-24 08:00:00+00:00,27.856,19.106,75.33594,11.009093
2022-09-25 08:00:00+00:00,27.406,19.656,78.38521,11.869507
2022-09-26 08:00:00+00:00,26.856,19.256,80.7128,10.957166
2022-09-27 08:00:00+00:00,26.906,18.906,83.744774,8.097271
2022-09-28 08:00:00+00:00,25.856,19.056,87.29559,7.0734677
2022-09-29 08:00:00+00:00,24.756,18.456,88.46576,7.284373
2022-09-30 08:00:00+00:00,23.706,17.506,80.30078,8.675188
2022-10-01 08:00:00+00:00,22.756,15.806,75.71135,10.433896
2022-10-02 08:00:00+00:00,23.356,17.806,74.09253,10.007972
2022-10-03 08:00:00+00:00,24.256,19.656,78.25294,10.210327
2022-10-04 08:00:00+00:00,24.006,17.906,83.97639,7.295961
2022-10-05 08:00:00+00:00,23.656,17.556,85.3,7.0857425
2022-10-06 08:00:00+00:00,23.206,17.306,84.16157,7.4975777
2022-10-07 08:00:00+00:00,24.256,16.456,86.617424,8.259664
2022-10-08 08:00:00+00:00,25.156,18.356,84.85439,7.7578177
2022-10-09 08:00:00+00:00,24.656,18.206,85.19045,8.159359
2022-10-10 08:00:00+00:00,23.306,18.356,80.12742,7.680588
2022-10-11 08:00:00+00:00,23.156,16.906,78.1699,7.9601674
2022-10-12 08:00:00+00:00,24.106,19.306,78.06391,9.245963
2022-10-13 08:00:00+00:00,23.506,19.006,80.08161,11.867328
2022-10-14 08:00:00+00:00,22.006,18.106,78.32256,9.226399
2022-10-15 08:00:00+00:00,21.306,18.106,76.756035,7.7553296
2022-10-16 08:00:00+00:00,22.306,17.606,82.14588,9.461383
2022-10-17 08:00:00+00:00,23.256,15.706,86.82491,9.221776
2022-10-18 08:00:00+00:00,28.456,15.606,74.650826,11.357483
2022-10-19 08:00:00+00:00,32.455997,16.656,54.819244,9.216765
2022-10-20 08:00:00+00:00,25.706,16.706,65.347466,8.605374
2022-10-21 08:00:00+00:00,23.356,16.856,85.053215,9.939216
2022-10-22 08:00:00+00:00,20.456,17.506,79.106636,14.563774
2022-10-23 08:00:00+00:00,20.506,13.906,68.42768,10.924432
2022-10-24 08:00:00+00:00,23.506,11.306,60.801056,10.849777
2022-10-25 08:00:00+00:00,23.306,10.206,63.185165,9.890735
2022-10-26 08:00:00+00:00,21.256,13.7560005,76.68159,10.906758
2022-10-27 08:00:00+00:00,21.556,14.556,78.176,8.967563
2022-10-28 08:00:00+00:00,22.006,10.656,70.15507,8.103486
2022-10-29 08:00:00+00:00,21.906,14.906,79.716644,8.914679
2022-10-30 08:00:00+00:00,23.156,12.5060005,69.298935,7.880413
2022-10-31 08:00:00+00:00,24.456,12.056,64.57823,8.380565
2022-11-01 08:00:00+00:00,20.856,16.056,79.45527,11.627101
2022-11-02 08:00:00+00:00,19.306,15.156,66.58413,18.282902
2022-11-03 08:00:00+00:00,16.956,9.556,60.748318,22.100374
2022-11-04 08:00:00+00:00,20.706,7.806,61.07185,10.926983
2022-11-05 08:00:00+00:00,20.406,8.906,60.582607,8.725328
2022-11-06 08:00:00+00:00,19.106,11.306,73.69384,10.974056
2022-11-07 08:00:00+00:00,19.256,14.106,84.3893,13.069759
2022-11-08 08:00:00+00:00,17.456,15.056,87.39874,23.7988
2022-11-09 08:00:00+00:00,16.706,10.456,72.97202,13.585095
2022-11-10 08:00:00+00:00,17.306,7.406,73.674385,11.209572
2022-11-11 08:00:00+00:00,19.006,6.906,64.775185,8.754313
2022-11-12 08:00:00+00:00,18.656,7.856,69.13836,8.966509
2022-11-13 08:00:00+00:00,16.556,9.956,76.92266,10.769916
2022-11-14 08:00:00+00:00,18.606,7.306,73.21934,9.561038
2022-11-15 08:00:00+00:00,18.606,7.256,68.60639,8.282997
2022-11-16 08:00:00+00:00,23.356,9.0060005,40.3861,14.265676
2022-11-17 08:00:00+00:00,21.306,6.506,49.07188,9.540967
2022-11-18 08:00:00+00:00,18.256,7.556,67.27433,7.9746394
2022-11-19 08:00:00+00:00,21.356,8.2560005,51.868916,9.586361
2022-11-20 08:00:00+00:00,23.156,7.856,40.551968,10.669087
2022-11-21 08:00:00+00:00,22.706,8.206,36.77097,10.235053
2022-11-22 08:00:00+00:00,20.806,8.006,48.705982,8.786734
2022-11-23 08:00:00+00:00,19.906,6.356,50.473248,8.1307535
2022-11-24 08:00:00+00:00,25.256,7.556,28.33213,13.85422
2022-11-25 08:00:00+00:00,22.756,8.706,32.07986,10.62046
2022-11-26 08:00:00+00:00,19.156,8.006,56.6238,9.683026
2022-11-27 08:00:00+00:00,19.256,8.356,68.240166,8.162539
2022-11-28 08:00:00+00:00,16.756,12.306,73.76766,12.970455
2022-11-29 08:00:00+00:00,16.556,10.706,73.694336,11.601331
2022-11-30 08:00:00+00:00,16.056,9.5060005,77.341446,10.319081
2022-12-01 08:00:00+00:00,15.356,11.806,68.186676,9.64868
2022-12-02 08:00:00+00:00,19.356,10.5060005,68.68447,11.074113
2022-12-03 08:00:00+00:00,21.106,10.356,75.86414,8.234395
2022-12-04 08:00:00+00:00,18.856,10.5060005,79.98527,8.070081
2022-12-05 08:00:00+00:00,17.556,13.0060005,78.46693,7.465601
2022-12-06 08:00:00+00:00,16.506,10.7560005,73.90693,8.319687
2022-12-07 08:00:00+00:00,16.406,9.5060005,75.76248,8.229264
2022-12-08 08:00:00+00:00,16.056,5.7060003,75.916374,12.149849
2022-12-09 08:00:00+00:00,16.006,6.056,77.06698,10.101186
2022-12-10 08:00:00+00:00,16.756,6.306,76.9042,8.374534
2022-12-11 08:00:00+00:00,15.456,10.556,80.424126,19.624258
2022-12-12 08:00:00+00:00,12.2560005,7.656,84.00159,11.826203
2022-12-13 08:00:00+00:00,14.5060005,5.9560003,79.771095,9.960145
2022-12-14 08:00:00+00:00,15.0060005,4.306,76.83619,10.780463
2022-12-15 08:00:00+00:00,15.406,5.006,76.712654,9.535691
2022-12-16 08:00:00+00:00,17.006,7.506,68.13627,9.411088
2022-12-17 08:00:00+00:00,16.656,4.506,55.274517,9.303472
2022-12-18 08:00:00+00:00,16.056,7.256,70.37719,8.864147
2022-12-19 08:00:00+00:00,17.006,4.806,67.2423,9.988096
2022-12-20 08:00:00+00:00,17.256,4.756,67.74503,9.966044
2022-12-21 08:00:00+00:00,18.506,4.906,64.86581,8.601952
2022-12-22 08:00:00+00:00,17.956,7.2060003,70.46557,7.5508704
2022-12-23 08:00:00+00:00,17.656,6.656,76.4358,7.944633
2022-12-24 08:00:00+00:00,21.456,7.2060003,68.05819,8.683684
2022-12-25 08:00:00+00:00,23.206,9.2560005,53.310253,9.183211
2022-12-26 08:00:00+00:00,23.606,9.7560005,53.087055,8.07257
2022-12-27 08:00:00+00:00,19.256,11.406,79.367134,10.001637
2022-12-28 08:00:00+00:00,16.706,11.156,90.16302,12.093894
2022-12-29 08:00:00+00:00,15.556,11.156,86.25641,9.731959
2022-12-30 08:00:00+00:00,16.056,13.306,88.98568,4.613829
2022-12-31 08:00:00+00:00,16.306,13.5060005,90.78052,11.169006
2023-01-01 08:00:00+00:00,14.956,11.956,79.42056,29.738832
2023-01-02 08:00:00+00:00,15.206,9.5060005,77.48088,13.710069
2023-01-03 08:00:00+00:00,15.106,12.5060005,82.987305,19.257729
2023-01-04 08:00:00+00:00,17.006,14.156,89.69967,12.304531
2023-01-05 08:00:00+00:00,15.906,10.906,88.53626,16.006992
2023-01-06 08:00:00+00:00,16.056,7.556,87.105736,10.111032
2023-01-07 08:00:00+00:00,17.456,6.006,72.76923,7.790241
2023-01-08 08:00:00+00:00,17.406,7.7060003,73.017105,7.372734
2023-01-09 08:00:00+00:00,17.756,9.106,74.95632,13.398192
2023-01-10 08:00:00+00:00,16.406,10.606,86.61759,20.487074
2023-01-11 08:00:00+00:00,16.056,8.356,83.51178,10.396396
2023-01-12 08:00:00+00:00,18.556,7.7060003,72.16386,8.330907
2023-01-13 08:00:00+00:00,17.756,8.306,73.40149,8.230095
2023-01-14 08:00:00+00:00,14.806,8.806,87.21752,15.994129
2023-01-15 08:00:00+00:00,15.356,12.306,86.05682,16.030645
2023-01-16 08:00:00+00:00,15.056,11.0060005,84.2499,23.969984
2023-01-17 08:00:00+00:00,13.856,8.656,72.9143,17.023096
2023-01-18 08:00:00+00:00,14.706,6.4560003,75.60577,10.291158
2023-01-19 08:00:00+00:00,13.7560005,4.7060003,78.99366,10.085566
2023-01-20 08:00:00+00:00,15.106,6.906,76.630226,10.748027
2023-01-21 08:00:00+00:00,16.606,4.756,67.9569,10.351217
2023-01-22 08:00:00+00:00,14.906,5.406,75.64356,12.470863
2023-01-23 08:00:00+00:00,16.256,3.7559998,67.17993,10.956909
2023-01-24 08:00:00+00:00,17.006,3.906,66.10895,10.003616
2023-01-25 08:00:00+00:00,17.356,3.656,68.80515,8.8887415
2023-01-26 08:00:00+00:00,18.706,7.606,43.2308,18.342241
2023-01-27 08:00:00+00:00,16.856,5.7060003,61.165043,10.446502
2023-01-28 08:00:00+00:00,15.0060005,7.7060003,76.47801,14.832635
2023-01-29 08:00:00+00:00,14.2560005,11.206,77.91504,17.780455
2023-01-30 08:00:00+00:00,13.706,8.556,82.78834,12.515092
2023-01-31 08:00:00+00:00,15.206,6.106,76.47007,8.511747
2023-02-01 08:00:00+00:00,16.206,5.306,65.9954,9.070931
2023-02-02 08:00:00+00:00,16.556,4.4560003,67.36367,8.172614
2023-02-03 08:00:00+00:00,18.156,7.9560003,71.14971,9.371638
2023-02-04 08:00:00+00:00,17.856,6.406,77.56868,8.672568
2023-02-05 08:00:00+00:00,16.006,8.656,83.45612,10.697597
2023-02-06 08:00:00+00:00,16.105999,7.2060003,76.40457,12.613599
2023-02-07 08:00:00+00:00,18.556,5.556,65.57951,9.735335
2023-02-08 08:00:00+00:00,18.506,6.056,64.6321,9.637374
2023-02-09 08:00:00+00:00,24.206,5.9560003,59.00239,11.033252
2023-02-10 08:00:00+00:00,21.356,7.856,47.657238,11.123065
2023-02-11 08:00:00+00:00,14.706,9.7560005,71.35537,12.196205
2023-02-12 08:00:00+00:00,14.206,7.306,73.95339,10.571369
2023-02-13 08:00:00+00:00,14.956,8.356,79.80738,13.377266
2023-02-14 08:00:00+00:00,12.906,9.906,72.70611,21.129244
2023-02-15 08:00:00+00:00,14.556,4.056,57.17987,11.646293
2023-02-16 08:00:00+00:00,17.506,3.306,43.867477,12.050949
2023-02-17 08:00:00+00:00,16.806,5.256,47.356487,8.939573
2023-02-18 08:00:00+00:00,17.806,5.756,57.85564,9.264709
2023-02-19 08:00:00+00:00,16.706,5.606,67.60209,11.173717
2023-02-20 08:00:00+00:00,18.156,6.806,75.54641,9.008028
2023-02-21 08:00:00+00:00,16.156,7.756,78.49834,18.504887
2023-02-22 08:00:00+00:00,12.556,9.806,55.273014,32.807102
2023-02-23 08:00:00+00:00,12.156,8.2560005,76.72609,15.446282
2023-02-24 08:00:00+00:00,14.456,7.806,74.74345,24.579855
2023-02-25 08:00:00+00:00,13.106,8.206,74.71412,24.331635
2023-02-26 08:00:00+00:00,13.0060005,7.156,71.54117,12.880608
2023-02-27 08:00:00+00:00,13.806,5.756,75.54925,10.332365
2023-02-28 08:00:00+00:00,13.856,8.656,81.418175,12.351123
2023-03-01 08:00:00+00:00,11.606,8.006,72.042625,30.716852
2023-03-02 08:00:00+00:00,14.056,4.156,70.39332,9.924287
2023-03-03 08:00:00+00:00,13.706,5.106,78.141495,8.684609
2023-03-04 08:00:00+00:00,13.556,6.406,80.94607,11.480679
2023-03-05 08:00:00+00:00,14.356,8.006,70.11056,8.147415
2023-03-06 08:00:00+00:00,14.606,6.9560003,80.0086,10.439694
2023-03-07 08:00:00+00:00,14.106,8.056,78.10879,9.034085
2023-03-08 08:00:00+00:00,13.456,5.856,80.07537,10.432086
2023-03-09 08:00:00+00:00,15.656,6.256,83.11242,9.231482
2023-03-10 08:00:00+00:00,15.106,8.706,86.575356,8.090119
2023-03-11 08:00:00+00:00,15.7560005,13.806,96.098724,14.476493
2023-03-12 08:00:00+00:00,16.606,11.456,93.000275,8.6674185
2023-03-13 08:00:00+00:00,17.306,12.106,89.77616,8.944639
2023-03-14 08:00:00+00:00,15.906,11.2560005,92.24365,9.248394
2023-03-15 08:00:00+00:00,15.106,12.406,92.22894,21.916239
2023-03-16 08:00:00+00:00,15.056,9.2560005,78.95515,8.546398
2023-03-17 08:00:00+00:00,15.856,7.306,85.937836,10.372335
2023-03-18 08:00:00+00:00,21.156,8.2560005,72.95904,8.752047
2023-03-19 08:00:00+00:00,16.706,12.5060005,83.88183,13.471378
2023-03-20 08:00:00+00:00,14.856,12.956,86.954384,16.891527
2023-03-21 08:00:00+00:00,16.306,12.306,81.55288,27.416353
2023-03-22 08:00:00+00:00,15.606,10.206,71.80462,14.063029
2023-03-23 08:00:00+00:00,14.806,9.056,81.95193,13.525981
2023-03-24 08:00:00+00:00,15.306,9.056,78.87479,10.328755
2023-03-25 08:00:00+00:00,15.156,7.656,79.363396,11.338841
2023-03-26 08:00:00+00:00,14.656,7.756,76.139366,12.308556
2023-03-27 08:00:00+00:00,18.806,6.656,69.84592,11.956267
2023-03-28 08:00:00+00:00,17.606,8.156,72.32313,9.762118
2023-03-29 08:00:00+00:00,13.606,9.0060005,86.02872,11.580001
2023-03-30 08:00:00+00:00,14.406,8.656,77.45095,13.956174
2023-03-31 08:00:00+00:00,15.406,6.9560003,81.176544,12.039143
2023-04-01 08:00:00+00:00,16.656,6.7060003,83.90287,8.74503
2023-04-02 08:00:00+00:00,15.406,7.506,85.88165,8.270051
2023-04-03 08:00:00+00:00,14.706,10.7560005,68.8902,20.988235
2023-04-04 08:00:00+00:00,14.5060005,7.4560003,53.38344,17.539755
2023-04-05 08:00:00+00:00,16.756,6.106,72.40114,10.956146
2023-04-06 08:00:00+00:00,18.706,6.656,65.08003,8.611361
2023-04-07 08:00:00+00:00,17.006,9.556,76.023094,8.259124
2023-04-08 08:00:00+00:00,17.106,9.856,89.44979,9.8174305
2023-04-09 08:00:00+00:00,16.806,12.5060005,87.53135,9.006372
2023-04-10 08:00:00+00:00,17.306,10.306,91.786804,6.367932
2023-04-11 08:00:00+00:00,17.306,11.5060005,89.672325,7.16614
2023-04-12 08:00:00+00:00,15.456,12.206,83.90232,16.019253
2023-04-13 08:00:00+00:00,13.856,11.406,77.483574,16.835104
2023-04-14 08:00:00+00:00,15.406,10.706,77.10576,10.452923
2023-04-15 08:00:00+00:00,17.006,9.956,83.00416,9.250664
2023-04-16 08:00:00+00:00,16.756,11.956,84.36954,8.279171
2023-04-17 08:00:00+00:00,16.706,12.206,80.33401,7.1413093
2023-04-18 08:00:00+00:00,16.156,12.0060005,77.66254,10.183822
2023-04-19 08:00:00+00:00,18.106,9.806,72.31049,11.341168
2023-04-20 08:00:00+00:00,22.456,9.5060005,69.288826,11.370929
2023-04-21 08:00:00+00:00,26.356,11.456,54.62533,10.012035
2023-04-22 08:00:00+00:00,24.356,13.2560005,68.58737,7.378977
2023-04-23 08:00:00+00:00,19.656,12.456,79.7426,12.129224
2023-04-24 08:00:00+00:00,18.906,12.706,78.818886,10.985354
2023-04-25 08:00:00+00:00,18.406,13.806,77.195564,9.667476
2023-04-26 08:00:00+00:00,20.356,13.856,79.925186,10.353382
2023-04-27 08:00:00+00:00,19.706,13.806,81.678986,8.758707
2023-04-28 08:00:00+00:00,19.006,13.5060005,79.13775,10.209135
2023-04-29 08:00:00+00:00,19.456,12.806,79.840866,9.953734
2023-04-30 08:00:00+00:00,18.006,13.806,79.65249,10.342829
2023-05-01 08:00:00+00:00,17.156,13.356,73.018425,15.48133
2023-05-02 08:00:00+00:00,16.656,13.0060005,64.13045,10.674987
2023-05-03 08:00:00+00:00,17.856,11.106,69.02721,12.314313
2023-05-04 08:00:00+00:00,17.706,13.056,69.59968,16.882998
2023-05-05 08:00:00+00:00,17.906,12.2560005,71.65072,10.021789
2023-05-06 08:00:00+00:00,18.556,11.056,74.23969,11.825795
2023-05-07 08:00:00+00:00,19.256,10.356,75.06445,12.362255
2023-05-08 08:00:00+00:00,19.656,11.7560005,78.823875,10.6362705
2023-05-09 08:00:00+00:00,19.056,13.706,71.117615,13.120117
2023-05-10 08:00:00+00:00,19.456,13.5060005,62.70767,12.135934
2023-05-11 08:00:00+00:00,18.756,14.206,71.77952,11.410102
2023-05-12 08:00:00+00:00,20.106,14.7560005,74.58955,10.1912775
2023-05-13 08:00:00+00:00,19.956,15.156,78.34059,9.547299
2023-05-14 08:00:00+00:00,19.956,14.656,79.81964,9.512075
2023-05-15 08:00:00+00:00,20.156,13.956,79.15658,9.242451
2023-05-16 08:00:00+00:00,20.506,14.706,80.848724,11.119736
2023-05-17 08:00:00+00:00,19.906,14.856,78.490425,10.147056
2023-05-18 08:00:00+00:00,20.256,14.456,79.99311,9.231863
2023-05-19 08:00:00+00:00,20.206,13.456,79.32923,8.873414
2023-05-20 08:00:00+00:00,20.706,15.056,78.69376,8.351273
2023-05-21 08:00:00+00:00,20.556,16.006,78.47206,9.78424
2023-05-22 08:00:00+00:00,19.706,15.7560005,79.698814,8.938331
2023-05-23 08:00:00+00:00,18.906,15.0060005,77.45739,9.723713
2023-05-24 08:00:00+00:00,18.456,14.906,74.35585,9.127014
2023-05-25 08:00:00+00:00,18.906,14.456,68.55044,10.623012
2023-05-26 08:00:00+00:00,18.906,14.606,66.37676,10.659781
2023-05-27 08:00:00+00:00,18.856,15.456,75.46223,12.995762
2023-05-28 08:00:00+00:00,20.156,14.856,75.13396,9.314078
2023-05-29 08:00:00+00:00,18.706,15.306,75.5659,8.707498
2023-05-30 08:00:00+00:00,17.956,15.406,71.23286,11.420312
2023-05-31 08:00:00+00:00,18.406,14.206,68.842865,9.591836
2023-06-01 08:00:00+00:00,18.806,14.956,75.31153,9.467797
2023-06-02 08:00:00+00:00,20.156,15.456,73.904816,12.974246
2023-06-03 08:00:00+00:00,19.856,15.856,78.098854,10.410343
2023-06-04 08:00:00+00:00,20.356,16.105999,72.38792,10.306093
2023-06-05 08:00:00+00:00,18.956,15.406,69.28532,12.217734
2023-06-06 08:00:00+00:00,19.606,14.806,65.36318,10.808956
2023-06-07 08:00:00+00:00,19.356,14.956,72.06164,9.095558
2023-06-08 08:00:00+00:00,21.106,15.306,70.16071,11.595455
2023-06-09 08:00:00+00:00,21.206,16.206,72.08722,12.619519
2023-06-10 08:00:00+00:00,19.606,16.406,78.18007,11.065667
2023-06-11 08:00:00+00:00,18.906,15.656,80.39271,12.425747
2023-06-12 08:00:00+00:00,19.506,15.806,77.80331,10.618279
2023-06-13 08:00:00+00:00,19.606,16.206,78.04445,13.336061
2023-06-14 08:00:00+00:00,19.906,16.406,77.868996,10.611234
2023-06-15 08:00:00+00:00,20.056,15.956,75.61808,10.026582
2023-06-16 08:00:00+00:00,21.906,15.906,75.97932,11.471149
2023-06-17 08:00:00+00:00,22.906,16.156,78.94222,14.358535
2023-06-18 08:00:00+00:00,21.156,16.406,79.2049,9.147487
2023-06-19 08:00:00+00:00,20.756,16.056,76.59991,8.547603
2023-06-20 08:00:00+00:00,22.406,15.5060005,74.1946,9.174979
2023-06-21 08:00:00+00:00,21.856,14.7560005,76.478264,9.093955
2023-06-22 08:00:00+00:00,20.056,13.856,74.36262,10.614623
2023-06-23 08:00:00+00:00,20.906,15.2560005,66.38433,14.25298
2023-06-24 08:00:00+00:00,20.956,13.606,78.61091,12.211643
2023-06-25 08:00:00+00:00,20.856,15.5060005,72.88757,11.325687
2023-06-26 08:00:00+00:00,21.206,14.556,77.38269,10.655847
2023-06-27 08:00:00+00:00,21.556,15.106,75.105896,8.59199
2023-06-28 08:00:00+00:00,20.406,15.856,75.3299,8.192117
2023-06-29 08:00:00+00:00,21.756,13.956,71.62841,9.225819
2023-06-30 08:00:00+00:00,23.006,14.706,77.696594,8.776807
2023-07-01 08:00:00+00:00,22.406,16.756,81.65275,8.289651
2023-07-02 08:00:00+00:00,22.906,17.406,79.986916,9.338073
2023-07-03 08:00:00+00:00,22.856,16.556,79.674355,10.46871
2023-07-04 08:00:00+00:00,22.656,16.056,78.239044,12.293893
2023-07-05 08:00:00+00:00,21.806,15.5060005,75.15891,11.083538
2023-07-06 08:00:00+00:00,21.606,15.606,76.52454,10.509891
2023-07-07 08:00:00+00:00,21.356,15.456,75.83927,8.949277
2023-07-08 08:00:00+00:00,21.506,14.7560005,77.58631,8.332856
2023-07-09 08:00:00+00:00,21.956,14.606,76.81161,9.917317
2023-07-10 08:00:00+00:00,22.206,16.056,80.623726,8.690307
2023-07-11 08:00:00+00:00,24.056,16.406,77.934135,7.575969
2023-07-12 08:00:00+00:00,27.306,18.506,68.27862,11.462544
2023-07-13 08:00:00+00:00,26.406,19.006,68.59044,11.841588
2023-07-14 08:00:00+00:00,25.156,17.506,73.918915,8.4424715
2023-07-15 08:00:00+00:00,23.006,17.256,82.52005,7.9930367
2023-07-16 08:00:00+00:00,24.356,17.606,78.97138,7.8913198
2023-07-17 08:00:00+00:00,24.706,18.156,77.59263,7.962768
2023-07-18 08:00:00+00:00,25.506,18.906,77.68594,9.549022
2023-07-19 08:00:00+00:00,26.156,19.106,75.30335,11.129543
2023-07-20 08:00:00+00:00,25.506,18.806,77.5484,10.515582
2023-07-21 08:00:00+00:00,24.256,18.056,80.21262,9.89331
2023-07-22 08:00:00+00:00,24.706,17.606,81.546074,7.9161015
2023-07-23 08:00:00+00:00,23.306,17.656,83.48058,8.4595
2023-07-24 08:00:00+00:00,25.656,19.106,80.666145,9.108495
2023-07-25 08:00:00+00:00,25.706,18.606,80.95113,8.788342
2023-07-26 08:00:00+00:00,28.156,18.956,77.60697,8.015906
2023-07-27 08:00:00+00:00,27.556,18.506,80.10737,8.560314
2023-07-28 08:00:00+00:00,25.206,17.856,81.3572,8.887399
2023-07-29 08:00:00+00:00,25.706,18.906,79.60952,9.643552
2023-07-30 08:00:00+00:00,25.706,18.956,79.580124,9.321067
2023-07-31 08:00:00+00:00,25.606,19.556,76.24167,9.523276
2023-08-01 08:00:00+00:00,26.606,20.506,75.69501,9.359496
2023-08-02 08:00:00+00:00,25.956,20.006,77.89104,11.688763
2023-08-03 08:00:00+00:00,24.506,18.256,76.67019,9.676112
2023-08-04 08:00:00+00:00,24.556,17.056,76.256195,9.01722
2023-08-05 08:00:00+00:00,25.406,18.156,79.04638,7.461699
2023-08-06 08:00:00+00:00,25.006,17.556,80.61531,7.8583126
2023-08-07 08:00:00+00:00,25.556,16.956,74.50111,8.775352
2023-08-08 08:00:00+00:00,26.556,19.406,70.08586,8.926236
2023-08-09 08:00:00+00:00,25.306,20.006,78.8153,9.062906
2023-08-10 08:00:00+00:00,23.806,20.106,79.001526,10.14051
2023-08-11 08:00:00+00:00,24.706,20.256,76.79368,9.666183
2023-08-12 08:00:00+00:00,24.656,19.656,78.24209,10.772513
2023-08-13 08:00:00+00:00,24.756,19.106,77.12663,9.419698
2023-08-14 08:00:00+00:00,24.756,19.156,78.77691,10.638785
2023-08-15 08:00:00+00:00,25.906,19.156,76.74252,12.85008
2023-08-16 08:00:00+00:00,28.456,19.806,73.91902,12.320557
2023-08-17 08:00:00+00:00,26.156,18.956,78.95972,11.5677595
2023-08-18 08:00:00+00:00,25.156,17.306,80.63766,10.655151
2023-08-19 08:00:00+00:00,22.956,17.706,77.22585,9.121925
2023-08-20 08:00:00+00:00,25.206,19.256,90.06551,22.038063
2023-08-21 08:00:00+00:00,22.456,17.806,88.308754,8.687871
2023-08-22 08:00:00+00:00,23.506,16.806,90.56219,9.170703
2023-08-23 08:00:00+00:00,23.306,17.856,90.04987,9.171065
2023-08-24 08:00:00+00:00,22.806,17.806,88.02111,10.2116
2023-08-25 08:00:00+00:00,23.556,16.956,85.49999,12.3089075
2023-08-26 08:00:00+00:00,25.006,16.606,81.9392,12.298579
2023-08-27 08:00:00+00:00,27.106,16.956,73.87972,11.462314
2023-08-28 08:00:00+00:00,28.806,18.656,73.151405,8.671964
2023-08-29 08:00:00+00:00,29.256,18.506,78.26875,7.3439317
2023-08-30 08:00:00+00:00,25.606,18.856,85.8768,7.2417436
2023-08-31 08:00:00+00:00,23.906,18.256,86.39514,9.725009
2023-09-01 08:00:00+00:00,24.256,19.006,85.02964,11.025491
2023-09-02 08:00:00+00:00,24.256,20.806,90.144646,8.074914
2023-09-03 08:00:00+00:00,23.456,19.506,82.129166,12.621407
2023-09-04 08:00:00+00:00,22.656,17.406,81.01364,8.896665
2023-09-05 08:00:00+00:00,22.656,15.906,83.49556,8.6066675
2023-09-06 08:00:00+00:00,23.806,18.106,78.641075,9.7732725
2023-09-07 08:00:00+00:00,24.556,16.406,83.00567,9.619907
2023-09-08 08:00:00+00:00,27.406,18.156,75.46077,10.3754225
2023-09-09 08:00:00+00:00,28.306,20.106,69.07522,11.457179
2023-09-10 08:00:00+00:00,29.556,20.306,70.49897,9.363851
2023-09-11 08:00:00+00:00,27.856,21.306,74.77697,9.781306
2023-09-12 08:00:00+00:00,24.706,19.306,79.34381,9.479133
2023-09-13 08:00:00+00:00,23.156,18.006,77.6596,8.467628
2023-09-14 08:00:00+00:00,23.506,15.706,76.376205,10.809021
2023-09-15 08:00:00+00:00,23.756,18.956,74.873024,10.166896
2023-09-16 08:00:00+00:00,23.456,19.806,76.201385,11.4544
2023-09-17 08:00:00+00:00,22.806,19.156,78.093956,11.443848
2023-09-18 08:00:00+00:00,22.356,18.056,78.81887,13.648624
2023-09-19 08:00:00+00:00,23.556,14.956,76.98015,10.037354
2023-09-20 08:00:00+00:00,22.606,17.156,73.46004,9.343514
2023-09-21 08:00:00+00:00,22.656,16.656,73.82359,9.4316
2023-09-22 08:00:00+00:00,21.256,16.606,76.57673,9.448309
2023-09-23 08:00:00+00:00,23.356,16.906,75.69903,11.197766
2023-09-24 08:00:00+00:00,23.706,14.856,80.991356,9.900407
2023-09-25 08:00:00+00:00,24.656,17.106,80.59282,11.237865
2023-09-26 08:00:00+00:00,24.406,16.406,83.29246,8.130587
2023-09-27 08:00:00+00:00,23.556,14.406,83.42194,8.103229
2023-09-28 08:00:00+00:00,22.106,15.656,84.38177,9.431803
2023-09-29 08:00:00+00:00,21.406,15.806,78.56239,11.504718
2023-09-30 08:00:00+00:00,21.756,16.006,77.6753,12.986534
2023-10-01 08:00:00+00:00,21.606,15.156,72.062065,7.622105
2023-10-02 08:00:00+00:00,22.106,13.206,71.7118,11.872948
2023-10-03 08:00:00+00:00,24.456,13.706,75.93609,8.495731
2023-10-04 08:00:00+00:00,27.206,14.556,67.64889,8.249841
2023-10-05 08:00:00+00:00,29.306,14.856,61.040447,8.71939
2023-10-06 08:00:00+00:00,29.206,16.606,58.1156,8.436648
2023-10-07 08:00:00+00:00,27.506,15.306,73.65786,7.249193
2023-10-08 08:00:00+00:00,28.156,16.656,71.763054,11.032094
2023-10-09 08:00:00+00:00,24.506,17.406,83.75184,10.730435
2023-10-10 08:00:00+00:00,23.156,16.306,81.61642,7.4703355
2023-10-11 08:00:00+00:00,21.656,17.356,78.31794,10.467106
2023-10-12 08:00:00+00:00,22.806,15.656,79.03805,8.224641
2023-10-13 08:00:00+00:00,23.006,13.956,83.321014,7.0632844
2023-10-14 08:00:00+00:00,24.556,15.906,80.358604,10.05645
2023-10-15 08:00:00+00:00,26.106,13.706,68.07377,8.770156
2023-10-16 08:00:00+00:00,25.056,14.106,79.60555,7.376104
2023-10-17 08:00:00+00:00,24.456,15.7560005,85.832344,7.508838
2023-10-18 08:00:00+00:00,24.306,15.5060005,85.42453,6.9767723
2023-10-19 08:00:00+00:00,27.306,15.056,63.638,10.118492
2023-10-20 08:00:00+00:00,27.156,16.806,75.53852,11.508864
2023-10-21 08:00:00+00:00,25.606,15.956,78.66833,10.293859
2023-10-22 08:00:00+00:00,22.306,16.806,79.63584,8.614648
2023-10-23 08:00:00+00:00,20.956,15.156,80.207375,10.330707
2023-10-24 08:00:00+00:00,21.606,13.056,81.05693,9.33241
2023-10-25 08:00:00+00:00,20.206,15.456,81.64028,10.4384165
2023-10-26 08:00:00+00:00,21.556,15.456,80.63705,8.80923
2023-10-27 08:00:00+00:00,21.006,14.106,79.30529,7.327803
2023-10-28 08:00:00+00:00,21.156,11.156,78.02932,8.57859
2023-10-29 08:00:00+00:00,25.656,11.956,43.240253,10.40622
2023-10-30 08:00:00+00:00,28.356,9.556,19.541815,9.44481
2023-10-31 08:00:00+00:00,27.056,9.806,18.411617,10.469523
2023-11-01 08:00:00+00:00,27.806,11.5060005,27.138414,9.555925
2023-11-02 08:00:00+00:00,25.806,10.206,35.511585,8.057565
2023-11-03 08:00:00+00:00,24.706,9.406,39.72293,9.115962
2023-11-04 08:00:00+00:00,25.406,10.456,45.8584,10.538487
2023-11-05 08:00:00+00:00,24.256,12.2560005,62.58325,7.8220296
2023-11-06 08:00:00+00:00,21.156,11.906,80.632225,6.1639504
2023-11-07 08:00:00+00:00,20.656,14.7560005,79.190605,8.319184
2023-11-08 08:00:00+00:00,22.706,12.156,69.9656,11.885101
2023-11-09 08:00:00+00:00,24.506,9.356,31.586458,11.948761
2023-11-10 08:00:00+00:00,24.506,7.656,29.98065,10.323497
2023-11-11 08:00:00+00:00,23.756,7.406,26.540865,10.75964
2023-11-12 08:00:00+00:00,25.406,9.556,32.992874,9.082336
2023-11-13 08:00:00+00:00,22.156,10.356,55.449802,8.016225
2023-11-14 08:00:00+00:00,24.406,9.706,45.324627,7.782986
2023-11-15 08:00:00+00:00,21.556,14.706,65.38892,10.099155
2023-11-16 08:00:00+00:00,20.306,16.256,91.64759,7.2609982
2023-11-17 08:00:00+00:00,19.856,12.806,89.51287,8.497071
2023-11-18 08:00:00+00:00,19.456,14.7560005,93.838524,6.9103723
2023-11-19 08:00:00+00:00,19.256,12.556,87.913185,9.074369
2023-11-20 08:00:00+00:00,24.156,10.206,58.575954,11.633435
2023-11-21 08:00:00+00:00,23.356,9.7560005,57.20019,8.32593
2023-11-22 08:00:00+00:00,24.306,10.306,49.765285,11.070037
2023-11-23 08:00:00+00:00,19.656,11.5060005,67.37095,16.215528
2023-11-24 08:00:00+00:00,18.156,12.156,81.174515,13.364482
2023-11-25 08:00:00+00:00,19.106,9.5060005,69.815575,11.277766
2023-11-26 08:00:00+00:00,20.206,7.506,42.14468,10.787574
2023-11-27 08:00:00+00:00,20.806,7.856,42.080902,10.011419
2023-11-28 08:00:00+00:00,20.106,8.606,53.844402,8.880229
2023-11-29 08:00:00+00:00,17.256,9.356,74.2945,9.628104
2023-11-30 08:00:00+00:00,17.406,11.856,86.450264,11.357249
2023-12-01 08:00:00+00:00,18.006,9.056,75.55318,10.7238455
2023-12-02 08:00:00+00:00,18.706,7.4560003,70.58667,9.208583
2023-12-03 08:00:00+00:00,19.256,7.2060003,68.49771,10.242581
2023-12-04 08:00:00+00:00,20.856,8.056,65.06142,9.313729
2023-12-05 08:00:00+00:00,23.456,8.606,59.98776,9.165051
2023-12-06 08:00:00+00:00,20.006,9.0060005,73.54366,7.876383
2023-12-07 08:00:00+00:00,18.606,10.606,81.79061,7.704492
2023-12-08 08:00:00+00:00,18.756,8.406,73.78774,9.297273
2023-12-09 08:00:00+00:00,21.906,7.9560003,37.436142,11.517924
2023-12-10 08:00:00+00:00,22.106,6.406,29.319231,8.845994
2023-12-11 08:00:00+00:00,20.306,9.856,52.614426,8.4977255
2023-12-12 08:00:00+00:00,18.056,9.5060005,72.39924,12.762462
2023-12-13 08:00:00+00:00,18.306,8.2560005,77.53654,9.070337
2023-12-14 08:00:00+00:00,21.556,6.156,48.839874,9.954592
2023-12-15 08:00:00+00:00,23.706,7.656,34.312622,9.606565
2023-12-16 08:00:00+00:00,24.006,9.2560005,32.96036,9.952709
2023-12-17 08:00:00+00:00,21.106,8.606,42.987778,7.4306297
2023-12-18 08:00:00+00:00,20.906,11.606,49.74054,6.5406127
2023-12-19 08:00:00+00:00,20.506,12.356,70.38567,7.74946
2023-12-20 08:00:00+00:00,20.206,13.206,81.61381,14.956149
2023-12-21 08:00:00+00:00,21.456,12.7560005,76.55467,14.768542
2023-12-22 08:00:00+00:00,16.456,11.806,86.90511,15.96946
2023-12-23 08:00:00+00:00,17.706,11.406,86.0296,11.948463
2023-12-24 08:00:00+00:00,16.856,10.406,86.27816,9.978444
2023-12-25 08:00:00+00:00,17.706,8.106,84.18412,9.183426
2023-12-26 08:00:00+00:00,18.206,9.056,83.75512,7.729679
2023-12-27 08:00:00+00:00,17.306,9.856,86.91975,8.190237
2023-12-28 08:00:00+00:00,16.756,10.556,88.03958,8.6059065
2023-12-29 08:00:00+00:00,16.756,9.856,87.01324,7.5355487
2023-12-30 08:00:00+00:00,16.756,10.706,86.89978,9.9751005
2023-12-31 08:00:00+00:00,15.906,11.206,88.320366,8.100896
2024-01-01 08:00:00+00:00,17.506,7.9560003,76.01825,9.879699
2024-01-02 08:00:00+00:00,17.456,7.406,80.90714,8.386462
2024-01-03 08:00:00+00:00,15.306,9.556,84.30729,13.333268
2024-01-04 08:00:00+00:00,15.056,6.4560003,78.46505,9.362619
2024-01-05 08:00:00+00:00,17.356,5.406,71.68493,8.755107
2024-01-06 08:00:00+00:00,17.906,5.406,69.87916,10.70033
2024-01-07 08:00:00+00:00,14.706,7.856,59.417492,25.349981
2024-01-08 08:00:00+00:00,14.156,2.9559999,57.448338,9.577945
2024-01-09 08:00:00+00:00,15.906,3.5059998,55.483765,8.813581
2024-01-10 08:00:00+00:00,16.006,5.556,70.65962,14.936637
2024-01-11 08:00:00+00:00,15.306,7.106,63.20314,22.030493
2024-01-12 08:00:00+00:00,16.706,4.106,64.04848,9.569419
2024-01-13 08:00:00+00:00,16.706,5.9560003,64.29169,8.331312
2024-01-14 08:00:00+00:00,16.056,7.256,78.45688,9.961381
2024-01-15 08:00:00+00:00,17.106,6.606,82.02529,8.764922
2024-01-16 08:00:00+00:00,17.206,7.506,82.1746,7.9427733
2024-01-17 08:00:00+00:00,16.606,10.5060005,83.35992,5.68761
2024-01-18 08:00:00+00:00,18.506,8.706,79.30826,7.6831956
2024-01-19 08:00:00+00:00,17.756,9.706,73.22199,7.1571794
2024-01-20 08:00:00+00:00,16.906,10.5060005,85.745155,12.08265
2024-01-21 08:00:00+00:00,17.056,13.206,90.51855,12.583581
2024-01-22 08:00:00+00:00,16.556,13.456,90.3597,15.120739
2024-01-23 08:00:00+00:00,16.806,11.806,90.56335,7.5492244
2024-01-24 08:00:00+00:00,16.256,10.2560005,87.71573,8.998775
2024-01-25 08:00:00+00:00,16.556,11.056,91.35245,8.4619465
2024-01-26 08:00:00+00:00,18.556,8.406,83.73698,8.027153
2024-01-27 08:00:00+00:00,20.356,7.856,62.80296,7.7577405
2024-01-28 08:00:00+00:00,22.756,9.106,61.22035,8.257077
2024-01-29 08:00:00+00:00,21.656,7.856,71.01461,8.535289
2024-01-30 08:00:00+00:00,19.906,8.006,71.16334,7.8317165
2024-01-31 08:00:00+00:00,17.556,9.606,78.24398,10.838375
2024-02-01 08:00:00+00:00,15.556,10.106,85.22736,19.19944
2024-02-02 08:00:00+00:00,15.556,9.206,81.536964,9.993151
2024-02-03 08:00:00+00:00,15.306,9.556,72.41331,8.185357
2024-02-04 08:00:00+00:00,16.856,9.456,73.74326,19.512415
2024-02-05 08:00:00+00:00,15.556,12.856,81.43411,18.921906
2024-02-06 08:00:00+00:00,14.356,9.106,85.555244,15.847236
2024-02-07 08:00:00+00:00,14.606,8.306,79.041985,13.557363
2024-02-08 08:00:00+00:00,14.106,9.856,70.77854,17.376497
2024-02-09 08:00:00+00:00,13.406,8.806,84.19843,9.64211
2024-02-10 08:00:00+00:00,15.156,7.556,75.393555,11.373668
2024-02-11 08:00:00+00:00,17.156,5.356,67.91774,9.268233
2024-02-12 08:00:00+00:00,16.606,4.756,72.806656,10.311033
2024-02-13 08:00:00+00:00,16.456,5.606,77.55746,8.388886
2024-02-14 08:00:00+00:00,15.656,7.2060003,81.86972,9.906781
2024-02-15 08:00:00+00:00,16.606,7.906,85.0666,11.168635
2024-02-16 08:00:00+00:00,16.756,9.206,87.6464,9.006829
2024-02-17 08:00:00+00:00,16.105999,9.706,87.51742,7.9967475
2024-02-18 08:00:00+00:00,18.006,8.606,81.65611,8.66945
2024-02-19 08:00:00+00:00,17.106,10.956,83.944695,12.383317
2024-02-20 08:00:00+00:00,16.306,14.206,84.33458,11.246148
2024-02-21 08:00:00+00:00,16.306,11.056,87.67044,10.613141
2024-02-22 08:00:00+00:00,16.856,9.406,87.69141,9.583102
2024-02-23 08:00:00+00:00,20.756,8.5060005,76.36851,8.065064
2024-02-24 08:00:00+00:00,19.956,11.206,75.42197,6.823645
2024-02-25 08:00:00+00:00,17.256,11.306,83.15972,6.528605
2024-02-26 08:00:00+00:00,17.256,11.606,90.95527,7.5876637
2024-02-27 08:00:00+00:00,18.206,11.206,82.79099,8.884243
2024-02-28 08:00:00+00:00,17.556,9.906,88.01171,8.669456
2024-02-29 08:00:00+00:00,16.756,11.5060005,86.673744,9.493011
2024-03-01 08:00:00+00:00,17.706,10.906,75.43219,8.462174
2024-03-02 08:00:00+00:00,17.506,12.906,82.08084,18.256876
2024-03-03 08:00:00+00:00,16.656,12.206,76.522285,17.18733
2024-03-04 08:00:00+00:00,16.256,11.0060005,72.674095,12.406703
2024-03-05 08:00:00+00:00,16.706,9.206,78.72493,8.144811
2024-03-06 08:00:00+00:00,17.006,10.356,82.38284,12.236348
2024-03-07 08:00:00+00:00,16.256,10.7560005,83.46451,11.096946
2024-03-08 08:00:00+00:00,17.106,9.806,82.433914,10.715958
2024-03-09 08:00:00+00:00,19.406,8.356,83.706566,8.759057
2024-03-10 08:00:00+00:00,17.906,7.906,82.44256,9.290921
2024-03-11 08:00:00+00:00,16.406,10.656,82.32691,10.127171
2024-03-12 08:00:00+00:00,16.456,11.5060005,79.43503,7.207441
2024-03-13 08:00:00+00:00,17.506,11.606,81.15092,10.899697
2024-03-14 08:00:00+00:00,17.706,8.356,72.126915,10.224408
2024-03-15 08:00:00+00:00,16.105999,7.356,72.64656,11.460038
2024-03-16 08:00:00+00:00,17.606,7.906,77.002464,9.965412
2024-03-17 08:00:00+00:00,17.506,8.706,79.54159,10.380105
2024-03-18 08:00:00+00:00,20.456,8.456,72.02531,8.261113
2024-03-19 08:00:00+00:00,20.006,8.7560005,74.36454,9.122703
2024-03-20 08:00:00+00:00,18.806,12.406,82.69953,7.979159
2024-03-21 08:00:00+00:00,19.606,10.606,81.85389,8.047633
2024-03-22 08:00:00+00:00,19.256,11.206,81.14553,8.152026
2024-03-23 08:00:00+00:00,17.906,10.856,75.16567,16.405323
2024-03-24 08:00:00+00:00,15.906,9.556,74.05449,24.334223
2024-03-25 08:00:00+00:00,16.656,6.856,79.039696,12.406739
2024-03-26 08:00:00+00:00,16.606,10.456,77.93086,11.898903
2024-03-27 08:00:00+00:00,17.356,8.456,83.119804,8.651986
2024-03-28 08:00:00+00:00,17.356,9.356,83.183014,11.794435
2024-03-29 08:00:00+00:00,16.306,9.906,74.012054,9.850704
2024-03-30 08:00:00+00:00,14.356,10.206,79.29807,18.27242
2024-03-31 08:00:00+00:00,16.006,10.356,78.50614,20.28375
2024-04-01 08:00:00+00:00,16.506,8.456,82.21519,10.155181
2024-04-02 08:00:00+00:00,18.706,8.2560005,80.72019,8.413438
2024-04-03 08:00:00+00:00,19.306,9.5060005,83.27265,8.654807
2024-04-04 08:00:00+00:00,17.106,12.406,78.53126,11.913078
2024-04-05 08:00:00+00:00,13.706,10.306,63.89383,19.594662
2024-04-06 08:00:00+00:00,15.656,7.856,69.77236,10.8061905
2024-04-07 08:00:00+00:00,16.306,6.556,76.00312,9.554633
2024-04-08 08:00:00+00:00,17.056,9.156,75.21905,11.887895
2024-04-09 08:00:00+00:00,22.556,8.406,64.49536,10.147607
2024-04-10 08:00:00+00:00,22.506,10.2560005,61.86897,8.204685
2024-04-11 08:00:00+00:00,21.006,10.206,80.33434,8.551985
2024-04-12 08:00:00+00:00,17.456,12.806,80.26869,14.084633
2024-04-13 08:00:00+00:00,18.806,12.606,68.77749,16.890306
2024-04-14 08:00:00+00:00,16.806,8.856,69.59771,10.562049
2024-04-15 08:00:00+00:00,19.156,10.456,72.16122,10.375453
2024-04-16 08:00:00+00:00,21.106,9.856,72.99844,9.688405
2024-04-17 08:00:00+00:00,21.656,10.606,74.52286,8.899198
2024-04-18 08:00:00+00:00,20.356,12.206,79.32985,8.638333
2024-04-19 08:00:00+00:00,19.256,12.956,73.95754,8.065161
2024-04-20 08:00:00+00:00,19.706,13.2560005,74.15323,9.205169
2024-04-21 08:00:00+00:00,19.406,11.706,81.395584,8.709188
2024-04-22 08:00:00+00:00,18.906,14.406,81.03417,8.417329
2024-04-23 08:00:00+00:00,17.856,14.106,75.058815,10.115437
2024-04-24 08:00:00+00:00,18.956,13.0060005,67.25069,11.991176
2024-04-25 08:00:00+00:00,18.706,14.106,68.78155,13.737321
2024-04-26 08:00:00+00:00,17.756,13.906,71.36098,16.580263
2024-04-27 08:00:00+00:00,18.706,13.5060005,76.13225,10.135028
2024-04-28 08:00:00+00:00,19.656,11.0060005,77.65766,9.066958
2024-04-29 08:00:00+00:00,20.356,11.406,81.8673,8.924289
2024-04-30 08:00:00+00:00,19.856,12.106,82.70536,10.182668
2024-05-01 08:00:00+00:00,19.956,12.2560005,76.25009,10.225177
2024-05-02 08:00:00+00:00,20.106,12.406,75.5583,9.499896
2024-05-03 08:00:00+00:00,20.156,13.556,74.441124,9.894345
2024-05-04 08:00:00+00:00,19.406,13.806,73.06893,11.446117
2024-05-05 08:00:00+00:00,17.106,12.406,63.921337,17.553904
2024-05-06 08:00:00+00:00,20.106,9.7560005,63.0442,11.911041
2024-05-07 08:00:00+00:00,19.806,11.106,73.515205,12.170644
2024-05-08 08:00:00+00:00,19.806,13.156,73.613335,13.804557
2024-05-09 08:00:00+00:00,20.306,12.5060005,73.20342,10.738366
2024-05-10 08:00:00+00:00,20.156,12.306,75.38173,9.746775
2024-05-11 08:00:00+00:00,20.156,14.956,75.36793,11.177468
2024-05-12 08:00:00+00:00,21.156,14.206,75.99792,8.114605
2024-05-13 08:00:00+00:00,19.706,14.556,77.6108,8.70515
2024-05-14 08:00:00+00:00,19.206,13.956,72.144905,8.302572
2024-05-15 08:00:00+00:00,19.156,14.456,70.71261,8.097086
2024-05-16 08:00:00+00:00,20.306,14.406,70.18117,10.241872
2024-05-17 08:00:00+00:00,20.056,14.7560005,74.3328,9.37346
2024-05-18 08:00:00+00:00,20.506,14.106,72.09914,10.350878
2024-05-19 08:00:00+00:00,19.356,14.156,71.38463,9.348971
2024-05-20 08:00:00+00:00,19.006,14.206,70.21349,9.461563
2024-05-21 08:00:00+00:00,20.106,14.0060005,67.21147,9.605191
2024-05-22 08:00:00+00:00,19.656,11.656,72.1961,9.793169
2024-05-23 08:00:00+00:00,19.656,14.5060005,69.89169,11.27475
2024-05-24 08:00:00+00:00,19.456,14.656,72.379395,9.805848
2024-05-25 08:00:00+00:00,19.206,14.7560005,67.075584,9.514482
2024-05-26 08:00:00+00:00,18.906,13.706,70.82732,10.396522
2024-05-27 08:00:00+00:00,20.106,14.106,77.09163,9.889943
2024-05-28 08:00:00+00:00,20.006,13.706,76.24846,8.550013
2024-05-29 08:00:00+00:00,19.856,14.056,73.986084,9.606383
2024-05-30 08:00:00+00:00,20.206,14.0060005,78.55532,11.570294
2024-05-31 08:00:00+00:00,20.406,14.5060005,74.44077,9.859092
2024-06-01 08:00:00+00:00,20.206,13.2560005,75.48876,8.759507
2024-06-02 08:00:00+00:00,19.706,14.906,73.45459,11.679671
2024-06-03 08:00:00+00:00,20.456,14.956,72.48289,11.065654
2024-06-04 08:00:00+00:00,20.956,13.956,77.05663,11.492669
2024-06-05 08:00:00+00:00,20.956,14.456,81.12058,8.611888
2024-06-06 08:00:00+00:00,21.656,16.606,81.23764,8.383738
2024-06-07 08:00:00+00:00,21.106,16.105999,78.39527,10.298571
2024-06-08 08:00:00+00:00,21.256,16.306,75.81359,10.48487
2024-06-09 08:00:00+00:00,20.806,16.056,72.25453,8.884362
2024-06-10 08:00:00+00:00,21.456,14.156,73.849434,9.258188
2024-06-11 08:00:00+00:00,21.106,16.306,77.2835,8.459115
2024-06-12 08:00:00+00:00,22.456,15.7560005,75.14158,9.450539
2024-06-13 08:00:00+00:00,21.206,15.7560005,76.50124,9.896808
2024-06-14 08:00:00+00:00,22.206,14.5060005,75.761086,10.413222
2024-06-15 08:00:00+00:00,24.556,14.306,76.875916,8.170442
2024-06-16 08:00:00+00:00,21.706,15.556,77.743004,15.457004
2024-06-17 08:00:00+00:00,21.756,14.356,74.0944,13.152806
2024-06-18 08:00:00+00:00,21.606,15.706,73.06182,13.282253
2024-06-19 08:00:00+00:00,21.656,14.406,76.45583,10.321987
2024-06-20 08:00:00+00:00,22.656,15.5060005,78.31841,10.046058
2024-06-21 08:00:00+00:00,22.706,16.606,76.43281,9.2672415
2024-06-22 08:00:00+00:00,24.206,16.006,76.40804,8.219672
2024-06-23 08:00:00+00:00,26.456,19.506,72.36878,8.429976
2024-06-24 08:00:00+00:00,25.706,18.406,70.60279,8.928054
2024-06-25 08:00:00+00:00,24.306,18.256,75.19761,8.919982
2024-06-26 08:00:00+00:00,23.306,18.206,76.81628,9.184494
2024-06-27 08:00:00+00:00,23.356,17.606,75.13407,10.0574255
2024-06-28 08:00:00+00:00,22.556,16.906,76.87919,10.133165
2024-06-29 08:00:00+00:00,23.956,14.7560005,76.42748,10.79864
2024-06-30 08:00:00+00:00,24.856,18.056,78.66698,9.809871
2024-07-01 08:00:00+00:00,23.706,16.206,79.330315,10.994999
2024-07-02 08:00:00+00:00,24.156,16.306,77.01832,8.924691
2024-07-03 08:00:00+00:00,24.406,18.406,80.63555,8.64453
2024-07-04 08:00:00+00:00,24.906,18.906,78.31305,10.435792
2024-07-05 08:00:00+00:00,24.406,17.956,79.76269,8.922018
2024-07-06 08:00:00+00:00,24.306,17.956,80.63557,11.877537
2024-07-07 08:00:00+00:00,23.656,16.906,81.47536,8.309739
2024-07-08 08:00:00+00:00,24.606,18.906,79.99669,8.644172
2024-07-09 08:00:00+00:00,24.206,18.156,79.0987,7.648546
2024-07-10 08:00:00+00:00,24.706,18.156,82.68369,9.091993
2024-07-11 08:00:00+00:00,24.506,18.506,83.149864,9.002196
2024-07-12 08:00:00+00:00,23.356,18.556,79.87117,9.77668
2024-07-13 08:00:00+00:00,24.006,18.706,77.90064,9.657012
2024-07-14 08:00:00+00:00,24.056,18.956,78.35348,9.536122
2024-07-15 08:00:00+00:00,24.456,19.356,77.416374,11.616057
2024-07-16 08:00:00+00:00,23.806,19.006,75.884476,9.891128
2024-07-17 08:00:00+00:00,24.206,19.206,77.52385,8.122728
2024-07-18 08:00:00+00:00,23.806,18.506,79.02319,9.373531
2024-07-19 08:00:00+00:00,24.956,18.706,79.021126,9.445532
2024-07-20 08:00:00+00:00,27.406,18.456,74.88749,10.012599
2024-07-21 08:00:00+00:00,24.806,18.556,78.55547,9.9663315
2024-07-22 08:00:00+00:00,24.806,17.956,82.002625,9.072205
2024-07-23 08:00:00+00:00,25.606,19.456,79.40642,9.231471
2024-07-24 08:00:00+00:00,26.856,19.756,74.598526,10.244909
2024-07-25 08:00:00+00:00,27.406,19.956,74.466545,10.127226
2024-07-26 08:00:00+00:00,26.806,19.906,77.256386,9.530258
2024-07-27 08:00:00+00:00,25.106,17.956,78.08654,8.1208105
2024-07-28 08:00:00+00:00,24.106,17.356,77.59639,10.528976
2024-07-29 08:00:00+00:00,24.256,17.456,75.27531,11.117294
2024-07-30 08:00:00+00:00,24.306,16.706,77.57722,7.8071637
2024-07-31 08:00:00+00:00,24.256,15.856,77.989525,8.516821
2024-08-01 08:00:00+00:00,24.506,18.206,80.76081,9.683707
2024-08-02 08:00:00+00:00,26.956,18.106,73.97671,10.161946
2024-08-03 08:00:00+00:00,26.756,18.806,76.69904,10.752335
2024-08-04 08:00:00+00:00,26.456,18.556,78.54438,10.043613
2024-08-05 08:00:00+00:00,25.806,19.106,81.12423,9.240222
2024-08-06 08:00:00+00:00,26.056,18.156,83.485306,8.79126
2024-08-07 08:00:00+00:00,25.106,18.056,82.07545,9.524011
2024-08-08 08:00:00+00:00,24.556,17.656,80.87226,8.764835
2024-08-09 08:00:00+00:00,24.706,18.006,79.1684,8.036592
2024-08-10 08:00:00+00:00,25.706,19.056,77.36679,7.612755
2024-08-11 08:00:00+00:00,26.456,19.956,74.98553,8.468051
2024-08-12 08:00:00+00:00,26.806,20.206,78.425415,8.313455
2024-08-13 08:00:00+00:00,26.406,19.656,80.29562,7.6482415
2024-08-14 08:00:00+00:00,25.806,18.706,77.96143,8.591241
2024-08-15 08:00:00+00:00,27.606,17.606,79.85871,8.459722
2024-08-16 08:00:00+00:00,25.506,18.506,80.99433,10.272823
2024-08-17 08:00:00+00:00,24.206,18.806,77.87095,9.861714
2024-08-18 08:00:00+00:00,25.006,16.806,78.14464,8.373923
2024-08-19 08:00:00+00:00,27.156,18.656,77.40005,11.233414
2024-08-20 08:00:00+00:00,29.156,18.306,70.55311,9.779403
2024-08-21 08:00:00+00:00,26.556,19.156,78.971504,10.222651
2024-08-22 08:00:00+00:00,24.806,18.156,79.616936,9.948329
2024-08-23 08:00:00+00:00,24.406,18.506,73.39816,8.509114
2024-08-24 08:00:00+00:00,24.156,17.606,74.61795,7.8842087
2024-08-25 08:00:00+00:00,26.106,15.956,70.38033,10.056879
2024-08-26 08:00:00+00:00,26.506,16.906,75.62682,9.194312
2024-08-27 08:00:00+00:00,25.106,18.506,79.79166,7.1271343
2024-08-28 08:00:00+00:00,23.906,18.306,77.478035,7.6937175
2024-08-29 08:00:00+00:00,24.256,18.206,77.328545,9.009545
2024-08-30 08:00:00+00:00,24.056,17.056,77.70021,9.345357
2024-08-31 08:00:00+00:00,24.656,17.606,79.35231,8.813558
2024-09-01 08:00:00+00:00,24.456,18.906,82.98295,8.57403
2024-09-02 08:00:00+00:00,24.806,17.406,82.65087,8.038892
2024-09-03 08:00:00+00:00,26.806,18.756,78.3805,7.6448827
2024-09-04 08:00:00+00:00,29.756,18.906,75.6076,9.715549
2024-09-05 08:00:00+00:00,32.906,19.206,67.43192,8.069722
2024-09-06 08:00:00+00:00,29.706,20.856,68.43777,8.620225
2024-09-07 08:00:00+00:00,31.406,20.956,64.81642,7.962534
2024-09-08 08:00:00+00:00,34.406,21.256,55.552532,10.10867
2024-09-09 08:00:00+00:00,30.706,20.756,64.84172,8.298739
2024-09-10 08:00:00+00:00,28.256,20.656,69.46951,12.715039
2024-09-11 08:00:00+00:00,23.206,18.106,77.221245,9.454785
2024-09-12 08:00:00+00:00,23.306,16.306,73.908714,12.458602
2024-09-13 08:00:00+00:00,23.606,18.056,69.58926,11.93153
2024-09-14 08:00:00+00:00,24.006,16.105999,73.02425,9.736803
2024-09-15 08:00:00+00:00,21.556,16.456,75.88992,10.18068
2024-09-16 08:00:00+00:00,22.556,17.206,66.82641,14.83173
2024-09-17 08:00:00+00:00,22.106,14.806,66.68908,9.080281
2024-09-18 08:00:00+00:00,23.156,15.206,70.44445,9.897591
2024-09-19 08:00:00+00:00,22.756,18.006,68.656555,9.831517
2024-09-20 08:00:00+00:00,22.006,16.756,77.03344,8.583582
2024-09-21 08:00:00+00:00,23.006,17.506,77.96031,8.509746
2024-09-22 08:00:00+00:00,23.756,16.856,79.84113,10.595087
2024-09-23 08:00:00+00:00,24.956,17.506,81.24038,9.972437
2024-09-24 08:00:00+00:00,24.206,18.056,81.06422,10.067339
2024-09-25 08:00:00+00:00,22.406,17.306,79.261375,12.397049
2024-09-26 08:00:00+00:00,23.356,16.406,80.59069,11.821359
2024-09-27 08:00:00+00:00,23.206,16.206,82.31814,10.531167
2024-09-28 08:00:00+00:00,22.706,15.456,80.81634,10.137638
2024-09-29 08:00:00+00:00,24.156,14.206,81.68886,11.106133
2024-09-30 08:00:00+00:00,23.656,14.556,81.44949,7.2904453
2024-10-01 08:00:00+00:00,26.856,16.206,80.152214,9.001075
2024-10-02 08:00:00+00:00,26.206,16.105999,78.26334,7.6900363
2024-10-03 08:00:00+00:00,24.506,16.356,83.8249,6.9166913
2024-10-04 08:00:00+00:00,23.456,16.156,85.486916,6.9266906
2024-10-05 08:00:00+00:00,24.106,16.456,84.97614,7.3985925
2024-10-06 08:00:00+00:00,24.706,17.356,83.47027,9.699288
2024-10-07 08:00:00+00:00,26.856,15.356,80.11901,9.215833
2024-10-08 08:00:00+00:00,24.306,14.456,82.66811,7.4302773
2024-10-09 08:00:00+00:00,22.906,15.556,84.49958,6.9350095
2024-10-10 08:00:00+00:00,24.206,14.456,80.89643,8.975007
2024-10-11 08:00:00+00:00,26.456,13.906,69.79465,9.746032
2024-10-12 08:00:00+00:00,24.356,13.056,81.78962,9.694091
2024-10-13 08:00:00+00:00,22.106,14.456,80.507904,6.9110484
2024-10-14 08:00:00+00:00,21.556,14.556,84.27044,6.7396483
2024-10-15 08:00:00+00:00,21.806,15.906,77.05779,6.699123
2024-10-16 08:00:00+00:00,21.256,14.656,79.72289,8.1692915
2024-10-17 08:00:00+00:00,21.556,15.806,79.67772,9.960555
2024-10-18 08:00:00+00:00,21.906,14.806,68.50639,9.359935
2024-10-19 08:00:00+00:00,24.756,11.406,43.831055,9.480598
2024-10-20 08:00:00+00:00,28.256,12.5060005,41.76362,11.241387
2024-10-21 08:00:00+00:00,26.806,12.306,47.95776,9.670221
2024-10-22 08:00:00+00:00,24.806,15.206,56.770245,6.87216
2024-10-23 08:00:00+00:00,25.056,14.206,60.37022,6.033512
2024-10-24 08:00:00+00:00,24.806,14.2560005,69.60136,7.249056
2024-10-25 08:00:00+00:00,22.256,13.456,82.625656,6.964604
2024-10-26 08:00:00+00:00,24.006,13.356,71.45442,8.065488
2024-10-27 08:00:00+00:00,23.656,12.406,73.73072,6.8087125
2024-10-28 08:00:00+00:00,21.256,15.7560005,81.284386,11.740253
2024-10-29 08:00:00+00:00,19.756,13.156,68.17788,13.43798
2024-10-30 08:00:00+00:00,21.806,9.906,71.07258,9.623611
2024-10-31 08:00:00+00:00,20.856,9.806,69.61576,9.089904
2024-11-01 08:00:00+00:00,20.056,9.556,73.22318,8.326186
2024-11-02 08:00:00+00:00,19.606,11.556,78.320694,10.507842
2024-11-03 08:00:00+00:00,19.606,11.656,72.19567,11.52822
2024-11-04 08:00:00+00:00,21.856,9.106,58.354206,8.66277
2024-11-05 08:00:00+00:00,22.356,8.606,55.32364,8.804463
2024-11-06 08:00:00+00:00,24.656,10.0060005,28.750402,9.499896
2024-11-07 08:00:00+00:00,23.256,9.456,23.370062,8.796224
2024-11-08 08:00:00+00:00,22.056,7.906,26.095886,10.672427
2024-11-09 08:00:00+00:00,22.156,7.406,37.721256,9.155688
2024-11-10 08:00:00+00:00,21.756,10.7560005,54.04222,6.5803084
2024-11-11 08:00:00+00:00,20.356,10.5060005,63.58678,7.7596188
2024-11-12 08:00:00+00:00,19.406,13.306,71.82769,5.8035245
2024-11-13 08:00:00+00:00,22.506,9.7560005,43.38397,5.157655
2024-11-14 08:00:00+00:00,20.506,9.5060005,60.23469,4.609927
2024-11-15 08:00:00+00:00,16.956,13.556,63.66362,14.991376
2024-11-16 08:00:00+00:00,16.556,9.056,66.89125,6.2896385
2024-11-17 08:00:00+00:00,18.556,7.256,59.499756,5.21925
2024-11-18 08:00:00+00:00,17.956,9.5060005,68.29455,9.102479
2024-11-19 08:00:00+00:00,19.056,9.156,72.1024,6.0008016
2024-11-20 08:00:00+00:00,20.406,6.9560003,46.834515,4.9891315
2024-11-21 08:00:00+00:00,22.106,6.9560003,47.90415,5.4359226
2024-11-22 08:00:00+00:00,19.406,6.7060003,68.78068,4.6504903
2024-11-23 08:00:00+00:00,17.356,8.906,77.346596,4.1893277
2024-11-24 08:00:00+00:00,18.506,12.656,77.99049,5.2541275
2024-11-25 08:00:00+00:00,22.806,10.606,63.113144,6.3349175
2024-11-26 08:00:00+00:00,20.556,11.306,66.17419,5.359253
2024-11-27 08:00:00+00:00,19.906,14.356,83.24438,5.8155503
2024-11-28 08:00:00+00:00,20.456,13.156,81.97718,5.044732
2024-11-29 08:00:00+00:00,21.356,11.806,41.90375,3.889157
2024-11-30 08:00:00+00:00,22.356,10.2560005,42.22192,3.8628557
2024-12-01 08:00:00+00:00,20.806,11.706,55.739773,3.2341394
2024-12-02 08:00:00+00:00,19.656,9.2560005,61.21594,4.0782824
2024-12-03 08:00:00+00:00,18.456,9.656,76.91063,3.8180234
2024-12-04 08:00:00+00:00,18.056,11.356,82.77499,3.3948927
2024-12-05 08:00:00+00:00,17.806,8.356,83.370026,3.7048006
2024-12-06 08:00:00+00:00,20.406,7.406,60.38434,4.3841624
2024-12-07 08:00:00+00:00,23.806,9.456,40.868458,3.6452458
2024-12-08 08:00:00+00:00,19.006,9.456,59.398834,3.7268512
2024-12-09 08:00:00+00:00,17.306,9.806,76.202225,4.3812337
2024-12-10 08:00:00+00:00,21.806,10.106,29.019524,5.8903384
2024-12-11 08:00:00+00:00,20.956,8.356,24.085052,5.1781535
2024-12-12 08:00:00+00:00,16.356,8.456,59.75858,6.091509
2024-12-13 08:00:00+00:00,17.006,10.406,78.01154,5.6491437
2024-12-14 08:00:00+00:00,18.556,9.356,74.2127,5.426655
2024-12-15 08:00:00+00:00,17.706,9.056,75.9526,6.2555923
2024-12-16 08:00:00+00:00,18.556,7.406,63.75775,5.5187035
2024-12-17 08:00:00+00:00,19.006,7.306,64.10409,3.7260153
2024-12-18 08:00:00+00:00,21.656,10.706,57.11318,4.029999
2024-12-19 08:00:00+00:00,18.806,8.056,67.371376,3.1205492
2024-12-20 08:00:00+00:00,17.556,7.606,70.39172,3.102925
2024-12-21 08:00:00+00:00,16.806,8.556,79.67179,6.539208
2024-12-22 08:00:00+00:00,17.556,7.756,84.12696,4.4319806
2024-12-23 08:00:00+00:00,18.356,11.456,84.150116,3.9664786
2024-12-24 08:00:00+00:00,17.056,10.906,91.68948,6.2846446
2024-12-25 08:00:00+00:00,16.506,10.556,80.92808,6.074553
2024-12-26 08:00:00+00:00,17.506,8.006,75.28713,4.238491
2024-12-27 08:00:00+00:00,15.7560005,7.556,81.55959,3.3849735
2024-12-28 08:00:00+00:00,18.006,11.806,87.18143,3.313263
2024-12-29 08:00:00+00:00,16.906,9.406,89.70866,4.311806
2024-12-30 08:00:00+00:00,17.356,8.856,84.066696,3.162506
2024-12-31 08:00:00+00:00,14.906,8.206,88.85074,3.600463
2025-01-01 08:00:00+00:00,16.706,7.256,75.4571,3.8686001
2025-01-02 08:00:00+00:00,21.356,6.2060003,55.121582,3.3820593
2025-01-03 08:00:00+00:00,18.406,9.5060005,60.970703,4.234409
2025-01-04 08:00:00+00:00,17.156,8.006,79.16905,5.50705
2025-01-05 08:00:00+00:00,20.756,7.806,52.034405,4.508068
2025-01-06 08:00:00+00:00,19.706,9.5060005,47.775234,5.644303
2025-01-07 08:00:00+00:00,18.406,12.056,51.310947,10.584546
2025-01-08 08:00:00+00:00,22.206,12.7560005,21.282465,10.74561
2025-01-09 08:00:00+00:00,20.406,7.856,35.841206,6.2427325
2025-01-10 08:00:00+00:00,21.456,11.806,24.28414,9.353533
2025-01-11 08:00:00+00:00,17.806,7.856,48.180645,4.7052007
2025-01-12 08:00:00+00:00,17.956,7.056,34.22061,5.7057343
2025-01-13 08:00:00+00:00,18.806,7.156,27.889055,5.9865756
2025-01-14 08:00:00+00:00,20.406,4.756,19.611261,6.5718703
2025-01-15 08:00:00+00:00,20.006,6.4560003,35.693874,4.3484764
2025-01-16 08:00:00+00:00,15.906,5.556,54.785995,5.854242
2025-01-17 08:00:00+00:00,15.406,8.5060005,72.66095,6.0090737
2025-01-18 08:00:00+00:00,15.806,7.356,74.78054,4.706508
2025-01-19 08:00:00+00:00,14.606,5.906,80.4873,4.5130763
2025-01-20 08:00:00+00:00,19.806,9.106,50.918365,6.3734527
2025-01-21 08:00:00+00:00,21.856,10.106,9.607829,8.220369
2025-01-22 08:00:00+00:00,20.006,8.456,30.281874,5.090323
2025-01-23 08:00:00+00:00,23.906,11.806,9.394765,8.442588
2025-01-24 08:00:00+00:00,20.706,8.406,19.19555,6.3916435
2025-01-25 08:00:00+00:00,15.706,7.406,57.209656,12.235943
2025-01-26 08:00:00+00:00,13.856,10.106,83.71467,9.229384
2025-01-27 08:00:00+00:00,13.406,7.7060003,80.471794,6.335543
2025-01-28 08:00:00+00:00,14.556,5.256,78.23109,5.9180512
2025-01-29 08:00:00+00:00,15.0060005,9.056,80.62041,5.6059513
2025-01-30 08:00:00+00:00,14.5060005,8.606,79.0316,5.7173862
2025-01-31 08:00:00+00:00,16.206,5.356,78.06145,6.839803
2025-02-01 08:00:00+00:00,18.656,7.606,75.88425,5.3917794
2025-02-02 08:00:00+00:00,20.756,10.156,69.654724,5.8296456
2025-02-03 08:00:00+00:00,17.856,9.606,84.7492,5.877609
2025-02-04 08:00:00+00:00,16.506,10.7560005,83.76249,5.119172
2025-02-05 08:00:00+00:00,20.506,10.0060005,75.238914,5.856779
2025-02-06 08:00:00+00:00,18.806,12.206,84.48851,7.3341546
2025-02-07 08:00:00+00:00,17.406,12.856,86.954155,8.835937
2025-02-08 08:00:00+00:00,17.806,10.056,79.205956,5.8833385
2025-02-09 08:00:00+00:00,19.606,9.2560005,77.904655,4.825569
2025-02-10 08:00:00+00:00,15.706,9.606,73.75048,5.8614793
2025-02-11 08:00:00+00:00,14.706,10.0060005,60.843704,10.521915
2025-02-12 08:00:00+00:00,13.706,11.856,80.33033,11.119624
2025-02-13 08:00:00+00:00,15.456,13.456,92.26673,17.823015
2025-02-14 08:00:00+00:00,15.956,11.356,87.53591,12.102853
2025-02-15 08:00:00+00:00,16.906,8.5060005,84.40324,5.963501
2025-02-16 08:00:00+00:00,19.856,8.2560005,77.51449,4.2191834
2025-02-17 08:00:00+00:00,17.056,9.106,83.53514,5.3815665
2025-02-18 08:00:00+00:00,16.656,11.2560005,81.20873,6.689368
2025-02-19 08:00:00+00:00,19.156,8.7560005,78.43582,4.063849
2025-02-20 08:00:00+00:00,20.406,9.456,73.718544,4.539655
2025-02-21 08:00:00+00:00,19.906,11.406,81.45733,3.8658016
2025-02-22 08:00:00+00:00,22.256,9.456,68.365166,4.3158717
2025-02-23 08:00:00+00:00,23.156,9.206,59.369522,4.627052
2025-02-24 08:00:00+00:00,21.706,9.656,63.110264,4.8256826
2025-02-25 08:00:00+00:00,21.406,10.0060005,74.12524,4.1464963
2025-02-26 08:00:00+00:00,21.506,9.906,68.40372,4.4047675
2025-02-27 08:00:00+00:00,29.506,10.656,37.69922,5.476958
2025-02-28 08:00:00+00:00,20.106,12.5060005,68.61698,6.3936806
2025-03-01 08:00:00+00:00,16.656,11.806,78.840744,6.5180364
2025-03-02 08:00:00+00:00,17.206,12.056,68.606186,11.9211855
2025-03-03 08:00:00+00:00,15.5060005,10.856,61.185978,15.981959
2025-03-04 08:00:00+00:00,18.156,9.706,66.30743,7.402264
2025-03-05 08:00:00+00:00,16.606,9.406,80.781204,5.1641736
2025-03-06 08:00:00+00:00,14.5060005,8.056,74.0227,16.798105
2025-03-07 08:00:00+00:00,14.7560005,7.006,77.11439,7.1868405
2025-03-08 08:00:00+00:00,17.506,7.106,71.64454,5.485594
2025-03-09 08:00:00+00:00,19.806,7.006,64.996346,4.6999993
2025-03-10 08:00:00+00:00,20.006,7.2060003,61.806248,5.656347
2025-03-11 08:00:00+00:00,14.956,10.5060005,78.646355,9.978912
2025-03-12 08:00:00+00:00,16.706,12.456,87.893,13.271089
2025-03-13 08:00:00+00:00,13.206,10.456,77.65978,17.775324
2025-03-14 08:00:00+00:00,13.856,10.806,77.79825,12.681061
2025-03-15 08:00:00+00:00,16.105999,9.856,77.08274,7.222854
2025-03-16 08:00:00+00:00,16.806,7.406,81.064995,4.1046214
2025-03-17 08:00:00+00:00,16.406,9.656,84.66606,7.6354156
2025-03-18 08:00:00+00:00,15.906,10.2560005,70.05416,10.512642
2025-03-19 08:00:00+00:00,21.406,8.306,63.850506,6.61977
2025-03-20 08:00:00+00:00,18.806,7.756,70.66222,4.1602263
2025-03-21 08:00:00+00:00,19.756,8.406,76.99546,4.001529
2025-03-22 08:00:00+00:00,19.706,9.856,77.562614,5.1327906
2025-03-23 08:00:00+00:00,18.306,10.856,83.91554,4.8738956
2025-03-24 08:00:00+00:00,22.306,11.456,83.04799,5.022071
2025-03-25 08:00:00+00:00,20.306,12.5060005,86.05714,5.503712
2025-03-26 08:00:00+00:00,17.056,13.056,81.21409,4.804903
2025-03-27 08:00:00+00:00,18.256,12.7560005,77.952644,6.166672
2025-03-28 08:00:00+00:00,17.906,12.806,77.542694,8.327382
2025-03-29 08:00:00+00:00,18.206,12.156,73.345345,7.797622
2025-03-30 08:00:00+00:00,18.456,10.906,66.95231,5.4071255
2025-03-31 08:00:00+00:00,16.756,13.7560005,85.19483,8.236196
2025-04-01 08:00:00+00:00,15.806,12.706,72.48867,16.293545
2025-04-02 08:00:00+00:00,15.456,11.2560005,61.758648,16.2237
2025-04-03 08:00:00+00:00,16.056,9.206,72.14263,7.398541
2025-04-04 08:00:00+00:00,17.806,8.006,72.17966,5.967928
2025-04-05 08:00:00+00:00,20.956,8.2560005,60.144024,5.791168
2025-04-06 08:00:00+00:00,23.056,9.906,49.443283,6.647742
2025-04-07 08:00:00+00:00,21.306,9.5060005,73.315605,4.8329425
2025-04-08 08:00:00+00:00,20.706,10.056,82.81886,4.1037145
2025-04-09 08:00:00+00:00,20.406,11.7560005,86.914925,4.0501
2025-04-10 08:00:00+00:00,21.306,12.156,82.339584,5.1010265
2025-04-11 08:00:00+00:00,22.006,11.206,80.4441,4.9529104
2025-04-12 08:00:00+00:00,19.456,12.156,84.37307,6.252308
2025-04-13 08:00:00+00:00,18.806,12.7560005,79.988846,5.195133
2025-04-14 08:00:00+00:00,18.356,10.906,77.81405,6.0756717
2025-04-15 08:00:00+00:00,17.606,11.206,75.21087,5.14037
2025-04-16 08:00:00+00:00,18.906,10.2560005,68.038445,6.7546697
2025-04-17 08:00:00+00:00,19.006,12.706,65.70733,7.5379853
2025-04-18 08:00:00+00:00,17.306,12.856,66.78959,7.8321548
2025-04-19 08:00:00+00:00,20.706,10.606,68.63676,7.6866875
2025-04-20 08:00:00+00:00,20.106,11.0060005,77.49585,7.6766257
2025-04-21 08:00:00+00:00,19.056,12.306,79.76682,6.3678393
2025-04-22 08:00:00+00:00,18.156,12.7560005,72.78013,6.3717885
2025-04-23 08:00:00+00:00,18.656,12.406,69.308266,5.725886
2025-04-24 08:00:00+00:00,18.156,12.606,65.3545,6.984694
2025-04-25 08:00:00+00:00,17.956,13.056,63.66632,6.747294
2025-04-26 08:00:00+00:00,16.656,12.106,67.47804,9.581073
2025-04-27 08:00:00+00:00,18.056,11.556,63.837444,8.598803
2025-04-28 08:00:00+00:00,17.956,12.156,74.772224,5.860784
2025-04-29 08:00:00+00:00,20.256,11.606,76.807,5.3527856
2025-04-30 08:00:00+00:00,19.356,13.856,77.849495,5.208687
2025-05-01 08:00:00+00:00,19.256,13.706,72.05589,5.84267
2025-05-02 08:00:00+00:00,19.956,12.706,74.48777,7.175263
2025-05-03 08:00:00+00:00,18.656,14.5060005,77.287125,8.355968
2025-05-04 08:00:00+00:00,16.606,13.0060005,78.23873,11.807212
2025-05-05 08:00:00+00:00,17.556,12.906,80.64892,7.1224213
2025-05-06 08:00:00+00:00,18.056,12.356,81.480415,5.649582
2025-05-07 08:00:00+00:00,20.206,12.806,78.53864,7.408711
2025-05-08 08:00:00+00:00,22.106,13.7560005,77.56107,6.8417754
2025-05-09 08:00:00+00:00,26.106,13.5060005,74.67404,5.9495444
2025-05-10 08:00:00+00:00,29.756,15.2560005,65.40714,6.149473
2025-05-11 08:00:00+00:00,26.406,15.106,72.974846,6.7693563
2025-05-12 08:00:00+00:00,20.556,15.0060005,74.577866,10.037232
2025-05-13 08:00:00+00:00,18.456,14.956,62.481678,11.387032
2025-05-14 08:00:00+00:00,20.106,13.406,67.84614,7.3549476
2025-05-15 08:00:00+00:00,19.956,13.956,74.94988,5.9575562
2025-05-16 08:00:00+00:00,19.406,13.106,74.46049,6.082601
2025-05-17 08:00:00+00:00,16.956,14.606,74.74216,10.036414
2025-05-18 08:00:00+00:00,19.156,14.5060005,77.23589,5.9577374
2025-05-19 08:00:00+00:00,22.456,12.856,77.148125,5.0955396
2025-05-20 08:00:00+00:00,25.206,13.406,75.17198,4.8857036
2025-05-21 08:00:00+00:00,24.756,13.906,78.23762,4.8622475
2025-05-22 08:00:00+00:00,22.256,13.656,80.38534,5.524473
2025-05-23 08:00:00+00:00,20.956,13.556,76.99911,7.3211207
2025-05-24 08:00:00+00:00,19.706,15.606,71.631905,6.635654
2025-05-25 08:00:00+00:00,20.356,13.306,69.73731,6.2389235
2025-05-26 08:00:00+00:00,20.656,12.956,73.046486,5.4571643
2025-05-27 08:00:00+00:00,20.556,14.956,74.65761,6.1682105
2025-05-28 08:00:00+00:00,20.656,15.456,73.46899,6.1854234
2025-05-29 08:00:00+00:00,20.856,16.006,73.43223,6.9816036
2025-05-30 08:00:00+00:00,23.256,16.105999,77.15625,6.926227
2025-05-31 08:00:00+00:00,25.456,16.105999,76.805244,6.1706624
2025-06-01 08:00:00+00:00,23.756,17.856,80.66246,7.2501864
2025-06-02 08:00:00+00:00,21.706,17.106,78.80557,6.4879556
2025-06-03 08:00:00+00:00,21.206,16.706,78.30111,8.587561
2025-06-04 08:00:00+00:00,20.356,16.356,78.2787,7.620676
2025-06-05 08:00:00+00:00,20.156,16.606,78.2233,8.524885
2025-06-06 08:00:00+00:00,21.356,16.856,76.204506,8.0589285
2025-06-07 08:00:00+00:00,21.606,16.956,77.35561,10.011712
2025-06-08 08:00:00+00:00,21.906,16.656,77.224174,9.949741
2025-06-09 08:00:00+00:00,21.506,15.556,78.90515,6.6274924
2025-06-10 08:00:00+00:00,22.206,15.2560005,76.814384,5.367842
2025-06-11 08:00:00+00:00,21.906,14.656,79.05282,5.363237
2025-06-12 08:00:00+00:00,20.656,15.156,79.40522,6.4683414
2025-06-13 08:00:00+00:00,21.256,13.7560005,76.68775,5.9709754
2025-06-14 08:00:00+00:00,22.306,14.206,79.00709,5.5482097
2025-06-15 08:00:00+00:00,25.806,15.106,79.12854,5.2009997
2025-06-16 08:00:00+00:00,25.356,14.706,78.02802,5.085236
2025-06-17 08:00:00+00:00,25.956,15.806,78.43412,5.5150123
2025-06-18 08:00:00+00:00,23.706,15.656,79.58831,6.646078
2025-06-19 08:00:00+00:00,22.756,15.906,77.94957,6.0550103
2025-06-20 08:00:00+00:00,21.756,15.706,74.48412,6.7147574
2025-06-21 08:00:00+00:00,20.556,16.006,67.85624,10.827321
2025-06-22 08:00:00+00:00,22.406,15.356,71.26446,6.242254
2025-06-23 08:00:00+00:00,20.856,15.306,75.85483,7.005593
2025-06-24 08:00:00+00:00,21.906,13.5060005,70.78353,7.0018997
2025-06-25 08:00:00+00:00,21.756,16.606,75.35526,6.1307964
2025-06-26 08:00:00+00:00,22.256,15.306,77.854034,5.244138
2025-06-27 08:00:00+00:00,22.856,15.056,79.13246,5.109175
2025-06-28 08:00:00+00:00,24.006,15.906,79.26763,5.2814374
2025-06-29 08:00:00+00:00,24.356,16.856,77.15455,7.6870914
2025-06-30 08:00:00+00:00,24.256,17.156,77.34855,7.6835685
2025-07-01 08:00:00+00:00,22.806,17.106,78.094406,7.4476113
2025-07-02 08:00:00+00:00,21.806,16.556,75.68344,6.6294446
2025-07-03 08:00:00+00:00,21.956,15.356,76.999626,5.7586455
2025-07-04 08:00:00+00:00,23.856,15.656,75.24555,5.4870925
2025-07-05 08:00:00+00:00,24.306,16.306,79.02277,5.203852
2025-07-06 08:00:00+00:00,23.306,15.356,76.27545,5.520159
2025-07-07 08:00:00+00:00,23.306,15.7560005,75.824135,6.228683
2025-07-08 08:00:00+00:00,24.856,16.956,75.824715,8.852303
2025-07-09 08:00:00+00:00,25.106,17.556,76.09742,7.7051244
2025-07-10 08:00:00+00:00,25.856,18.056,77.36442,5.4940248
2025-07-11 08:00:00+00:00,22.356,17.256,79.64487,6.612162
2025-07-12 08:00:00+00:00,22.656,16.356,76.5982,5.9968867
2025-07-13 08:00:00+00:00,23.106,16.606,77.45712,6.4013305
2025-07-14 08:00:00+00:00,23.156,18.006,78.49652,6.4726434
2025-07-15 08:00:00+00:00,23.106,16.856,75.1165,5.9425416
2025-07-16 08:00:00+00:00,23.506,16.806,74.81521,5.330552
2025-07-17 08:00:00+00:00,24.006,17.406,75.13282,6.0329194
2025-07-18 08:00:00+00:00,23.556,18.556,78.30909,6.6564155
2025-07-19 08:00:00+00:00,23.806,18.356,77.03492,6.6073227
2025-07-20 08:00:00+00:00,22.356,17.506,74.526,6.423815
2025-07-21 08:00:00+00:00,22.406,17.506,71.898964,6.818073
2025-07-22 08:00:00+00:00,23.456,17.206,71.49204,6.528312
2025-07-23 08:00:00+00:00,24.256,18.006,73.57374,8.605647
2025-07-24 08:00:00+00:00,24.406,16.656,77.43401,8.621404
2025-07-25 08:00:00+00:00,22.806,17.806,73.95068,7.9593334
2025-07-26 08:00:00+00:00,22.906,17.306,70.1146,7.02795
2025-07-27 08:00:00+00:00,23.306,15.2560005,75.56327,6.74861
2025-07-28 08:00:00+00:00,23.356,16.956,77.51629,6.734406
2025-07-29 08:00:00+00:00,24.006,16.606,78.480446,6.554189
2025-07-30 08:00:00+00:00,24.006,16.456,80.62468,5.5293446
2025-07-31 08:00:00+00:00,23.756,17.106,79.86239,5.7820644
2025-08-01 08:00:00+00:00,23.406,15.156,78.048004,5.29303
2025-08-02 08:00:00+00:00,24.106,16.056,79.03833,4.8272953
2025-08-03 08:00:00+00:00,24.656,15.5060005,78.07142,5.006255
2025-08-04 08:00:00+00:00,24.056,15.806,77.71452,5.7293487
2025-08-05 08:00:00+00:00,24.706,15.7560005,76.44354,5.344661
2025-08-06 08:00:00+00:00,27.406,16.105999,73.59217,5.0642056
2025-08-07 08:00:00+00:00,28.306,18.356,73.10855,6.7572713
2025-08-08 08:00:00+00:00,25.556,18.206,78.704155,5.496958
2025-08-09 08:00:00+00:00,24.106,18.106,78.984665,6.373647
2025-08-10 08:00:00+00:00,24.706,18.256,80.04817,5.6543355
2025-08-11 08:00:00+00:00,24.106,17.906,80.59423,5.3951707
2025-08-12 08:00:00+00:00,23.706,17.606,78.120186,7.0220704
2025-08-13 08:00:00+00:00,23.606,17.406,77.280815,5.2074294
2025-08-14 08:00:00+00:00,23.556,16.956,76.30117,5.4094415
2025-08-15 08:00:00+00:00,22.756,17.806,75.92985,8.399362
2025-08-16 08:00:00+00:00,23.156,17.556,74.47636,7.7900596
2025-08-17 08:00:00+00:00,23.306,16.006,77.88265,5.796269
2025-08-18 08:00:00+00:00,23.956,16.506,81.13035,4.8347793
2025-08-19 08:00:00+00:00,25.906,16.756,78.882835,5.839531
2025-08-20 08:00:00+00:00,27.156,17.706,77.11222,5.425942
2025-08-21 08:00:00+00:00,27.406,18.706,72.73207,4.1900225
2025-08-22 08:00:00+00:00,27.956,19.756,75.53733,4.971498
2025-08-23 08:00:00+00:00,28.256,19.756,74.586754,5.880764
2025-08-24 08:00:00+00:00,27.556,20.106,75.41249,5.572066
2025-08-25 08:00:00+00:00,26.006,19.906,77.968056,5.659554
2025-08-26 08:00:00+00:00,25.306,19.456,77.146935,5.481411
2025-08-27 08:00:00+00:00,26.906,19.306,73.54105,5.459536
2025-08-28 08:00:00+00:00,26.056,20.656,86.388214,5.0638814
2025-08-29 08:00:00+00:00,29.106,19.756,71.69712,6.813728
2025-08-30 08:00:00+00:00,27.906,19.756,72.49885,5.9893737
2025-08-31 08:00:00+00:00,28.156,19.306,76.04818,6.2390113
2025-09-01 08:00:00+00:00,27.856,18.906,78.84989,5.63545
2025-09-02 08:00:00+00:00,29.156,20.856,79.15804,7.4525485
2025-09-03 08:00:00+00:00,27.556,20.206,78.700325,5.059255
2025-09-04 08:00:00+00:00,26.856,20.306,79.88706,6.721039
2025-09-05 08:00:00+00:00,24.956,19.456,80.76277,5.6120815
2025-09-06 08:00:00+00:00,25.406,18.956,78.701454,5.7817307
2025-09-07 08:00:00+00:00,27.856,19.256,73.61471,4.3626523
2025-09-08 08:00:00+00:00,26.906,18.906,78.10406,6.933809
2025-09-09 08:00:00+00:00,24.606,18.256,75.87911,6.6078434
2025-09-10 08:00:00+00:00,23.806,18.906,74.42251,8.035699
2025-09-11 08:00:00+00:00,23.856,17.506,77.30695,5.8845515
2025-09-12 08:00:00+00:00,23.656,17.306,77.36202,5.8280025
2025-09-13 08:00:00+00:00,23.956,17.106,78.73183,5.014708
2025-09-14 08:00:00+00:00,23.606,17.406,82.13996,5.080711
2025-09-15 08:00:00+00:00,24.956,18.706,80.29535,4.7030683
2025-09-16 08:00:00+00:00,29.406,19.006,71.897865,6.6965384
2025-09-17 08:00:00+00:00,28.056,21.056,78.83311,5.9196525
2025-09-18 08:00:00+00:00,24.706,20.106,90.95538,5.781939
2025-09-19 08:00:00+00:00,25.006,19.106,89.94138,5.7070885
2025-09-20 08:00:00+00:00,25.106,19.606,86.94625,7.2885613
2025-09-21 08:00:00+00:00,27.056,18.856,83.88989,8.857426
2025-09-22 08:00:00+00:00,24.956,19.506,87.497345,7.353637
2025-09-23 08:00:00+00:00,25.156,18.406,88.766884,5.5847907
2025-09-24 08:00:00+00:00,25.656,19.056,86.12774,6.7742677
2025-09-25 08:00:00+00:00,24.006,18.206,86.15691,6.250574
2025-09-26 08:00:00+00:00,22.256,17.556,82.11593,7.184899
2025-09-27 08:00:00+00:00,23.856,16.806,78.02303,5.178844
2025-09-28 08:00:00+00:00,24.106,17.256,75.53594,5.2263536
2025-09-29 08:00:00+00:00,24.306,17.006,77.50942,5.900909
2025-09-30 08:00:00+00:00,23.806,17.556,72.60161,6.4552293
2025-10-01 08:00:00+00:00,24.306,15.606,79.11834,6.8437076
2025-10-02 08:00:00+00:00,23.806,15.656,80.971954,5.8895054
2025-10-03 08:00:00+00:00,23.256,16.606,76.41314,6.967239
2025-10-04 08:00:00+00:00,23.556,15.106,70.45323,6.5697904
2025-10-05 08:00:00+00:00,22.906,14.5060005,78.29528,4.732104
2025-10-06 08:00:00+00:00,21.656,14.556,79.90246,4.786811
2025-10-07 08:00:00+00:00,22.956,13.856,80.7967,5.6724
2025-10-08 08:00:00+00:00,23.406,17.606,78.88398,6.582438
2025-10-09 08:00:00+00:00,25.756,16.756,74.49908,8.4257765
2025-10-10 08:00:00+00:00,26.356,18.306,76.49322,7.268827
2025-10-11 08:00:00+00:00,22.906,16.856,81.412544,5.4696193
2025-10-12 08:00:00+00:00,21.856,14.956,82.50889,5.15659
2025-10-13 08:00:00+00:00,20.156,15.7560005,71.3042,11.914032
2025-10-14 08:00:00+00:00,20.306,14.056,78.99321,13.23064
2025-10-15 08:00:00+00:00,20.306,13.306,77.21351,6.115685
2025-10-16 08:00:00+00:00,22.406,10.7560005,69.46451,5.0296054
2025-10-17 08:00:00+00:00,25.456,12.0060005,64.192986,5.4066334
2025-10-18 08:00:00+00:00,27.856,13.856,56.42629,4.590384
2025-10-19 08:00:00+00:00,26.656,13.2560005,53.38997,4.406797
2025-10-20 08:00:00+00:00,26.156,12.306,60.947872,4.605973
2025-10-21 08:00:00+00:00,23.856,13.356,66.94752,4.9596195
2025-10-22 08:00:00+00:00,21.906,14.156,81.602615,5.6507816
2025-10-23 08:00:00+00:00,21.906,15.706,77.7917,4.8809605
2025-10-24 08:00:00+00:00,24.006,13.706,81.83423,4.153667
2025-10-25 08:00:00+00:00,21.456,15.406,82.87927,4.260529
2025-10-26 08:00:00+00:00,21.406,12.056,83.07226,3.2630184
2025-10-27 08:00:00+00:00,22.306,13.956,80.81902,4.0600963
2025-10-28 08:00:00+00:00,25.806,13.806,81.56364,4.58093
2025-10-29 08:00:00+00:00,30.656,15.906,48.807438,4.8445325
2025-10-30 08:00:00+00:00,27.506,13.656,58.095577,3.687913
2025-10-31 08:00:00+00:00,21.006,14.656,85.27099,4.1934104
