Sample_Date,Mean viral gene copies/L,smoothed,zscore
2022-02-07,4361033.0,,5.391178698578141
2022-02-08,4061033.0,,4.935100339706559
2022-02-09,4131344.0,,5.041991424675292
2022-02-10,3639579.0,3693949.5714285714,4.294380177507013
2022-02-11,3147814.0,3552234.8571428573,3.546768930338734
2022-02-12,3221552.6666666665,3436146.8571428573,3.6588709639344406
2022-02-13,3295291.333333333,3292784.0,3.770972997530147
2022-02-14,3369030.0,3185460.6285714284,3.883075031125854
2022-02-15,3248417.0,3114176.742857143,3.699711767463927
2022-02-16,3127804.0,2998146.1047619046,3.516348503802
2022-02-17,2888315.4,2837368.714285714,3.1522632782804902
2022-02-18,2648826.8,2631844.5714285714,2.788178052758981
2022-02-19,2409338.2,2425223.285714286,2.424092827237472
2022-02-20,2169849.6,2217504.8571428573,2.0600076017159625
2022-02-21,1930361.0,1975151.085714286,1.6959223761944533
2022-02-22,1802068.0,1750847.3285714288,1.5008835065454136
2022-02-23,1673775.0,1544593.585714286,1.305844636896374
2022-02-24,1191839.0,1339738.2142857143,0.5731760370259246
2022-02-25,1078700.5,1149207.5,0.40117596567528296
2022-02-26,965562.0,957116.3571428572,0.22917589432464128
2022-02-27,735862.0,772270.1428571428,-0.1200281024513668
2022-02-28,596646.0,645189.2857142857,-0.3316727851469207
2022-03-01,457430.0,535282.6428571428,-0.5433174678424747
2022-03-02,379851.5,442550.21428571426,-0.6612570510548714
2022-03-03,302273.0,383643.64285714284,-0.7791966342672683
2022-03-04,309354.0,345915.35714285716,-0.7684316647367027
2022-03-05,316435.0,329365.35714285716,-0.7576666952061372
2022-03-06,323516.0,328610.21428571426,-0.7469017256755716
2022-03-07,332548.0,343649.9285714286,-0.7331707265511445
2022-03-08,341580.0,357810.3095238095,-0.7194397274267174
2022-03-09,374565.5,371091.35714285716,-0.6692931517381887
2022-03-10,407551.0,383493.0714285714,-0.6191465760496602
2022-03-11,408476.6666666667,395634.39285714284,-0.6177393209356753
2022-03-12,409402.3333333333,407515.3214285714,-0.6163320658216904
2022-03-13,410328.0,415713.9285714286,-0.6149248107077055
2022-03-14,417537.25,420230.21428571426,-0.6039648676787224
2022-03-15,424746.5,423643.3095238096,-0.5930049246497392
2022-03-16,431955.75,425953.21428571426,-0.582044981620756
2022-03-17,439165.0,427159.9285714286,-0.5710850385917728
2022-03-18,432368.3333333333,430469.35714285716,-0.5814177471888746
2022-03-19,425571.6666666667,435881.5,-0.5917504557859763
2022-03-20,418775.0,443396.35714285716,-0.6020831643830781
2022-03-21,440703.25,453013.9285714286,-0.5687464968066588
2022-03-22,462631.5,461714.73809523805,-0.5354098292302396
2022-03-23,484559.75,469498.78571428574,-0.5020731616538203
2022-03-24,506488.0,476366.0714285714,-0.4687364940774011
2022-03-25,493274.0,479875.03571428574,-0.48882522552449803
2022-03-26,480060.0,480025.6785714286,-0.508913956971595
2022-03-27,466846.0,475079.85714285716,-0.5290026884186919
2022-03-28,465266.0,465037.5714285714,-0.5314047011087489
2022-03-29,463686.0,457902.95238095237,-0.533806713798806
2022-03-30,449939.0,453676.0,-0.5547057444634981
2022-03-31,436192.0,452356.71428571426,-0.5756047751281902
2022-04-01,443331.6666666667,452597.0285714286,-0.5647506169407787
2022-04-02,450471.3333333333,454396.9428571429,-0.5538964587533671
2022-04-03,457611.0,459494.60000000003,-0.5430423005659555
2022-04-04,466948.2,467890.0,-0.5288473177244364
2022-04-05,476285.4,476599.3333333334,-0.5146523348829172
2022-04-06,485622.6,483494.1904761905,-0.5004573520413982
2022-04-07,494959.8,488574.5714285714,-0.48626236919987903
2022-04-08,504297.0,491526.5428571428,-0.4720673863583599
2022-04-09,498735.3333333333,492593.2,-0.48052257237810697
2022-04-10,493173.6666666667,491774.5428571428,-0.48897775839785396
2022-04-11,487612.0,493378.14285714284,-0.49743294441760105
2022-04-12,483752.0,494311.95238095237,-0.503301152635082
2022-04-13,479892.0,496704.38095238095,-0.509169360852563
2022-04-14,506185.0,500555.4285714286,-0.4691971332198614
2022-04-15,510833.6666666667,505944.0,-0.46212994567228016
2022-04-16,515482.3333333333,512627.0,-0.455062758124699
2022-04-17,520131.0,517386.5714285714,-0.44799557057711775
2022-04-18,525332.0,515915.14285714284,-0.4400886920954808
2022-04-19,530533.0,514394.5714285714,-0.4321818136138438
2022-04-20,513209.0,512824.85714285716,-0.4585188185774814
2022-04-21,495885.0,511206.0,-0.48485582354111906
2022-04-22,500189.6666666667,509688.3214285714,-0.4783116058450439
2022-04-23,504494.3333333333,508271.8214285714,-0.47176738814896885
2022-04-24,508799.0,510174.35714285716,-0.4652231704528937
2022-04-25,514708.25,515395.9285714286,-0.4562395669790207
2022-04-26,520617.5,521535.5,-0.4472559635051477
2022-04-27,526526.75,528593.0714285715,-0.4382723600312747
2022-04-28,532436.0,536568.6428571428,-0.42928875655740173
2022-04-29,543166.6666666666,548042.3928571428,-0.41297534041429734
2022-04-30,553897.3333333334,563014.3214285715,-0.39666192427119285
2022-05-01,564628.0,576855.0714285715,-0.38034850812808846
2022-05-02,595024.5,589564.6428571428,-0.33413788867662164
2022-05-03,625421.0,601877.3095238096,-0.2879272692251548
2022-05-04,623412.0,613793.0714285715,-0.2909814739683982
2022-05-05,621403.0,625311.9285714285,-0.29403567871164155
2022-05-06,629355.3333333334,634415.0714285715,-0.28194605492542
2022-05-07,637307.6666666666,641102.5,-0.26985643113919866
2022-05-08,645260.0,648665.5267857143,-0.2577668073529771
2022-05-09,658746.5,657104.1517857143,-0.2372638047299051
2022-05-10,672233.0,664995.3273809523,-0.21676080210683313
2022-05-11,676353.1875,672339.0535714285,-0.21049704092935578
2022-05-12,680473.375,679135.3303571428,-0.20423327975187844
2022-05-13,684593.5625,684593.5625,-0.19796951857440107
2022-05-14,688713.75,688713.75,-0.19170575739692372
2022-05-15,692833.9375,692833.9375,-0.18544199621944635
2022-05-16,696954.125,696954.125,-0.179178235041969
2022-05-17,701074.3125,701074.3125,-0.17291447386449166
2022-05-18,705194.5,705194.5,-0.16665071268701429
2022-05-19,709314.6875,709314.6875,-0.16038695150953694
2022-05-20,713434.875,713434.875,-0.15412319033205957
2022-05-21,717555.0625,717555.0625,-0.14785942915458222
2022-05-22,721675.25,721675.25,-0.14159566797710485
2022-05-23,725795.4375,725795.4375,-0.1353319067996275
2022-05-24,729915.625,730463.7886904761,-0.12906814562215016
2022-05-25,734035.8125,735680.3035714285,-0.12280438444467279
2022-05-26,738156.0,741444.9821428572,-0.11654062326719544
2022-05-27,746113.3333333334,747513.3482142857,-0.1044433981749927
2022-05-28,754070.6666666666,753885.4017857143,-0.09234617308279014
2022-05-29,762028.0,760561.1428571428,-0.0802489479905874
2022-05-30,768274.0,764849.2857142857,-0.07075339655888106
2022-05-31,774520.0,767681.5238095239,-0.06125784512717472
2022-06-01,780766.0,769057.8571428572,-0.051762293695468385
2022-06-02,768173.0,768978.2857142857,-0.07090694293970116
2022-06-03,765939.0,767687.2857142857,-0.07430320645209822
2022-06-04,763705.0,765184.8571428572,-0.07769946996449525
2022-06-05,761471.0,761471.0,-0.0810957334768923
2022-06-06,759237.0,759237.0,-0.08449199698928936
2022-06-07,757003.0,756220.619047619,-0.08788826050168641
2022-06-08,754769.0,752421.8571428572,-0.09128452401408345
2022-06-09,752535.0,747840.7142857143,-0.0946807875264805
2022-06-10,744824.3333333334,743727.8571428572,-0.10640301485694427
2022-06-11,737113.6666666666,740083.2857142857,-0.1181252421874082
2022-06-12,729403.0,736907.0,-0.12984746951787196
2022-06-13,730447.0,732512.7142857143,-0.12826031682899885
2022-06-14,731491.0,727682.8095238096,-0.12667316414012575
2022-06-15,732535.0,722417.2857142857,-0.12508601145125264
2022-06-16,721775.0,716716.1428571428,-0.14144402192278005
2022-06-17,711015.0,709008.7142857143,-0.15780203239430748
2022-06-18,700255.0,699295.0,-0.1741600428658349
2022-06-19,689495.0,690433.3492063491,-0.1905180533373623
2022-06-20,676495.0,684110.0476190476,-0.2102814488884642
2022-06-21,663495.0,680325.0952380953,-0.23004484443956608
2022-06-22,670503.4444444445,679078.492063492,-0.21939017830468308
2022-06-23,677511.8888888889,680370.2380952381,-0.20873551216980024
2022-06-24,684520.3333333334,684520.3333333333,-0.19808084603491724
2022-06-25,691528.7777777778,691528.7777777778,-0.1874261799000344
2022-06-26,698537.2222222222,698537.2222222222,-0.17677151376515138
2022-06-27,705545.6666666666,705545.6666666666,-0.16611684763026854
2022-06-28,712554.1111111111,713001.7976190477,-0.15546218149538554
2022-06-29,719562.5555555555,720905.6150793651,-0.1448075153605027
2022-06-30,726571.0,729257.1190476192,-0.1341528492256197
2022-07-01,736713.25,738056.3095238095,-0.11873398010806868
2022-07-02,746855.5,753241.4365079366,-0.10331511099051767
2022-07-03,756997.75,795819.7857142857,-0.08789624187296666
2022-07-04,767140.0,865791.3571428572,-0.07247737275541564
2022-07-05,818850.0,953771.369047619,0.006135333702082735
2022-07-06,1017611.0,1059759.8214285714,0.3083039693276645
2022-07-07,1216372.0,1183756.7142857143,0.6104726049532464
2022-07-08,1352573.3333333333,1316896.0,0.8175342068958729
2022-07-09,1488774.6666666667,1453239.4285714286,1.0245958088384997
2022-07-10,1624976.0,1560980.5142857146,1.2316574107811262
2022-07-11,1699115.0,1640119.2571428572,1.3443680556090603
2022-07-12,1773254.0,1699592.7523809522,1.4570787004369945
2022-07-13,1771798.6,1739401.0,1.4548661122919888
2022-07-14,1770343.2,1759544.0,1.452653524146983
2022-07-15,1768887.8,1749027.2857142857,1.4504409360019774
2022-07-16,1767432.4,1707850.857142857,1.4482283478569715
2022-07-17,1765977.0,1673477.7714285713,1.446015759711966
2022-07-18,1625498.0,1645908.0285714285,1.2324509871255627
2022-07-19,1485019.0,1631749.0095238094,1.0188862145391595
2022-07-20,1531187.0,1631000.7142857143,1.0890736334471034
2022-07-21,1577355.0,1643663.142857143,1.1592610523550475
2022-07-22,1669774.6666666667,1659220.857142857,1.2997630853576876
2022-07-23,1762194.3333333333,1677673.857142857,1.4402651183603274
2022-07-24,1854614.0,1682154.5714285714,1.5807671513629675
2022-07-25,1734402.0,1672663.0,1.398013512440732
2022-07-26,1614190.0,1642591.7619047617,1.2152598735184965
2022-07-27,1562552.0,1591940.857142857,1.1367566258671273
2022-07-28,1510914.0,1520710.2857142857,1.0582533782157582
2022-07-29,1459276.0,1480788.5714285714,0.979750130564389
2022-07-30,1407638.0,1472175.7142857143,0.9012468829130198
2022-07-31,1356000.0,1456645.2142857143,0.8227436352616506
2022-08-01,1454950.0,1434197.0714285714,0.9731734806294607
2022-08-02,1553900.0,1405857.9285714286,1.1236033259972709
2022-08-03,1453838.5,1371627.7857142857,0.9714837103098416
2022-08-04,1353777.0,1331506.642857143,0.8193640946224122
2022-08-05,1260902.0,1276773.7142857143,0.6781698360217515
2022-08-06,1168027.0,1207429.0,0.5369755774210909
2022-08-07,1075152.0,1155617.1857142858,0.3957813188204302
2022-08-08,1071819.5,1121338.2714285715,0.3907150483839651
2022-08-09,1068487.0,1103565.6142857145,0.3856487779474999
2022-08-10,1091155.8,1102299.2142857143,0.4201112749527937
2022-08-11,1113824.6,1117539.0714285714,0.45457377195808757
2022-08-12,1136493.4,1119185.5714285714,0.489036268963381
2022-08-13,1159162.2,1107238.7142857143,0.5234987659686748
2022-08-14,1181831.0,1086171.9571428571,0.5579612629739686
2022-08-15,1083345.0,1055985.3,0.40823681880121315
2022-08-16,984859.0,1017086.8142857142,0.25851237462845766
2022-08-17,943688.5,969476.5,0.1959224610487161
2022-08-18,902518.0,913154.3571428572,0.13333254746897452
2022-08-19,864204.0,876551.6428571428,0.07508525999628853
2022-08-20,825890.0,859668.3571428572,0.01683797252360253
2022-08-21,787576.0,846788.4285714285,-0.04140931494908347
2022-08-22,827126.0,837911.8571428572,0.018717015362153446
2022-08-23,866676.0,831327.6190476192,0.07884334567339037
2022-08-24,853529.0,827035.7142857143,0.058856471726441394
2022-08-25,840382.0,825036.1428571428,0.03886959777949243
2022-08-26,818114.3333333334,815644.9387755103,0.005016928215383258
2022-08-27,795846.6666666666,798862.1020408162,-0.028835741348726084
2022-08-28,773579.0,782215.7755102041,-0.06268841091283525
2022-08-29,761387.5714285715,765705.9591836735,-0.08122256669669271
2022-08-30,749196.1428571428,750635.6054421768,-0.09975672248055034
2022-08-31,737004.7142857143,737004.7142857143,-0.1182908782644078
2022-09-01,724813.2857142857,724813.2857142857,-0.13682503404826543
2022-09-02,712621.8571428572,710645.3469387756,-0.1553591898321229
2022-09-03,700430.4285714286,694500.8979591838,-0.17389334561598035
2022-09-04,688239.0,676379.9387755103,-0.192427501399838
2022-09-05,662212.0,656282.4693877551,-0.23199533955434024
2022-09-06,636185.0,637551.3469387756,-0.2715631777088425
2022-09-07,610158.0,620186.5714285715,-0.3111310158633447
2022-09-08,584131.0,604188.1428571428,-0.3506988540178469
2022-09-09,581504.0,587171.3571428572,-0.35469258018036576
2022-09-10,578877.0,569136.2142857143,-0.35868630634288456
2022-09-11,576250.0,554299.4285714285,-0.36268003250540337
2022-09-12,543094.5,542661.0,-0.4130850525972925
2022-09-13,509939.0,535255.380952381,-0.46349007268918163
2022-09-14,506300.5,532082.5714285715,-0.46902154305169586
2022-09-15,502662.0,533142.5714285715,-0.47455301341421
2022-09-16,529664.6666666666,533358.4523809524,-0.433501907085911
2022-09-17,556667.3333333334,532730.2142857143,-0.3924508007576119
2022-09-18,583670.0,527041.1428571428,-0.3513996944293129
2022-09-19,544605.6666666666,522385.82417582424,-0.41078768455291
2022-09-20,505541.3333333333,514386.9487179487,-0.470175674676507
2022-09-21,466477.0,503044.5164835165,-0.529563664800104
2022-09-22,470074.7692307693,488358.5274725275,-0.5240941158455442
2022-09-23,473672.5384615384,479767.12454212457,-0.5186245668909848
2022-09-24,477270.3076923077,477270.3076923077,-0.5131550179364249
2022-09-25,480868.07692307694,480868.07692307694,-0.5076854689818653
2022-09-26,484465.8461538461,484465.8461538461,-0.5022159200273056
2022-09-27,488063.6153846154,488063.61538461543,-0.4967463710727459
2022-09-28,491661.3846153846,491661.3846153846,-0.4912768221181862
2022-09-29,495259.1538461539,495259.1538461539,-0.4858072731636265
2022-09-30,498856.9230769231,498856.9230769231,-0.4803377242090668
2022-10-01,502454.6923076923,502454.6923076923,-0.47486817525450714
2022-10-02,506052.4615384616,499716.9230769231,-0.46939862629994733
2022-10-03,509650.2307692308,490643.61538461543,-0.46392907734538774
2022-10-04,513248.0,475234.7692307693,-0.4584595283908281
2022-10-05,472497.0,453490.38461538457,-0.5204116923987476
2022-10-06,431746.0,425410.46153846156,-0.5823638564066671
2022-10-07,390995.0,390995.0,-0.6443160204145866
2022-10-08,350244.0,355582.746031746,-0.706268184422506
2022-10-09,309493.0,325509.23809523805,-0.7682203484304255
2022-10-10,268742.0,300774.4761904762,-0.830172512438345
2022-10-11,265362.22222222225,281378.4603174603,-0.8353106574458101
2022-10-12,261982.44444444444,267321.1904761905,-0.8404488024532751
2022-10-13,258602.66666666663,258602.66666666666,-0.8455869474607404
2022-10-14,255222.88888888888,255222.8888888889,-0.8507250924682055
2022-10-15,251843.11111111112,251843.1111111111,-0.8558632374756705
2022-10-16,248463.3333333333,248463.3333333333,-0.8610013824831357
2022-10-17,245083.5555555556,235903.7380952381,-0.8661395274906006
2022-10-18,241703.77777777775,214164.32539682538,-0.8712776724980659
2022-10-19,238324.0,195253.83333333334,-0.876415817505531
2022-10-20,170685.5,179172.2619047619,-0.979244004427316
2022-10-21,103047.0,165919.6111111111,-1.082072191349101
2022-10-22,119469.66666666669,149749.14285714287,-1.0571054484770064
2022-10-23,135892.33333333334,130660.85714285714,-1.0321387056049118
2022-10-24,152315.0,123307.85714285714,-1.0071719627328173
2022-10-25,128510.5,127690.14285714286,-1.0433610203786792
2022-10-26,104706.0,138629.04761904763,-1.0795500780245413
2022-10-27,119214.5,156124.57142857142,-1.0574933684589134
2022-10-28,133723.0,173372.0357142857,-1.0354366588932855
2022-10-29,196042.0,196118.17857142858,-0.9406955014048918
2022-10-30,258361.0,224363.0,-0.8459543439164979
2022-10-31,273047.25,252633.2142857143,-0.8236274079232387
2022-11-01,287733.5,268725.8333333333,-0.8013004719299794
2022-11-02,302419.75,265810.78571428574,-0.7789735359367203
2022-11-03,317106.0,243888.07142857142,-0.756646599943461
2022-11-04,246371.3333333333,228075.25,-0.8641817689056669
2022-11-05,175636.66666666666,218372.32142857142,-0.9717169378678727
2022-11-06,104902.0,201430.07142857142,-1.0792521068300784
2022-11-07,162357.5,177248.5,-0.9919047396695911
2022-11-08,219813.0,158030.59523809524,-0.9045573725091038
2022-11-09,183824.0,154170.11224489796,-0.959270052700535
2022-11-10,147835.0,165667.05102040814,-1.0139827328919664
2022-11-11,111846.0,174208.5306122449,-1.0686954130833974
2022-11-12,148613.2857142857,179794.5510204082,-1.012799535320951
2022-11-13,185380.57142857145,195774.32653061228,-0.9569036575585042
2022-11-14,222147.8571428572,222147.85714285713,-0.9010077797960575
2022-11-15,258915.14285714287,258915.14285714287,-0.845111902033611
2022-11-16,295682.4285714286,320557.74489795923,-0.7892160242711642
2022-11-17,332449.7142857143,407075.66326530615,-0.7333201465087176
2022-11-18,369217.0,486348.04081632657,-0.6774242687462709
2022-11-19,580111.5,558374.8775510205,-0.356809543896128
2022-11-20,791006.0,630536.3877551021,-0.036194819045985045
2022-11-21,777054.5,702832.5714285715,-0.05740474312530797
2022-11-22,763103.0,775263.4285714285,-0.07861466720463091
2022-11-23,800813.0,850015.3571428572,-0.021285617494473025
2022-11-24,838523.0,927088.3571428572,0.03604343221568485
2022-11-25,876233.0,1038603.2857142857,0.09337248192584273
2022-11-26,1103375.0,1184560.142857143,0.4386876505618725
2022-11-27,1330517.0,1357578.7142857143,0.7840028191979022
2022-11-28,1557659.0,1386728.857142857,1.129317987833932
2022-11-29,1784801.0,1398382.7142857143,1.4746331564699615
2022-11-30,2011943.0,1365478.5714285714,1.8199483251059914
2022-12-01,1042574.0,1288016.4285714286,0.3462542495693689
2022-12-02,957810.0,1178732.857142857,0.2173908295313996
2022-12-03,873046.0,1037627.8571428572,0.08852740949343028
2022-12-04,788282.0,873846.0714285715,-0.04033601054453901
2022-12-05,792674.0,858317.6428571428,-0.03365902337065905
2022-12-06,797066.0,841287.3928571428,-0.026982036196779084
2022-12-07,865470.5,822755.3214285715,0.07701067080132472
2022-12-08,933875.0,802721.4285714285,0.18100337779942852
2022-12-09,838598.25,768449.1428571428,0.03615783187070181
2022-12-10,743321.5,755204.0,-0.10868771405802491
2022-12-11,648044.75,753841.3571428572,-0.25353325998675164
2022-12-12,552768.0,764361.2142857143,-0.39837880591547836
2022-12-13,704350.0,772727.7976190476,-0.1679345732672378
2022-12-14,855932.0,778941.1071428572,0.06250965938100277
2022-12-15,1007514.0,783001.1428571428,0.2929538920292433
2022-12-16,897164.3333333334,776737.7857142857,0.12519357577804516
2022-12-17,786814.6666666666,724885.5,-0.04256674047315319
2022-12-18,676465.0,753976.0,-0.21032705672435134
2022-12-19,508924.5,864009.2857142857,-0.46503237767276573
2022-12-20,341384.0,971741.0,-0.7197376986211801
2022-12-21,1059565.5,1077171.142857143,0.3720857676852572
2022-12-22,1777747.0,1180299.7142857143,1.4639092339916944
2022-12-23,1651286.3333333333,1321722.7857142857,1.2716559896078958
2022-12-24,1524825.6666666667,1501440.357142857,1.0794027452240977
2022-12-25,1398365.0,1627877.7142857143,0.8871495008402992
2022-12-26,1498886.0,1701034.857142857,1.0399676765474002
2022-12-27,1599407.0,1841574.9523809522,1.1927858522545012
2022-12-28,1944627.0,1961562.8730158731,1.7176104224199933
2022-12-29,2289847.0,2060998.6190476192,2.242434992585485
2022-12-30,2635067.0,2107456.238095238,2.767259562750977
2022-12-31,2364741.111111111,2100935.7301587304,2.35629360353449
2023-01-01,2094415.2222222225,2006480.0952380951,1.9453276443180034
2023-01-02,1824089.3333333333,1824089.3333333335,1.534361685101516
2023-01-03,1553763.4444444445,1553763.4444444445,1.1233957258850291
2023-01-04,1283437.5555555555,1283437.5555555555,0.712429766668542
2023-01-05,1013111.6666666667,1013111.6666666666,0.3014638074520551
2023-01-06,742785.777777778,785359.761904762,-0.10950215176443176
2023-01-07,472459.888888889,600181.8412698414,-0.5204681109809189
2023-01-08,202134.0,457739.76190476195,-0.9314340701974062
2023-01-09,229826.0,358033.52380952385,-0.8893349971511666
2023-01-10,257518.0,289913.8888888889,-0.8472359241049271
2023-01-11,286343.0,253380.85714285713,-0.8034143951233492
2023-01-12,315168.0,248434.42857142858,-0.7595928661417715
2023-01-13,265948.3333333333,252051.85714285713,-0.8344196154669037
2023-01-14,216728.6666666667,264233.14285714284,-0.9092463647920357
2023-01-15,167509.0,263209.9285714286,-0.9840731141171679
2023-01-16,255148.0,248982.2142857143,-0.8508389431400126
2023-01-17,342787.0,247814.7857142857,-0.7176047721628573
2023-01-18,279180.5,259707.64285714287,-0.8143032659414083
2023-01-19,215574.0,284660.78571428574,-0.9110017597199592
2023-01-20,257776.3333333333,275523.78571428574,-0.8468431899625656
2023-01-21,299978.6666666667,252702.40476190476,-0.7826846202051717
2023-01-22,342181.0,237803.14285714287,-0.718526050447778
2023-01-23,191189.0,230826.0,-0.9480733289902377
2023-01-24,183037.3333333333,232808.0,-0.9604659915082429
2023-01-25,174885.66666666666,243749.14285714287,-0.9728586540262478
2023-01-26,166734.0,263649.4285714286,-0.9852513165442528
2023-01-27,271650.3333333333,281836.0,-0.8257510861259512
2023-01-28,376566.6666666666,277903.0952380952,-0.6662508557076493
2023-01-29,481483.0,281543.78571428574,-0.5067506252893474
2023-01-30,318495.0,292758.0714285714,-0.7545349571418856
2023-01-31,155507.0,283764.88095238095,-1.0023192889944237
2023-02-01,200370.5,254564.2142857143,-0.9341150508169729
2023-02-02,245234.0,205156.07142857142,-0.8659108126395222
2023-02-03,208698.0,190728.5634920635,-0.921455075705296
2023-02-04,172162.0,211281.6904761905,-0.9769993387710697
2023-02-05,135626.0,237122.38095238098,-1.0325436018368435
2023-02-06,217502.44444444444,268250.6349206349,-0.9080700204619684
2023-02-07,299378.8888888889,316294.9523809524,-0.7835964390870935
2023-02-08,381255.3333333333,381255.3333333334,-0.6591228577122186
2023-02-09,463131.77777777775,463131.7777777778,-0.5346492763373436
2023-02-10,545008.2222222222,545008.2222222222,-0.41017569496246853
2023-02-11,626884.6666666666,626884.6666666666,-0.2857021135875936
2023-02-12,708761.111111111,706259.1904761904,-0.16122853221271877
2023-02-13,790637.5555555555,783131.7936507936,-0.036754950837843706
2023-02-14,872514.0,810663.3333333333,0.08771863053703136
2023-02-15,936877.0,788853.8095238095,0.18556720191053683
2023-02-16,1001240.0,717703.2222222221,0.2834157732840423
2023-02-17,737729.0,627890.7142857143,-0.11718977479798932
2023-02-18,474218.0,519416.28571428574,-0.517795322880021
2023-02-19,210707.0,403164.6857142857,-0.9184008709620526
2023-02-20,161950.0,279135.9142857143,-0.9925242461070584
2023-02-21,113193.0,194169.11428571425,-1.0666476212520641
2023-02-22,123115.8,148264.2857142857,-1.0515623734540276
2023-02-23,133038.6,141421.42857142858,-1.0364771256559913
2023-02-24,142961.4,137627.42857142858,-1.0213918778579547
2023-02-25,152884.2,136882.2857142857,-1.0063066300599184
2023-02-26,162807.0,206519.17142857143,-0.9912213822618818
2023-02-27,135392.0,346538.0857142857,-1.0328993429567632
2023-02-28,107977.0,471080.60000000003,-1.0745773036516446
2023-03-01,610574.0,580146.7142857143,-0.31049858720570944
2023-03-02,1113171.0,673736.4285714285,0.45358012924022584
2023-03-03,1014759.0,736359.0714285715,0.30396818439599205
2023-03-04,916347.0,768014.6428571428,0.15435623955175823
2023-03-05,817935.0,731098.5571428572,0.0047442947075244084
2023-03-06,573750.5,625610.8142857143,-0.36647992536540175
2023-03-07,329566.0,537409.8428571428,-0.737704145438328
2023-03-08,352161.4,466495.64285714284,-0.7033532356048381
2023-03-09,374756.8,412868.21428571426,-0.6690023257713483
2023-03-10,397352.2,392277.21428571426,-0.6346514159378585
2023-03-11,419947.6,404722.64285714284,-0.6003005061043687
2023-03-12,442543.0,412093.0857142857,-0.5659495962708788
2023-03-13,429613.5,414388.5428571428,-0.585605813407646
2023-03-14,416684.0,405135.4666666667,-0.605262030544413
2023-03-15,403754.5,384333.85714285716,-0.6249182476811801
2023-03-16,390825.0,351983.71428571426,-0.6445744648179471
2023-03-17,332580.6666666667,320669.0,-0.7331210646854006
2023-03-18,274336.3333333333,290389.71428571426,-0.8216676645528542
2023-03-19,216092.0,263603.9857142857,-0.9102142644203076
2023-03-20,210410.5,240311.81428571427,-0.9188516284067373
2023-03-21,204729.0,226986.7476190476,-0.927488992393167
2023-03-22,216254.4,223628.7857142857,-0.9099673740020385
2023-03-23,227779.8,230237.92857142858,-0.89244575561091
2023-03-24,239305.2,237905.64285714287,-0.8749241372197817
2023-03-25,250830.6,246631.92857142858,-0.8574025188286533
2023-03-26,262356.0,263995.0857142857,-0.8398809004375247
2023-03-27,264084.5,289995.1142857143,-0.8372531289598263
2023-03-28,265813.0,312006.3238095238,-0.8346253574821278
2023-03-29,337796.5,330028.71428571426,-0.7251916356626861
2023-03-30,409780.0,344062.28571428574,-0.6157579138432443
2023-03-31,393383.6666666667,356302.85714285716,-0.6406846231705046
2023-04-01,376987.3333333333,366750.4285714286,-0.6656113324977649
2023-04-02,360591.0,365368.5714285714,-0.6905380418250252
2023-04-03,349768.5,352157.28571428574,-0.7069910686213174
2023-04-04,338946.0,351095.4285714286,-0.7234440954176098
2023-04-05,328123.5,362183.0,-0.7398971222139021
2023-04-06,317301.0,385420.0,-0.7563501490101945
2023-04-07,385950.6666666667,396346.35714285716,-0.6519847246421462
2023-04-08,454600.3333333334,394962.0714285714,-0.5476193002740978
2023-04-09,523250.0,445000.0714285714,-0.44325387590604953
2023-04-10,426253.0,546460.3571428572,-0.5907146511576058
2023-04-11,329256.0,600085.7857142857,-0.7381754264091619
2023-04-12,678389.5,605876.3571428572,-0.20740131405219014
2023-04-13,1027523.0,563832.0714285715,0.3233727983047816
2023-04-14,761328.6666666667,556560.9285714285,-0.08131211732049015
2023-04-15,495134.3333333334,584062.9285714285,-0.4859970329457621
2023-04-16,228940.0,546690.6428571428,-0.890681948571034
2023-04-17,375355.0,444444.0714285714,-0.6680929055237583
2023-04-18,521770.0,374550.0238095238,-0.4455038624764827
2023-04-19,416783.5,337008.5,-0.6051107645553873
2023-04-20,311797.0,331819.5,-0.7647176666342917
2023-04-21,272070.3333333333,306845.59523809527,-0.825112576423531
2023-04-22,232343.6666666667,262086.7857142857,-0.8855074862127698
2023-04-23,192617.0,233457.57142857142,-0.945902396002009
2023-04-24,200537.66666666663,249132.0,-0.9338609138203351
2023-04-25,208458.3333333333,256332.2857142857,-0.9218194316386612
2023-04-26,216379.0,255058.42857142858,-0.9097779494569872
2023-04-27,421518.0,245310.42857142858,-0.5979130879217955
2023-04-28,322472.3333333333,252976.47619047618,-0.7484883716107126
2023-04-29,223426.66666666663,278056.5714285714,-0.8990636552996296
2023-04-30,124381.0,310760.5714285714,-1.0496389389885465
2023-05-01,254200.0,322914.4285714286,-0.8522801507540468
2023-05-02,384019.0,346255.980952381,-0.6549213625195471
2023-05-03,445307.0,380785.22857142857,-0.5617475943244753
2023-05-04,506595.0,426502.17142857146,-0.46857382612940357
2023-05-05,485863.2,450711.85714285716,-0.5000915771975831
2023-05-06,465131.4,453414.28571428574,-0.5316093282657627
2023-05-07,444399.6,479079.78571428574,-0.5631270793339422
2023-05-08,423667.8,527708.3571428572,-0.5946448304021218
2023-05-09,402936.0,568015.6142857142,-0.6261625814703013
2023-05-10,624965.5,600001.5571428572,-0.2886197482000415
2023-05-11,846995.0,623666.1857142857,0.048923085070218336
2023-05-12,768014.0,617984.3571428572,-0.0711486644699031
2023-05-13,689033.0,582956.0714285715,-0.19122041401002454
2023-05-14,610052.0,524440.3571428572,-0.311292163550146
2023-05-15,383895.0,442437.21428571426,-0.6551098749078806
2023-05-16,157738.0,367877.35714285716,-0.9989275862656154
2023-05-17,215355.5,300760.78571428574,-0.9113339367913375
2023-05-18,272973.0,241087.5,-0.8237402873170595
2023-05-19,246095.0,215823.5,-0.8646018677495607
2023-05-20,219217.0,224968.7857142857,-0.905463448182062
2023-05-21,192339.0,243574.07142857142,-0.9463250286145634
2023-05-22,207047.0,271639.35714285716,-0.9239650269402859
2023-05-23,221755.0,300869.6904761905,-0.9016050252660084
2023-05-24,345592.5,331265.0714285714,-0.7133396793768099
2023-05-25,469430.0,362825.5,-0.5250743334876113
2023-05-26,450707.3333333333,378573.0,-0.5535376771110548
2023-05-27,431984.6666666667,378507.5714285714,-0.5820010207344981
2023-05-28,413262.0,360494.4142857143,-0.6104643643579415
2023-05-29,317279.5,324533.5285714286,-0.7563828346259136
2023-05-30,221297.0,290990.6523809524,-0.9023013048938857
2023-05-31,219500.4,259865.7857142857,-0.905032606159048
2023-06-01,217703.8,231158.92857142858,-0.9077639074242102
2023-06-02,215907.2,215869.2142857143,-0.9104952086893726
2023-06-03,214110.6,213996.64285714287,-0.9132265099545349
2023-06-04,212314.0,225304.15714285715,-0.9159578112196971
2023-06-05,210251.5,249791.75714285715,-0.9190933499369393
2023-06-06,208189.0,269967.2428571429,-0.9222288886541814
2023-06-07,298653.0,285830.6142857143,-0.784699979797652
2023-06-08,389117.0,297381.87142857147,-0.6471710709411227
2023-06-09,357135.6,304659.0,-0.6957911523625081
2023-06-10,325154.2,307662.0,-0.7444112337838934
2023-06-11,293172.8,291296.9285714286,-0.7930313152052788
2023-06-12,261191.4,255563.7857142857,-0.8416513966266642
2023-06-13,229210.0,223951.687012987,-0.8902714780480496
2023-06-14,184097.5,196460.63246753247,-0.9588542612633638
2023-06-15,138985.0,173090.6220779221,-1.027437044478678
2023-06-16,135850.9090909091,153841.65584415584,-1.032201681273253
2023-06-17,132716.81818181818,138713.73376623375,-1.0369663180678281
2023-06-18,129582.72727272726,129582.72727272726,-1.0417309548624032
2023-06-19,126448.63636363635,126448.63636363635,-1.0464955916569783
2023-06-20,123314.54545454546,123314.54545454544,-1.0512602284515535
2023-06-21,120180.45454545454,120180.45454545456,-1.0560248652461284
2023-06-22,117046.36363636365,117046.36363636365,-1.0607895020407037
2023-06-23,113912.27272727274,113912.27272727274,-1.0655541388352787
2023-06-24,110778.18181818182,109380.71861471861,-1.0703187756298536
2023-06-25,107644.09090909093,103451.70129870131,-1.0750834124244288
2023-06-26,104510.0,96125.22077922079,-1.079848049219004
2023-06-27,91593.66666666669,91042.13419913419,-1.0994842495833537
2023-06-28,78677.33333333333,88202.44155844157,-1.1191204499477037
2023-06-29,65761.0,87606.14285714286,-1.1387566503120536
2023-06-30,78330.66666666667,88693.92857142857,-1.1196474738290665
2023-07-01,90900.33333333331,92863.26190476191,-1.1005382973460793
2023-07-02,103470.0,96102.85714285714,-1.0814291208630922
2023-07-03,112124.5,98412.71428571429,-1.0682720203402452
2023-07-04,120779.0,99630.21088435374,-1.0551149198173981
2023-07-05,101354.5,99755.3469387755,-1.0846452334237349
2023-07-06,81930.0,98788.1224489796,-1.1141755470300716
2023-07-07,86853.14285714286,97287.8469387755,-1.1066910839808182
2023-07-08,91776.28571428572,95254.52040816327,-1.0992066209315647
2023-07-09,96699.42857142857,96699.42857142857,-1.091722157882311
2023-07-10,101622.57142857142,101622.57142857143,-1.0842376948330577
2023-07-11,106545.71428571428,104410.21768707482,-1.0767532317838038
2023-07-12,111468.85714285714,105062.36734693879,-1.0692687687345503
2023-07-13,116392.0,103579.02040816327,-1.061784305685297
2023-07-14,106366.66666666669,120739.9387755102,-1.0770254309313207
2023-07-15,96341.33333333331,156545.12244897962,-1.0922665561773452
2023-07-16,86316.0,174486.14285714287,-1.107507681423369
2023-07-17,221749.0,174563.0,-0.9016141468331859
2023-07-18,357182.0,180134.0,-0.6957206122430026
2023-07-19,237056.0,191199.14285714287,-0.8783435087023616
2023-07-20,116930.0,207758.42857142858,-1.0609664051617205
2023-07-21,145363.66666666666,195054.07142857142,-1.017739805061604
2023-07-22,173797.33333333334,153086.07142857142,-0.9745132049614874
2023-07-23,202231.0,133222.75714285715,-0.931286604861371
2023-07-24,132818.5,135464.12857142856,-1.0368117351452832
2023-07-25,63406.0,138587.3761904762,-1.1423368654291957
2023-07-26,98012.8,142592.5,-1.0897254902632054
2023-07-27,132619.6,147479.5,-1.0371141150972152
2023-07-28,167226.40000000002,163132.42857142858,-0.984502739931225
2023-07-29,201833.2,189551.2857142857,-0.9318913647652348
2023-07-30,236440.0,209624.67142857143,-0.8792799895992445
2023-07-31,242389.0,223352.58571428573,-0.870235955742821
2023-08-01,248338.0,227813.3380952381,-0.8611919218863976
2023-08-02,238526.5,223006.92857142858,-0.8761079646132927
2023-08-03,228715.0,208933.35714285713,-0.8910240073401877
2023-08-04,198451.66666666663,203908.14285714287,-0.9370321786756889
2023-08-05,168188.33333333334,207931.2857142857,-0.9830403500111897
2023-08-06,137925.0,212990.7142857143,-1.029048521346691
2023-08-07,207212.5,219086.42857142858,-0.9237134237123084
2023-08-08,276500.0,225788.23809523808,-0.8183783260779259
2023-08-09,273942.5,233096.14285714287,-0.8222663940873062
2023-08-10,271385.0,241010.14285714287,-0.8261544620966864
2023-08-11,245364.3333333333,244871.64285714287,-0.8657126719302792
2023-08-12,219343.66666666663,244680.64285714287,-0.9052708817638718
2023-08-13,193323.0,246521.0,-0.9448290915974645
2023-08-14,234243.0,250392.7142857143,-0.8826200034473807
2023-08-15,275163.0,256469.3605442177,-0.8204109152972969
2023-08-16,286825.0,264750.9387755102,-0.8026816292267622
2023-08-17,298487.0,275237.44897959183,-0.7849523431562276
2023-08-18,287900.8571428572,278365.9387755102,-0.8010460453597802
2023-08-19,277314.71428571426,274136.40816326527,-0.8171397475633332
2023-08-20,266728.5714285714,266728.5714285714,-0.8332334497668861
2023-08-21,256142.42857142855,256142.42857142858,-0.8493271519704388
2023-08-22,245556.2857142857,247979.59183673467,-0.8654208541739916
2023-08-23,234970.14285714284,242240.0612244898,-0.8815145563775444
2023-08-24,224384.0,238923.8367346939,-0.8976082585810972
2023-08-25,230761.0,238030.91836734695,-0.8879135529326836
2023-08-26,237138.0,239561.306122449,-0.8782188472842699
2023-08-27,243515.0,374848.9285714286,-0.8685241416358563
2023-08-28,249892.0,643893.7857142857,-0.8588294359874428
2023-08-29,256269.0,924017.0428571429,-0.8491347303390292
2023-08-30,1181983.5,1215218.7,0.558193102806395
2023-08-31,2107698.0,1517498.7571428572,1.965520935951819
2023-09-01,2191623.8,1830857.2142857143,2.093110073055101
2023-09-02,2275549.6,2155294.0714285714,2.2206992101583833
2023-09-03,2359475.4,2246357.8571428573,2.3482883472616654
2023-09-04,2443401.2,2104048.5714285714,2.475877484364948
2023-09-05,2527327.0,1928884.0285714285,2.60346662146823
2023-09-06,1819430.0,1720864.2285714285,1.5272782814345083
2023-09-07,1111533.0,1479989.1714285712,0.451089941400787
2023-09-08,965472.0,1291858.857142857,0.2290390708169798
2023-09-09,819411.0,1156473.2857142857,0.006988200233172593
2023-09-10,673350.0,1056802.7857142857,-0.21506267035063462
2023-09-11,1126489.0,992847.3571428572,0.4738269678517316
2023-09-12,1579628.0,954775.2619047619,1.1627166060540979
2023-09-13,1121736.5,942586.5,0.46660192651660765
2023-09-14,663845.0,956281.0714285715,-0.2295127530208826
2023-09-15,698967.3333333334,910462.8571428572,-0.1761176325328581
2023-09-16,734089.6666666666,805131.8571428572,-0.12272251204483375
2023-09-17,769212.0,765774.5714285715,-0.06932739155680925
2023-09-18,805761.5,792391.0,-0.013762604964886276
2023-09-19,842311.0,822193.4285714285,0.0418021816270367
2023-09-20,846235.5,855181.8571428572,0.04776844669167511
2023-09-21,850160.0,891356.2857142857,0.05373471175631352
2023-09-22,907584.3333333334,897226.5714285715,0.14103469744285144
2023-09-23,965008.6666666666,872792.7142857143,0.22833468312938918
2023-09-24,1022433.0,858397.0,0.3156346688159271
2023-09-25,846853.5,854039.4285714285,0.04870796811095057
2023-09-26,671274.0,829942.9523809524,-0.21821873259402597
2023-09-27,745465.5,786107.5714285715,-0.10542827405328933
2023-09-28,819657.0,722533.2857142857,0.007362184487447291
2023-09-29,738909.0,675034.5,-0.11539586658642777
2023-09-30,658161.0,643611.2142857143,-0.23815391766030283
2023-10-01,577413.0,636417.1428571428,-0.36091196873417786
2023-10-02,514362.0,653452.2857142857,-0.4567659574182183
2023-10-03,451311.0,681469.0952380953,-0.5526199461022587
2023-10-04,695107.0,720467.5714285715,-0.18198634750407125
2023-10-05,938903.0,770447.7142857143,0.18864725109411626
2023-10-06,935026.6666666666,838393.7857142857,0.18275421194376326
2023-10-07,931150.3333333334,924305.7857142857,0.17686117279341046
2023-10-08,927274.0,940962.2142857143,0.1709681336430575
2023-10-09,989984.5,888363.0714285715,0.26630447338977864
2023-10-10,1052695.0,850075.738095238,0.3616408131364998
2023-10-11,811702.0,826100.2142857143,-0.00473149332863083
2023-10-12,570709.0,816436.5,-0.3711037997937615
2023-10-13,667015.3333333334,773587.1428571428,-0.22469301827507404
2023-10-14,763321.6666666666,697552.1428571428,-0.07828223675638679
2023-10-15,859628.0,722306.5714285715,0.06812854476230067
2023-10-16,690039.0,847850.4285714285,-0.1896910312466085
2023-10-17,520450.0,939039.3095238096,-0.44751060725551767
2023-10-18,984983.0,995873.2142857143,0.2587008870167913
2023-10-19,1449516.0,1018352.1428571428,0.9649123812891002
2023-10-20,1305337.5,1044461.1428571428,0.7457234024072121
2023-10-21,1161159.0,1131759.142857143,0.5265344235253241
2023-10-22,1016980.5,1132314.4285714286,0.3073454446434361
2023-10-23,872802.0,1046127.0,0.08815646576154806
2023-10-24,1131536.0,972987.3095238096,0.4814997261091479
2023-10-25,988870.0,912895.3571428572,0.26461014228657076
2023-10-26,846204.0,865851.1428571428,0.0477205584639936
2023-10-27,793359.6666666666,843031.0714285715,-0.0326166309437715
2023-10-28,740515.3333333334,786876.2142857143,-0.11295382035153642
2023-10-29,687671.0,756200.9285714285,-0.19329100975930152
2023-10-30,713061.5,751005.2142857143,-0.15469081785620517
2023-10-31,738452.0,759505.3095238095,-0.1160906259531088
2023-11-01,774143.0,781701.2142857143,-0.061830983598156676
2023-11-02,809834.0,817592.9285714285,-0.007571341243204548
2023-11-03,852860.3333333334,860511.7142857143,0.05783992373988991
2023-11-04,895886.6666666666,910457.5714285715,0.12325118872298418
2023-11-05,938913.0,927889.1428571428,0.18866245370607862
2023-11-06,1013493.0,912806.4285714285,0.30204353372155396
2023-11-07,1088073.0,898877.7074829933,0.41542461373702927
2023-11-08,896164.0,886102.9795918368,0.12367280782807441
2023-11-09,704255.0,874482.2448979592,-0.16807899808088045
2023-11-10,755359.2857142857,859507.8367346938,-0.09038713554796095
2023-11-11,806463.5714285715,841179.7551020408,-0.012695273015041253
2023-11-12,857567.8571428572,857567.8571428572,0.06499658951787826
2023-11-13,908672.1428571428,908672.1428571428,0.14268845205079778
2023-11-14,959776.4285714286,936144.8639455783,0.22038031458371746
2023-11-15,1010880.7142857144,939986.0204081632,0.29807217711663714
2023-11-16,1061985.0,920195.6122448979,0.3757640396495565
2023-11-17,947668.3333333334,892740.5204081632,0.20197284723287978
2023-11-18,833351.6666666666,857620.7448979592,0.028181654816202877
2023-11-19,719035.0,814836.2857142857,-0.14560953760047385
2023-11-20,716486.5,764387.1428571428,-0.14948392325908794
2023-11-21,713938.0,720852.238095238,-0.15335830891770202
2023-11-22,711389.5,684231.5714285715,-0.1572326945763161
2023-11-23,708841.0,654525.1428571428,-0.1611070802349302
2023-11-24,642924.0,674765.3571428572,-0.26131813750739047
2023-11-25,577007.0,744952.2142857143,-0.36152919477985074
2023-11-26,511090.0,821824.4285714285,-0.461740252052311
2023-11-27,858168.0,905382.0,0.06590896341579229
2023-11-28,1205246.0,957978.1904761905,0.5935581788838956
2023-11-29,1249495.0,979613.0,0.6608282165562578
2023-11-30,1293744.0,970286.4285714285,0.7280982542286198
2023-12-01,1011097.3333333333,964026.5,0.2984014946490982
2023-12-02,728450.6666666666,960833.2142857143,-0.13129526493042326
2023-12-03,445804.0,922946.3571428572,-0.5609920245099448
2023-12-04,814348.5,850365.9285714285,-0.000708122072785356
2023-12-05,1182893.0,912049.738095238,0.559575780364374
2023-12-06,984287.0,1107997.7857142857,0.2576427852242092
2023-12-07,785681.0,1438210.0714285714,-0.04429020991595563
2023-12-08,1442884.0,1809659.2857142857,0.9548300090356457
2023-12-09,2100087.0,2222345.4285714286,1.9539502279872472
2023-12-10,2757290.0,2653159.214285714,2.9530704469388485
2023-12-11,3414493.0,3102100.6428571427,3.9521906658904498
2023-12-12,4071696.0,3416794.785714286,4.9513108848420515
2023-12-13,3999983.5,3597241.6428571427,4.8422891538067905
2023-12-14,3928271.0,3643441.214285714,4.7332674227715295
2023-12-15,3645743.0,3601831.1071428573,4.303751067520627
2023-12-16,3363215.0,3472411.3214285714,3.8742347122697267
2023-12-17,3080687.0,3359312.6428571427,3.4447183570188256
2023-12-18,3123222.25,3262535.0714285714,3.5093830470661334
2023-12-19,3165757.5,3082687.3571428573,3.5740477371134416
2023-12-20,3208292.75,2819769.5,3.63871242716075
2023-12-21,3250828.0,2473781.5,3.703377117208058
2023-12-22,2386809.0,2230577.535714286,2.389842558695173
2023-12-23,1522790.0,2090157.607142857,1.076308000182288
2023-12-24,658771.0,1924745.2857142857,-0.23722655833059728
2023-12-25,1420794.5,1734340.5714285714,0.9212481993413331
2023-12-26,2182818.0,1639049.5238095238,2.079722957013263
2023-12-27,2050406.5,1638872.142857143,1.878422891627515
2023-12-28,1917995.0,1733808.4285714286,1.6771228262417666
2023-12-29,1719771.6666666667,1712380.857142857,1.3757715843860292
2023-12-30,1521548.3333333333,1574589.4285714286,1.0744203425302916
2023-12-31,1323325.0,1471814.7857142857,0.7730691006745541
2024-01-01,1270801.5,1404056.9285714286,0.6932196617339156
2024-01-02,1218278.0,1351010.0238095238,0.6133702227932771
2024-01-03,1330984.0,1312674.0714285714,0.7847127811765456
2024-01-04,1443690.0,1289049.0714285714,0.956055339559814
2024-01-05,1348443.3333333333,1269162.357142857,0.8112555281554074
2024-01-06,1253196.6666666667,1253013.9285714286,0.6664557167510011
2024-01-07,1157950.0,1231514.642857143,0.5216559053465945
2024-01-08,1131594.5,1204664.5,0.4815886613891278
2024-01-09,1105239.0,1228487.5,0.44152141743166123
2024-01-10,1180489.0,1302983.642857143,0.5559210724486164
2024-01-11,1255739.0,1428152.9285714286,0.6703207274655716
2024-01-12,1515204.3333333333,1486521.5,1.0647758055013539
2024-01-13,1774669.6666666667,1478089.357142857,1.4592308835371364
2024-01-14,2034135.0,1471581.2142857143,1.8536859615729184
2024-01-15,1540174.5,1466997.0714285714,1.1027369809482979
2024-01-16,1046214.0,1405972.119047619,0.3517880003236774
2024-01-17,1134932.0,1288506.357142857,0.4866625331315742
2024-01-18,1223650.0,1114599.7857142857,0.6215370659394709
2024-01-19,1088029.6666666667,1095179.9285714286,0.41535873575185905
2024-01-20,952409.3333333333,1230246.7857142857,0.20918040556424683
2024-01-21,816789.0,1357174.5714285714,0.003002075376634965
2024-01-22,1404235.5,1475963.2857142857,0.896074194192818
2024-01-23,1991682.0,1617194.5714285714,1.7891463130090008
2024-01-24,2023426.5,1780868.4285714286,1.8374062445529973
2024-01-25,2055171.0,1966984.857142857,1.885666176096994
2024-01-26,2076648.6666666667,2002727.0714285714,1.9183178393160747
2024-01-27,2098126.333333333,1888095.0714285714,1.9509695025351548
2024-01-28,2119604.0,1778743.357142857,1.983621165754236
2024-01-29,1654431.0,1674671.9285714286,1.2764367043163345
2024-01-30,1189258.0,1563091.7857142857,0.5692522428784328
2024-01-31,1257964.5,1444002.9285714286,0.6737040687578006
2024-02-01,1326671.0,1317405.357142857,0.7781558946371685
2024-02-02,1295587.6666666667,1251081.0714285714,0.7309011091207519
2024-02-03,1264504.3333333333,1245030.0714285714,0.683646323604335
2024-02-04,1233421.0,1250627.642857143,0.6363915380879184
2024-02-05,1190161.0,1267873.7857142857,0.5706250387386362
2024-02-06,1146901.0,1274366.2142857143,0.5048585393893541
2024-02-07,1297147.5,1270104.9285714286,0.7332724632100179
2024-02-08,1447394.0,1255089.9285714286,0.9616863870306819
2024-02-09,1341034.6666666667,1241897.142857143,0.7999924197062079
2024-02-10,1234675.3333333333,1230526.5714285714,0.6382984523817335
2024-02-11,1128316.0,1233120.2142857143,0.47660448505725955
2024-02-12,1097811.5,1249678.0714285714,0.43022967739659895
2024-02-13,1067307.0,1266034.6904761903,0.38385486973593835
2024-02-14,1315303.0,1282190.0714285714,0.760873565358328
2024-02-15,1563299.0,1298144.2142857143,1.1378922609807176
2024-02-16,1455531.0,1343276.4642857143,0.9740567523844754
2024-02-17,1347763.0,1417586.8214285714,0.8102212437882332
2024-02-18,1239995.0,1481289.5,0.6463857351919909
2024-02-19,1413737.25,1534384.5,0.9105193360141781
2024-02-20,1587479.5,1567531.738095238,1.1746529368363652
2024-02-21,1761221.75,1580731.2142857143,1.4387865376585525
2024-02-22,1934964.0,1573982.9285714286,1.7029201384807395
2024-02-23,1687561.6666666667,1487480.107142857,1.3268039712551838
2024-02-24,1440159.3333333333,1321222.75,0.9506878040296275
2024-02-25,1192757.0,1129608.857142857,0.5745716368040716
2024-02-26,808217.5,912638.4285714285,-0.010028843466924257
2024-02-27,423678.0,746717.2857142857,-0.5946293237379201
2024-02-28,419924.5,631845.4285714285,-0.6003356241380018
2024-02-29,416171.0,568022.8571428572,-0.6060419245380834
2024-03-01,526113.6666666666,520805.35714285716,-0.4389003545937543
2024-03-02,636056.3333333334,490192.9285714286,-0.2717587846494251
2024-03-03,745999.0,479060.35714285716,-0.10461721470509604
2024-03-04,477695.0,487407.64285714284,-0.5125093747006993
2024-03-05,209391.0,483370.1666666667,-0.9204015346963026
2024-03-06,341996.5,466947.9285714286,-0.718806538638484
2024-03-07,474602.0,438140.9285714286,-0.5172115425806654
2024-03-08,497851.3333333333,427811.35714285716,-0.4818664832755819
2024-03-09,521100.6666666667,435959.21428571426,-0.4465214239704984
2024-03-10,544350.0,443199.85714285716,-0.41117636466541496
2024-03-11,405388.0,449533.28571428574,-0.6224349010171243
2024-03-12,266426.0,453642.20952380955,-0.8336934373688336
2024-03-13,392681.0,455526.62857142853,-0.6417528600377282
2024-03-14,518936.0,455186.5428571428,-0.44981228270662293
2024-03-15,526613.8,475795.0,-0.43814002129414203
2024-03-16,534291.6,517352.0,-0.4264677598816614
2024-03-17,541969.4,541969.4,-0.4147954984691805
2024-03-18,549647.2,549647.2,-0.4031232370566999
2024-03-19,557325.0,557325.0,-0.391450975644219
2024-03-20,565002.8,565002.8,-0.37977871423173815
2024-03-21,572680.6,572680.6,-0.36810645281925747
2024-03-22,580358.4,576580.7857142857,-0.3564341914067766
2024-03-23,588036.2,576703.3571428572,-0.344761929994296
2024-03-24,595714.0,610824.8857142858,-0.3330896685818151
2024-03-25,576948.5,678945.3714285714,-0.36161813005983073
2024-03-26,558183.0,748558.3619047619,-0.3901465915378463
2024-03-27,803853.5,819663.8571428572,-0.016663263327309538
2024-03-28,1049524.0,892261.8571428572,0.3568200648832272
2024-03-29,1067649.3333333333,952406.2142857143,0.38437530581878393
2024-03-30,1085774.6666666667,1000096.9285714285,0.411930546754341
2024-03-31,1103900.0,1017479.7857142857,0.4394857876898977
2024-04-01,997959.0,1004554.7857142857,0.27842779629918346
2024-04-02,892018.0,953239.6904761904,0.11736980490846914
2024-04-03,925533.5,863534.4999999999,0.1683221190310042
2024-04-04,959049.0,735439.2142857143,0.21927443315353923
2024-04-05,708443.6666666666,683021.0,-0.16171113068356907
2024-04-06,457838.3333333333,706279.8571428572,-0.5426966945206773
2024-04-07,207233.0,675550.6428571428,-0.9236822583577855
2024-04-08,631031.5,590833.3571428572,-0.2793978437836581
2024-04-09,1054830.0,534450.6904761905,0.36488657079046927
2024-04-10,710429.0,506402.64285714284,-0.1586929054553033
2024-04-11,366028.0,506689.21428571426,-0.6822723817010758
2024-04-12,313765.0,527868.6428571428,-0.7617257926000942
2024-04-13,261502.0,569940.9285714285,-0.8411792034991126
2024-04-14,209239.0,667329.0714285715,-0.9206326143981308
2024-04-15,779287.5,820033.0714285715,-0.054009999874107165
2024-04-16,1349336.0,927793.1666666667,0.8126126146499165
2024-04-17,1392146.0,990609.3571428572,0.8776949964608913
2024-04-18,1434956.0,1008481.6428571428,0.942777378271866
2024-04-19,1068085.6666666667,943704.6428571428,0.38503864645407626
2024-04-20,701215.3333333334,796278.3571428572,-0.17270008536371367
2024-04-21,334345.0,649382.9285714285,-0.7304388171815036
2024-04-22,325848.5,503018.35714285716,-0.7433557164353449
2024-04-23,317352.0,409321.119047619,-0.7562726156891864
2024-04-24,363878.0,368291.21428571426,-0.6855409432729889
2024-04-25,410404.0,379928.64285714284,-0.6148092708567914
2024-04-26,412205.0,402995.64285714284,-0.6120712804423657
2024-04-27,414006.0,437492.21428571426,-0.60933329002794
2024-04-28,415807.0,503441.5,-0.6065952996135142
2024-04-29,487317.5,600843.5,-0.49788066133989334
2024-04-30,558828.0,691219.5816326531,-0.3891660230662724
2024-05-01,825523.0,774569.7448979592,0.01628003666458296
2024-05-02,1092218.0,850893.9897959185,0.4217260963954383
2024-05-03,1044837.5714285716,910233.8163265307,0.3496954693771407
2024-05-04,997457.1428571428,952589.224489796,0.27766484235884253
2024-05-05,950076.7142857144,950076.7142857143,0.20563421534054488
2024-05-06,902696.2857142856,902696.2857142857,0.13360358832224656
2024-05-07,855315.8571428572,863720.7278911564,0.06157296130394892
2024-05-08,807935.4285714286,833150.0408163265,-0.010457665714348889
2024-05-09,760555.0,810984.2244897959,-0.08248829273264688
2024-05-10,772008.6666666666,784546.9795918368,-0.065075727744662
2024-05-11,783462.3333333334,753838.306122449,-0.04766316275667696
2024-05-12,794916.0,718858.2040816328,-0.03025059776869209
2024-05-13,717635.5714285715,679606.6734693878,-0.14773703455452425
2024-05-14,640355.1428571428,627678.843537415,-0.2652234713403566
2024-05-15,563074.7142857143,563074.7142857143,-0.38270990812618877
2024-05-16,485794.28571428574,485794.28571428574,-0.500196344912021
2024-05-17,408513.8571428572,429281.9897959184,-0.6176827816978532
2024-05-18,331233.42857142864,393537.82653061225,-0.7351692184836854
2024-05-19,253953.0,388864.224489796,-0.8526556552695178
2024-05-20,322049.5,415261.1836734694,-0.7491311887198554
2024-05-21,390146.0,445921.80408163264,-0.6456067221701931
2024-05-22,530359.5,480846.0857142857,-0.4324455789313912
2024-05-23,670573.0,520034.0285714286,-0.21928443569258924
2024-05-24,623138.2,542717.5,-0.2913977214839284
2024-05-25,575703.4,548896.5,-0.36351100727526736
2024-05-26,528268.6,538331.4285714285,-0.4356242930666065
2024-05-27,480833.8,511022.28571428574,-0.5077375788579456
2024-05-28,433399.0,492987.9714285714,-0.5798508646492847
2024-05-29,456404.0,484228.4857142857,-0.5448772558298155
2024-05-30,479409.0,484743.82857142854,-0.5099036470103463
2024-05-31,496898.0,499332.71428571426,-0.48331579894932936
2024-06-01,514387.0,527995.1428571428,-0.4567279508883123
2024-06-02,531876.0,539741.0714285715,-0.4301401028272953
2024-06-03,582956.0,534570.5,-0.3524851609234273
2024-06-04,634036.0,533529.6428571428,-0.27483021901955923
2024-06-05,538625.5,536618.5,-0.41987909988328287
2024-06-06,443215.0,543837.0714285715,-0.5649279807470065
2024-06-07,489612.0,537644.1785714285,-0.49439242202512385
2024-06-08,536009.0,518039.8214285714,-0.4238568633032412
2024-06-09,582406.0,505951.21428571426,-0.3533213045813585
2024-06-10,539605.75,501378.35714285716,-0.41838886384567
2024-06-11,496805.5,486197.1666666666,-0.4834564231099814
2024-06-12,454005.25,460407.64285714284,-0.5485239823742929
2024-06-13,411205.0,424009.78571428574,-0.6135915416386043
2024-06-14,383343.6666666667,590739.8571428572,-0.6559480455807402
2024-06-15,355482.3333333333,960597.8571428572,-0.6983045495228761
2024-06-16,327621.0,1533583.7857142857,-0.7406610534650121
2024-06-17,1706716.25,2309697.6428571427,1.355923941026969
2024-06-18,3085811.5,3016545.785714286,3.45250893551895
2024-06-19,4464906.75,3654128.214285714,5.549093930010931
2024-06-20,5844002.0,4222444.928571428,7.645678924502913
2024-06-21,5331280.666666667,4346209.535714285,6.866208576952525
2024-06-22,4818559.333333333,4025422.035714286,6.086738229402138
2024-06-23,4305838.0,3522867.5714285714,5.307267881851751
2024-06-24,2573068.5,2838546.1428571427,2.673005648975978
2024-06-25,840299.0,2203705.666666667,0.03874341610020462
2024-06-26,947025.5,1618346.142857143,0.20099557266056434
2024-06-27,1053752.0,1082467.5714285714,0.363247729220924
2024-06-28,887397.3333333334,800917.9285714285,0.11034518467438269
2024-06-29,721042.6666666667,773697.2142857143,-0.14255735987215867
2024-06-30,554688.0,778302.2857142857,-0.3954599044187002
2024-07-01,602221.0,814733.1428571428,-0.3231973289778905
2024-07-02,649754.0,866533.0136054421,-0.2509347535370808
2024-07-03,979261.0,933701.8979591837,0.250001952451914
2024-07-04,1308768.0,1016239.7959183672,0.7509386584409087
2024-07-05,1249996.4285714286,1083591.3265306123,0.661590518956086
2024-07-06,1191224.857142857,1135756.4897959183,0.5722423794712631
2024-07-07,1132453.2857142857,1132453.2857142857,0.4828942399864404
2024-07-08,1073681.7142857143,1073681.7142857143,0.39354610050161776
2024-07-09,1014910.1428571428,1072519.5102040817,0.3041979610167949
2024-07-10,956138.5714285714,1128966.6734693877,0.2148498215319721
2024-07-11,897367.0,1243023.2040816327,0.12550168204714945
2024-07-12,1241861.0,1286317.8163265307,0.6492225425841722
2024-07-13,1586355.0,1258850.5102040817,1.172943403121195
2024-07-14,1930849.0,1315938.5714285714,1.6966642636582177
2024-07-15,1376744.0,1457582.0,0.8542799335164243
2024-07-16,822639.0,1568530.1904761905,0.011895603374630817
2024-07-17,1355755.0,1648783.142857143,0.8223711712685722
2024-07-18,1888871.0,1698340.857142857,1.6328467391625134
2024-07-19,2018498.3333333333,1761739.5714285714,1.8299141440010673
2024-07-20,2148125.6666666665,1838979.2857142857,2.0269815488396214
2024-07-21,2277753.0,1829250.142857143,2.2240489536781753
2024-07-22,1820535.0,1732552.142857143,1.528958170056352
2024-07-23,1363317.0,1615443.8095238095,0.8338673864345285
2024-07-24,1287651.0,1477925.142857143,0.718835302759938
2024-07-25,1211985.0,1319996.142857143,0.6038032190853476
2024-07-26,1198740.0,1202917.2142857143,0.5836673595411672
2024-07-27,1185495.0,1126688.357142857,0.5635314999969869
2024-07-28,1172250.0,1121653.142857143,0.5433956404528065
2024-07-29,1000982.5,1187811.5714285714,0.28302430602601086
2024-07-30,829715.0,1243535.761904762,0.022652971599215203
2024-07-31,1252404.5,1288825.7142857143,0.6652514165067139
2024-08-01,1675094.0,1323681.4285714286,1.3078498614142127
2024-08-02,1588809.3333333333,1400553.142857143,1.1766746308504965
2024-08-03,1502524.6666666667,1519440.857142857,1.0454994002867806
2024-08-04,1416240.0,1633427.357142857,0.9143241697230643
2024-08-05,1539084.5,1742512.642857143,1.101079896244398
2024-08-06,1661929.0,1866582.5476190473,1.2878356227657315
2024-08-07,2050310.0,2005637.0714285714,1.878276186422078
2024-08-08,2438691.0,2159676.214285714,2.4687167500784244
2024-08-09,2457298.6666666665,2210054.0714285714,2.4970052636643003
2024-08-10,2475906.333333333,2156770.6428571427,2.525293777250176
2024-08-11,2494514.0,2082999.0,2.553582290836052
2024-08-12,1891729.5,1988739.142857143,1.6371924057919616
2024-08-13,1288945.0,1928566.219047619,0.7208025207478708
2024-08-14,1533908.5,1902480.2285714285,1.093211024292667
2024-08-15,1778872.0,1910481.1714285712,1.4656195278374629
2024-08-16,2036088.2,2041339.357142857,1.8566553357414117
2024-08-17,2293304.4,2295054.785714286,2.2476911436453606
2024-08-18,2550520.6,2481203.1999999997,2.6387269515493097
2024-08-19,2807736.8,2599784.6,3.029762759453258
2024-08-20,3064953.0,2649048.6,3.420798567357207
2024-08-21,2836947.4,2628995.1999999997,3.0741705011521057
2024-08-22,2608941.8,2539624.4,2.727542434947004
2024-08-23,2380936.2,2345908.0714285714,2.3809143687419034
2024-08-24,2152930.6,2047846.2142857143,2.0342863025368016
2024-08-25,1924925.0,1796091.6571428573,1.6876582363317003
2024-08-26,1451722.5,1590644.4000000001,0.9682668376186007
2024-08-27,978520.0,1418013.5142857146,0.24887543890550115
2024-08-28,1074665.5,1278199.0,0.39504171174846014
2024-08-29,1170811.0,1171200.857142857,0.5412079845914192
2024-08-30,1172520.0,1160661.5714285714,0.5438061109757909
2024-08-31,1174229.0,1246581.142857143,0.5464042373601627
2024-09-01,1175938.0,1240229.7857142857,0.5490023637445345
2024-09-02,1377947.5,1141607.5,0.8561095678660974
2024-09-03,1579957.0,1045916.6428571428,1.1632167719876603
2024-09-04,1030206.0,953157.2142857143,0.3274516590942898
2024-09-05,480455.0,863329.2142857143,-0.5083134537990808
2024-09-06,502684.0,750237.1428571428,-0.47451956766789277
2024-09-07,524913.0,613881.0,-0.44072568153670477
2024-09-08,547142.0,724168.7857142857,-0.40693179540551677
2024-09-09,586303.0,1081100.5,-0.3473968466996167
2024-09-10,625464.0,1365884.5476190473,-0.2878618979937166
2024-09-11,1802220.5,1578520.9285714286,1.50111534637784
2024-09-12,2978977.0,1719009.642857143,3.2900925907493965
2024-09-13,2496172.333333333,1823433.2142857143,2.5561033906531474
2024-09-14,2013367.6666666665,1891791.642857143,1.822114190556899
2024-09-15,1530563.0,1745892.2142857143,1.0881249904606507
2024-09-16,1317268.0,1385734.9285714286,0.7638608786089368
2024-09-17,1103973.0,1088343.280952381,0.43959676675722315
2024-09-18,780924.5,853717.2714285714,-0.051521332295864565
2024-09-19,457876.0,681856.9000000001,-0.5426394313489523
2024-09-20,414430.8,534260.7857142857,-0.6086874830717778
2024-09-21,370985.6,410928.9285714286,-0.6747355347946034
2024-09-22,327540.4,333125.5714285714,-0.7407835865174288
2024-09-23,284095.2,300850.71428571426,-0.8068316382402545
2024-09-24,240650.0,305840.5523809524,-0.87287968996308
2024-09-25,236301.0,348095.0857142857,-0.8794913059055217
2024-09-26,231952.0,427614.3142857143,-0.8861029218479634
2024-09-27,449359.6666666666,559321.0714285715,-0.5555864824498524
2024-09-28,666767.3333333333,743215.3571428572,-0.22507004305174141
2024-09-29,884175.0,844282.5,0.10544639634636975
2024-09-30,1206042.5,862522.5,0.5947690669266996
2024-10-01,1527910.0,842121.2619047619,1.0840917375070296
2024-10-02,943771.0,783078.7857142857,0.1960478825974058
2024-10-03,359632.0,685395.0714285715,-0.691995972312218
2024-10-04,306551.0,560516.9285714285,-0.7726929568697595
2024-10-05,253470.0,408444.35714285716,-0.853389941427301
2024-10-06,200389.0,366874.5714285714,-0.9340869259848426
2024-10-07,331895.5,435807.5714285714,-0.7341626969816901
2024-10-08,463402.0,513212.1904761905,-0.5342384679785377
2024-10-09,652782.5,599088.4285714285,-0.24633064250427217
2024-10-10,842163.0,693436.2857142857,0.04157718296999338
2024-10-11,848383.3333333334,750987.9642857143,0.05103371436432966
2024-10-12,854603.6666666666,771743.4642857143,0.06049024575866576
2024-10-13,860824.0,747435.0714285715,0.06994677715300203
2024-10-14,734757.25,678062.7857142857,-0.1217076110079114
2024-10-15,608690.5,604039.9761904761,-0.31336199916882485
2024-10-16,482623.75,525366.6428571428,-0.5050163873297383
2024-10-17,356557.0,442042.78571428574,-0.6966707754906517
2024-10-18,330223.6666666667,375705.3214285714,-0.736704320324935
2024-10-19,303890.3333333333,326354.25,-0.7767378651592184
2024-10-20,277557.0,308011.28571428574,-0.8167714099935017
2024-10-21,270395.0,320676.4285714286,-0.8276595206809626
2024-10-22,263233.0,352826.71428571426,-0.8385476313684235
2024-10-23,354223.0,404462.14285714284,-0.7002190651226726
2024-10-24,445213.0,475582.71428571426,-0.5618904988769218
2024-10-25,555275.6666666666,508544.0,-0.39456649758904405
2024-10-26,665338.3333333334,503346.0,-0.2272424963011662
2024-10-27,775401.0,488176.0,-0.05991849501328851
2024-10-28,501124.0,463034.0,-0.47689117513402496
2024-10-29,226847.0,425195.3333333333,-0.8938638552547614
2024-10-30,248033.0,374660.0,-0.8616556015512503
2024-10-31,269219.0,311428.0,-0.8294473478477392
2024-11-01,290405.0,290405.0,-0.797239094144228
2024-11-02,311591.0,311591.0,-0.7650308404407169
2024-11-03,332777.0,348012.28571428574,-0.7328225867372058
2024-11-04,353963.0,399668.85714285716,-0.7006143330336947
2024-11-05,375149.0,440187.23809523805,-0.6684060793301835
2024-11-06,502982.0,469567.4285714286,-0.4740665298314137
2024-11-07,630815.0,487809.4285714286,-0.27972698033264376
2024-11-08,574033.6666666666,553723.3571428572,-0.3660494380700003
2024-11-09,517252.3333333333,667309.2142857143,-0.45237189580735665
2024-11-10,460471.0,721104.7142857143,-0.5386943535447131
2024-11-11,815360.5,715109.8571428572,0.0008303822578081145
2024-11-12,1170250.0,726988.3333333333,0.5403551180603293
2024-11-13,879550.5,756740.1428571428,0.09841594844436431
2024-11-14,588851.0,804365.2857142857,-0.34352322117160067
2024-11-15,657183.0,768710.5714285715,-0.23964073311022419
2024-11-16,725515.0,649776.0,-0.13575824504884768
2024-11-17,793847.0,588168.2142857143,-0.03187575698747116
2024-11-18,565777.5,583887.2142857143,-0.3786009678830122
2024-11-19,337708.0,609778.0238095239,-0.7253261787785532
2024-11-20,448296.0,665840.6428571428,-0.5572035336089182
2024-11-21,558884.0,752075.0714285715,-0.389080888439283
2024-11-22,838418.6666666667,860380.2857142857,0.03588481829754408
2024-11-23,1117953.3333333335,990756.2857142857,0.4608505250343712
2024-11-24,1397488.0,1113252.5428571429,0.885816231771198
2024-11-25,1323914.0,1227869.0571428572,0.7739645345191386
2024-11-26,1250340.0,1310470.5904761904,0.6621128372670794
2024-11-27,1305769.8,1361057.142857143,0.7463806113223462
2024-11-28,1361199.6,1379628.7142857143,0.830648385377613
2024-11-29,1416629.4,1340908.0714285714,0.9149161594328795
2024-11-30,1472059.2,1244895.2142857143,0.9991839334881463
2024-12-01,1527489.0,1123260.3142857142,1.0834517075434131
2024-12-02,1052869.5,976003.3714285714,0.3619060987152435
2024-12-03,578250.0,868885.7428571427,-0.35963951011292616
2024-12-04,454325.5,801907.4285714285,-0.5480371187261974
2024-12-05,330401.0,775068.4285714285,-0.7364347273394687
2024-12-06,666806.0,745076.0714285715,-0.22501125961882007
2024-12-07,1003211.0,711930.3571428572,0.2864122081018286
2024-12-08,1339616.0,723528.4285714285,0.7978356758224773
2024-12-09,842923.0,779870.2857142857,0.042732581479134724
2024-12-10,346230.0,796396.1428571428,-0.7123705128642078
2024-12-11,535512.0,773106.0,-0.42461243311777175
2024-12-12,724794.0,709999.8571428572,-0.1368543533713357
2024-12-13,782487.0,676383.1428571428,-0.04914592417674174
2024-12-14,840180.0,672255.8571428572,0.038562505017852224
2024-12-15,897873.0,662674.1428571428,0.1262709342124462
2024-12-16,607606.0,647638.0,-0.3150107224361456
2024-12-17,317339.0,619652.9047619049,-0.7562923790847375
2024-12-18,468440.0,578718.8571428572,-0.5265793920718876
2024-12-19,619541.0,524835.8571428572,-0.29686640505903783
2024-12-20,586591.3333333334,601448.8571428572,-0.3469585047213678
2024-12-21,553641.6666666666,808557.8571428572,-0.39705060438369794
2024-12-22,520692.0,948578.4285714285,-0.4471427040460279
2024-12-23,1143897.0,1021510.5714285715,0.5002916747558533
2024-12-24,1767102.0,1093241.1238095236,1.4477260535577345
2024-12-25,1448584.0,1163770.0857142857,0.9634954978542059
2024-12-26,1130066.0,1233097.4571428571,0.4792649421506771
2024-12-27,1088705.2,1207486.857142857,0.41638572286529124
2024-12-28,1047344.4,1086938.2857142857,0.3535065035799056
2024-12-29,1005983.6,1024003.8571428572,0.2906272842945197
2024-12-30,964622.8,1018683.5714285715,0.22774806500913405
2024-12-31,923262.0,1006933.9238095238,0.1648688457237482
2025-01-01,1008043.0,988754.9142857142,0.29375811020205356
2025-01-02,1092824.0,964146.5428571429,0.4226473746803589
2025-01-03,1006457.6666666666,926674.4285714285,0.29134798945228324
2025-01-04,920091.3333333334,876338.5714285715,0.16004860422420772
2025-01-05,833725.0,857377.3571428572,0.028749218996132017
2025-01-06,702318.0,869790.7857142857,-0.17102374401799464
2025-01-07,570911.0,850620.5,-0.3707967070321213
2025-01-08,875314.5,799866.5,0.09197612201709757
2025-01-09,1179718.0,717528.7857142857,0.5547489510663164
2025-01-10,872265.6666666667,677589.4285714285,0.08734109900663221
2025-01-11,564813.3333333334,680048.4285714285,-0.3800667530530522
2025-01-12,257361.0,621504.5,-0.8474746051127366
2025-01-13,422742.5,501957.6428571429,-0.5960515280870013
2025-01-14,588124.0,483366.45238095237,-0.34462845106126616
2025-01-15,465507.0,565730.9285714285,-0.5310383181604554
2025-01-16,342890.0,749051.0714285715,-0.7174481852596447
2025-01-17,742127.3333333333,875593.9285714285,-0.11050315930319997
2025-01-18,1141364.6666666665,945359.5,0.4964418666532448
2025-01-19,1540602.0,1005689.1428571428,1.10338689260969
2025-01-20,1308542.5,1056582.857142857,0.7505958395411569
2025-01-21,1076483.0,1070941.142857143,0.39780478647262385
2025-01-22,887814.5,1048764.0000000002,0.11097938697008017
2025-01-23,699146.0,990051.4285714285,-0.1758460125324635
2025-01-24,842635.3333333334,932174.7857142857,0.042295253008350145
2025-01-25,986124.6666666667,875134.0714285715,0.2604365185491638
2025-01-26,1129614.0,849007.0,0.47857778408997725
2025-01-27,903406.0,853793.5714285715,0.1346825394112344
2025-01-28,677198.0,830642.3523809524,-0.20921270526750846
2025-01-29,704925.0,779553.3428571428,-0.16706042307940058
2025-01-30,732652.0,700526.542857143,-0.12490814089129273
2025-01-31,680576.8,646375.8571428572,-0.2040760467376574
2025-02-01,628501.6,617101.2857142857,-0.2832439525840222
2025-02-02,576426.4,581635.5714285715,-0.36241185843038687
2025-02-03,524351.2,539978.7142857143,-0.44157976427675166
2025-02-04,472276.0,505175.60000000003,-0.5207476701231163
2025-02-05,456665.0,477226.22857142857,-0.5444804676575972
2025-02-06,441054.0,456130.60000000003,-0.5682132651920782
2025-02-07,436955.0,441888.71428571426,-0.5744448158354601
2025-02-08,432856.0,434500.5714285714,-0.5806763664788422
2025-02-09,428757.0,428757.0,-0.5869079171222242
2025-02-10,424658.0,424658.0,-0.5931394677656063
2025-02-11,420559.0,427835.1904761905,-0.5993710184089883
2025-02-12,416460.0,438288.5714285714,-0.6056025690523704
2025-02-13,412361.0,456018.14285714284,-0.6118341196957525
2025-02-14,459195.3333333333,468686.14285714284,-0.5406337000773815
2025-02-15,506029.6666666667,476292.5714285714,-0.46943328045901045
2025-02-16,552864.0,478837.4285714286,-0.39823286084063947
2025-02-17,513334.0,476320.71428571426,-0.45832878592795157
2025-02-18,473804.0,467618.86666666664,-0.5184247110152638
2025-02-19,434274.0,452731.8857142857,-0.5785206361025759
2025-02-20,394744.0,431659.77142857143,-0.638616561189888
2025-02-21,398282.4,416740.28571428574,-0.6332372689731173
2025-02-22,401820.8,407973.4285714286,-0.6278579767563467
2025-02-23,405359.2,401238.5,-0.6224786845395759
2025-02-24,408897.6,396535.5,-0.6170993923228053
2025-02-25,412436.0,392428.15714285715,-0.6117201001060346
2025-02-26,387129.5,388916.4714285714,-0.6501925900686469
2025-02-27,361823.0,386000.4428571429,-0.6886650800312593
2025-02-28,369531.0,383680.0714285714,-0.676946906730652
2025-03-01,377239.0,381955.35714285716,-0.6652287334300448
2025-03-02,384947.0,403275.14285714284,-0.6535105601294376
2025-03-03,392655.0,447639.4285714286,-0.6417923868288304
2025-03-04,400363.0,483614.4761904762,-0.6300742135282232
2025-03-05,536368.0,511200.28571428574,-0.4233110895337915
2025-03-06,672373.0,530396.8571428572,-0.21654796553935973
2025-03-07,621356.3333333334,577356.9285714285,-0.29410662423413264
2025-03-08,570339.6666666666,652080.5,-0.37166528292890566
2025-03-09,519323.0,704279.6428571428,-0.44922394162367857
2025-03-10,721375.5,733954.3571428572,-0.14205136627067738
2025-03-11,923428.0,767822.0238095239,0.1651212090823238
2025-03-12,901762.0,805882.6428571428,0.13218323000461812
2025-03-13,880096.0,848136.2142857143,0.09924525092691247
2025-03-14,858430.0,858430.0,0.0663072718492068
2025-03-15,836764.0,836764.0,0.03336929277150114
2025-03-16,815098.0,819128.1428571428,0.0004313136937954801
2025-03-17,793432.0,805522.4285714285,-0.032506665383910185
2025-03-18,771766.0,788980.7619047619,-0.06544464446161585
2025-03-19,778311.0,769503.1428571428,-0.05549453493223416
2025-03-20,784856.0,747089.5714285715,-0.04554442540285248
2025-03-21,742638.3333333334,726146.2789115646,-0.10972630583192186
2025-03-22,700420.6666666666,706673.2653061225,-0.17390818626099142
2025-03-23,658203.0,684640.3877551021,-0.2380900666900608
2025-03-24,646828.9523809524,660047.6462585034,-0.25538158992946897
2025-03-25,635454.9047619047,639861.1360544218,-0.27267311316887727
2025-03-26,624080.8571428572,624080.8571428572,-0.2899646364082854
2025-03-27,612706.8095238095,612706.8095238096,-0.30725615964769376
2025-03-28,601332.7619047619,601332.7619047619,-0.3245476828871019
2025-03-29,589958.7142857143,589958.7142857143,-0.34183920612651003
2025-03-30,578584.6666666666,578584.6666666666,-0.3591307293659184
2025-03-31,567210.619047619,567210.619047619,-0.3764222526053265
2025-04-01,555836.5714285715,555836.5714285715,-0.39371377584473466
2025-04-02,544462.5238095238,544462.5238095238,-0.41100529908414296
2025-04-03,533088.4761904762,533088.4761904762,-0.42829682232355115
2025-04-04,521714.4285714286,521714.42857142864,-0.4455883455629594
2025-04-05,510340.38095238095,510340.38095238095,-0.4628798688023676
2025-04-06,498966.3333333334,498966.3333333334,-0.4801713920417758
2025-04-07,487592.28571428574,487592.28571428574,-0.49746291528118397
2025-04-08,476218.2380952381,476218.23809523805,-0.5147544385205922
2025-04-09,464844.1904761905,464844.1904761905,-0.5320459617600005
2025-04-10,453470.1428571429,453470.14285714284,-0.5493374849994086
2025-04-11,442096.09523809527,444335.17346938775,-0.5666290082388169
2025-04-12,430722.0476190476,437439.28231292515,-0.5839205314782252
2025-04-13,419348.0,432782.4693877551,-0.6012120547176333
2025-04-14,423647.5,430364.7346938775,-0.5946756917044055
2025-04-15,427947.0,431455.0272108844,-0.5881393286911776
2025-04-16,432246.5,436053.3469387755,-0.5816029656779497
2025-04-17,436546.0,444159.69387755106,-0.5750666026647218
2025-04-18,449728.1428571429,453534.9897959184,-0.5550263023957335
2025-04-19,462910.28571428574,464179.2346938776,-0.5349860021267453
2025-04-20,476092.4285714286,476092.42857142864,-0.5149457018577571
2025-04-21,489274.5714285714,489274.5714285714,-0.49490540158876895
2025-04-22,502456.7142857143,508469.3605442177,-0.47486510131978066
2025-04-23,515638.8571428572,533676.7959183675,-0.45482480105079237
2025-04-24,528821.0,564896.8775510204,-0.43478450078180425
2025-04-25,584091.6666666666,591685.2959183675,-0.35075865095823233
2025-04-26,639362.3333333334,614042.0510204082,-0.26673280113466025
2025-04-27,694633.0,631967.1428571428,-0.18270695131108833
2025-04-28,676793.5,645460.5714285715,-0.20982765092138697
2025-04-29,658954.0,674362.019047619,-0.23694835053168561
2025-04-30,641114.5,718671.4857142858,-0.26406905014198423
2025-05-01,623275.0,778388.9714285715,-0.29118974975228284
2025-05-02,786401.8,863958.7857142857,-0.04319440564570677
2025-05-03,949528.6,975380.9285714285,0.20480093846086916
2025-05-04,1112655.4,1049561.9285714286,0.4527962825674451
2025-05-05,1275782.2,1086501.7857142857,0.7007916266740212
2025-05-06,1438909.0,1093640.8142857142,0.9487869707805973
2025-05-07,1160381.5,1070979.0142857141,0.5253524204452487
2025-05-08,881854.0,1018516.3857142857,0.10191787010989994
2025-05-09,836375.0,938381.5,0.032777911166164325
2025-05-10,790896.0,830574.3571428572,-0.036362047777571294
2025-05-11,745417.0,758188.4285714285,-0.10550200672130691
2025-05-12,714838.0,721223.7142857143,-0.1519900738410873
2025-05-13,684259.0,715795.9523809524,-0.19847814096086766
2025-05-14,653680.0,741905.1428571428,-0.244966208080648
2025-05-15,623101.0,799551.2857142857,-0.2914542752004284
2025-05-16,798380.6666666666,843518.75,-0.024983399477457455
2025-05-17,973660.3333333333,873807.5357142857,0.24148747624551348
2025-05-18,1148940.0,890417.6428571428,0.5079583519684846
2025-05-19,1022610.25,893349.0714285715,0.3159041351129604
2025-05-20,896280.5,867060.319047619,0.12384991825743621
2025-05-21,769950.75,811551.3857142858,-0.06820429859808798
2025-05-22,643621.0,726822.2714285714,-0.26025851545361217
2025-05-23,614359.4,655960.0357142857,-0.3047437904734678
2025-05-24,585097.8,598964.6785714285,-0.34922906549332333
2025-05-25,555836.2,561035.6428571428,-0.3937143405131791
2025-05-26,526574.6,542172.9285714285,-0.4381996155330347
2025-05-27,497313.0,526902.3952380952,-0.4826848905528903
2025-05-28,504447.5,515224.0428571428,-0.471838587048326
2025-05-29,511582.0,507137.87142857147,-0.46099228354376165
2025-05-30,507465.6666666667,498344.35714285716,-0.46725018538121177
2025-05-31,503349.3333333333,488843.5,-0.47350808721866205
2025-06-01,499233.0,479664.85714285716,-0.4797659890561122
2025-06-02,465020.0,470808.4285714286,-0.5317786853630236
2025-06-03,430807.0,486544.380952381,-0.5837913816699352
2025-06-04,440197.0,526872.7142857143,-0.5695161290372546
2025-06-05,449587.0,591793.4285714285,-0.5552408764045741
2025-06-06,617617.3333333334,623332.5714285715,-0.2997908808468688
2025-06-07,785647.6666666667,621490.1428571428,-0.04434088528916346
2025-06-08,953678.0,642817.4285714285,0.21110911026854168
2025-06-09,685794.0,687314.4285714285,-0.19614454002464138
2025-06-10,417910.0,693473.380952381,-0.6033981903178245
2025-06-11,589488.0,661294.2857142857,-0.3425548147895967
2025-06-12,761066.0,590777.1428571428,-0.08171143926136895
2025-06-13,660730.0,577666.3571428572,-0.23424836664716583
2025-06-14,560394.0,621961.9285714285,-0.38678529403296275
2025-06-15,460058.0,639397.8428571429,-0.5393222214187596
2025-06-16,594018.5,629974.1,-0.33566727144003766
2025-06-17,727979.0,632535.5571428572,-0.13201232146131575
2025-06-18,711539.4,647082.2142857143,-0.1570048074229999
2025-06-19,695099.8,673614.0714285715,-0.1819972933846841
2025-06-20,678660.2,706642.7142857143,-0.20698977934636845
2025-06-21,662220.6,746168.1428571428,-0.2319822653080526
2025-06-22,645781.0,777380.8714285714,-0.2569747512697368
2025-06-23,825219.0,800280.9,0.015817877260926424
2025-06-24,1004657.0,836744.5857142856,0.28861050579158964
2025-06-25,930028.5,886771.9285714285,0.17515569310809673
2025-06-26,855400.0,950362.9285714285,0.06170088042460383
2025-06-27,933906.0,994956.0,0.18105050589651192
2025-06-28,1012412.0,1020551.1428571428,0.30040013136842003
2025-06-29,1090918.0,1026018.2857142857,0.4197497568403281
2025-06-30,1137370.5,1011357.4285714285,0.49036969005860204
2025-07-01,1183823.0,989518.2857142857,0.560989623276876
2025-07-02,968298.5,960500.8571428572,0.23333608908814824
2025-07-03,752774.0,924305.1428571428,-0.09431744510057948
2025-07-04,781032.0,878980.880952381,-0.051357904217268914
2025-07-05,809290.0,824528.0714285715,-0.008398363333958351
2025-07-06,837548.0,798372.0,0.034561177549352215
2025-07-07,820100.6666666666,800512.6666666667,0.008036673704845093
2025-07-08,802653.3333333334,796124.0,-0.01848783013966185
2025-07-09,785206.0,785206.0,-0.04501233398416897
2025-07-10,767758.6666666666,767758.6666666667,-0.07153683782867609
2025-07-11,750311.3333333334,750311.3333333333,-0.09806134167318303
2025-07-12,732864.0,732864.0,-0.12458584551769014
2025-07-13,715416.6666666666,700901.7857142857,-0.15111034936219728
2025-07-14,697969.3333333334,654424.6904761905,-0.17763485320670422
2025-07-15,680522.0,628085.0428571429,-0.20415935705121133
2025-07-16,561470.5,621882.8428571429,-0.3851487328552119
2025-07-17,442419.0,635818.0904761906,-0.5661381086592124
2025-07-18,565933.8,669890.7857142857,-0.37836335105804003
2025-07-19,689448.6,724100.9285714285,-0.19058859345686782
2025-07-20,812963.4,814252.9285714285,-0.0028138358556954153
2025-07-21,936478.2,940346.7857142857,0.1849609217454768
2025-07-22,1059993.0,1040052.2904761905,0.3727356793466492
2025-07-23,1192534.5,1113369.4428571428,0.5742333786879086
2025-07-24,1325076.0,1160298.2428571428,0.775731078029168
2025-07-25,1263872.3333333333,1163076.7142857143,0.6826855185283122
2025-07-26,1202668.6666666667,1121704.857142857,0.5896399590274568
2025-07-27,1141465.0,1063524.2142857143,0.496594399526601
2025-07-28,955927.5,988534.7857142857,0.2145289378294804
2025-07-29,770390.0,918629.6190476192,-0.06753652386764017
2025-07-30,785270.0,853808.7142857143,-0.044915037267609696
2025-07-31,800150.0,794072.0714285715,-0.02229355066757922
2025-08-01,774536.1666666666,757181.6666666667,-0.061233267571168926
2025-08-02,748922.3333333334,743137.5,-0.10017298447475845
2025-08-03,723308.5,723308.5,-0.13911270137834816
2025-08-04,697694.6666666666,697694.6666666667,-0.17805241828193785
2025-08-05,672080.8333333334,672080.8333333334,-0.2169921351855274
2025-08-06,646467.0,646467.0,-0.2559318520891171
2025-08-07,620853.1666666667,620853.1666666667,-0.2948715689927066
2025-08-08,595239.3333333334,595239.3333333334,-0.33381128589629633
2025-08-09,569625.5,569625.5,-0.37275100279988604
2025-08-10,544011.6666666667,566906.2142857143,-0.41169071970347554
2025-08-11,518397.8333333334,587081.4761904761,-0.45063043660706525
2025-08-12,492784.0,637483.3333333334,-0.48957015351065497
2025-08-13,627432.0,718111.7857142857,-0.284870023959519
2025-08-14,762080.0,828966.8333333334,-0.080169894408383
2025-08-15,948052.3333333334,948606.5,0.2025566275322354
2025-08-16,1134024.6666666667,1077030.7857142857,0.4852831494728538
2025-08-17,1319997.0,1152030.0714285714,0.768009671413472
2025-08-18,1355875.5,1173604.357142857,0.8225543627427189
2025-08-19,1391754.0,1186615.357142857,0.8770990540719658
2025-08-20,1152427.0,1191063.0714285714,0.5132595027597686
2025-08-21,913100.0,1186947.5,0.14941995144757148
2025-08-22,1039129.3333333334,1170618.4761904762,0.34101745650205906
2025-08-23,1165158.6666666667,1142076.0,0.5326149615565466
2025-08-24,1291188.0,1140635.142857143,0.724212466611034
2025-08-25,1241572.3333333333,1166295.9047619049,0.6487836938521913
2025-08-26,1191956.6666666667,1166864.5238095238,0.5733549210933488
2025-08-27,1142341.0,1142341.0,0.49792614833450605
2025-08-28,1092725.3333333333,1092725.3333333335,0.42249737557566325
2025-08-29,1043109.6666666667,1043109.6666666667,0.34706860281682084
2025-08-30,993494.0,993494.0,0.27163983005797804
2025-08-31,943878.3333333334,934518.7142857143,0.19621105729913546
2025-09-01,894262.6666666667,866183.8095238096,0.12078228454029286
2025-09-02,844647.0,803374.5238095237,0.045353511781450084
2025-09-03,729514.0,746090.8571428572,-0.12967872052508947
2025-09-04,614381.0,694332.8095238096,-0.304710952831629
2025-09-05,603444.6666666666,713245.1428571428,-0.3213370360274266
2025-09-06,592508.3333333334,802827.8571428572,-0.337963119223224
2025-09-07,581572.0,842128.5714285715,-0.35458920241902153
2025-09-08,1026649.0,831147.2857142857,0.3220440900192691
2025-09-09,1471726.0,861186.7142857143,0.9986773824575597
2025-09-10,1004619.0,932246.8571428572,0.28855273586613256
2025-09-11,537512.0,1044327.7142857143,-0.42157191072529454
2025-09-12,813720.6666666667,1030990.3571428572,-0.0016625927271570436
2025-09-13,1089929.3333333335,892234.7857142857,0.41824672527098045
2025-09-14,1366138.0,858201.7857142857,0.8381560432691176
2025-09-15,933287.5,928891.3571428572,0.18011022434663834
2025-09-16,500437.0,967789.1666666666,-0.4779355945758409
2025-09-17,766388.0,974895.2142857143,-0.07362060917498708
2025-09-18,1032339.0,950209.5,0.3306943762258667
2025-09-19,1086005.3333333333,938181.8571428572,0.4122812203369398
2025-09-20,1139671.6666666667,938812.2857142857,0.49386806444801323
2025-09-21,1193338.0,903483.4285714285,0.5754549085590863
2025-09-22,849094.0,832195.2857142857,0.05211411332112317
2025-09-23,504850.0,760978.7142857143,-0.4712266819168399
2025-09-24,519086.0,689833.7142857143,-0.4495842435271871
2025-09-25,533322.0,618760.2857142857,-0.4279418051375343
2025-09-26,587489.3333333334,615118.7857142857,-0.3455933101671455
2025-09-27,641656.6666666666,678909.2142857143,-0.2632448151967569
2025-09-28,695824.0,747697.7857142857,-0.18089632022636815
2025-09-29,823603.5,821484.5,0.013361895298402954
2025-09-30,951383.0,860616.5476190476,0.20762011082317405
2025-10-01,1000606.0,865093.9285714285,0.28245192768562705
2025-10-02,1049829.0,834916.6428571428,0.35728374454808
2025-10-03,861413.6666666666,787789.4285714285,0.07084322450505068
2025-10-04,672998.3333333333,723712.2857142857,-0.21559729553797866
2025-10-05,484583.0,653907.5714285715,-0.5020378155810078
2025-10-06,493713.0,578375.2857142857,-0.4881578308593493
2025-10-07,502843.0,531063.7619047619,-0.4742778461376908
2025-10-08,511973.0,511973.0,-0.46039786141603234
2025-10-09,521103.0,521103.0,-0.44651787669437387
2025-10-10,530233.0,530233.0,-0.43263789197271535
2025-10-11,539363.0,539363.0,-0.4187579072510569
2025-10-12,548493.0,548493.0,-0.4048779225293984
2025-10-13,557623.0,557623.0,-0.3909979378077399
2025-10-14,566753.0,566471.1904761905,-0.3771179530860814
2025-10-15,575883.0,575037.5714285715,-0.36323796836442296
2025-10-16,585013.0,583322.1428571428,-0.34935798364276444
2025-10-17,592170.3333333334,585689.4603174604,-0.33847696750755263
2025-10-18,599327.6666666666,582139.5238095239,-0.32759595137234093
2025-10-19,606485.0,572672.3333333334,-0.31671493523712907
2025-10-20,574194.2222222222,557287.8888888889,-0.36580535168904854
2025-10-21,541903.4444444445,536268.0,-0.41489576814096796
2025-10-22,509612.6666666667,509612.6666666667,-0.4639861845928875
2025-10-23,477321.8888888889,477321.88888888893,-0.513076601044807
2025-10-24,445031.1111111111,445031.1111111111,-0.5621670174967265
2025-10-25,412740.3333333334,412740.3333333333,-0.611257433948646
2025-10-26,380449.5555555556,397582.9523809524,-0.6603478504005653
2025-10-27,348158.7777777777,399558.9682539683,-0.709438266852485
2025-10-28,315868.0,398064.3333333334,-0.7585286833044044
2025-10-29,403511.0,393099.0476190476,-0.6252884312824641
2025-10-30,491154.0,384663.1111111111,-0.4920481792605239
2025-10-31,434568.6666666667,,-0.5780726658034175
2025-11-01,377983.3333333333,,-0.6640971523463113
2025-11-02,321398.0,,-0.7501216388892049
