Date,Mean viral gene copies/L,smoothed,zscore,avg_wind_speed_m_s
2022-02-07,8529018,,3.39829067275029,12.001006
2022-02-08,8529018,,3.39829067275029,10.002776
2022-02-09,7225469,,2.69240448954493,10.973308
2022-02-10,7965901,7419643.85714286,3.09335659675618,11.737826
2022-02-11,7264300.66666667,6946076.28571429,2.71343226600047,8.570188
2022-02-12,6562700.33333333,6256944.28571429,2.33350793524476,8.491024
2022-02-13,5861100,5656465.57142857,1.95358360448905,11.840797
2022-02-14,5214045,5013024.14285714,1.60319617427051,7.3302274
2022-02-15,3705094,4351571.14285714,0.786082539083867,19.682043
2022-02-16,3022118,3672106.57142857,0.416243490562589,12.125779
2022-02-17,3461811,2974630.42857143,0.654342107148628,10.989616
2022-02-18,2634129.66666667,2367717,0.206143522134186,10.221462
2022-02-19,1806448.33333333,1974494.28571429,-0.242055062880256,9.030519
2022-02-20,978767,1661556.14285714,-0.690253647894697,7.9983883
2022-02-21,965651,1270716.57142857,-0.697356106781108,15.719228
2022-02-22,952535,984945.476190476,-0.704458565667518,22.300583
2022-02-23,831551,817007.428571429,-0.769972738122038,22.484879
2022-02-24,725934,766902.428571429,-0.827165510324388,13.660316
2022-02-25,633732,718264,-0.877093911837412,11.1469
2022-02-26,630882,653566.714285714,-0.878637218320049,10.396813
2022-02-27,628032,619362.285714286,-0.880180524802686,9.901002
2022-02-28,625182,593399.714285714,-0.881723831285323,9.656862
2022-03-01,499654,573762.571428572,-0.949698629935319,8.666556
2022-03-02,592120,556365.714285714,-0.899627269506008,7.606544
2022-03-03,544196,541209.142857143,-0.925578644900362,16.17542
2022-03-04,496272,528292.857142857,-0.951530020294715,15.712592
2022-03-05,509104,546521.857142857,-0.944581350545521,24.018263
2022-03-06,521936,536788,-0.937632680796328,10.770097
2022-03-07,534768,536486,-0.930684011047135,11.551491
2022-03-08,627257,547354.285714286,-0.880600195863754,10.233381
2022-03-09,523983,560354.761904762,-0.936524207684062,12.139585
2022-03-10,542082,575487.428571429,-0.926723399252746,12.7222595
2022-03-11,572350,592752.285714286,-0.910332942896092,10.423278
2022-03-12,600107.333333333,601364.714285714,-0.895302040273616,10.091878
2022-03-13,627864.666666667,626073.857142857,-0.880271137651141,10.399305
2022-03-14,655622,655920.571428572,-0.865240235028665,10.407489
2022-03-15,687544,677159.285714286,-0.847954119401035,7.3853626
2022-03-16,696947,701624.047619048,-0.842862291030425,10.294444
2022-03-17,751009,729314.857142857,-0.813587120832413,10.055562
2022-03-18,721021,760231.714285714,-0.829825954096036,9.073787
2022-03-19,771360.666666667,782428.857142857,-0.802566468516926,10.583007
2022-03-20,821700.333333333,811745.142857143,-0.775306982937816,13.819664
2022-03-21,872040,838698.714285714,-0.748047497358706,9.213953
2022-03-22,842924,878376.714285714,-0.763814132989746,7.7025285
2022-03-23,902161,907746.952380952,-0.731736643125893,10.449
2022-03-24,939684,926809.428571429,-0.711417524126596,9.561756
2022-03-25,998767,935564.142857143,-0.67942342696391,9.237756
2022-03-26,976952.333333333,943502.857142857,-0.691236309940484,8.688359
2022-03-27,955137.666666667,940126.857142857,-0.703049192917059,10.993801
2022-03-28,933323,924845.928571429,-0.714862075893633,23.579231
2022-03-29,898495,894580.071428572,-0.733721822622506,11.07232
2022-03-30,878529,864497.785714286,-0.744533632177711,8.934131
2022-03-31,832717.5,834599.071428572,-0.76934106548625,15.1704855
2022-04-01,786906,804883.928571429,-0.794148498794789,8.218111
2022-04-02,766376.333333333,779952.5,-0.80526554007656,7.909359
2022-04-03,745846.666666667,762332.071428572,-0.816382581358332,12.328923
2022-04-04,725317,756911.857142857,-0.827499622640103,10.554336
2022-04-05,723975,753115.285714286,-0.828226330464559,7.8153815
2022-04-06,755186,751377.666666667,-0.811325229191018,8.144864
2022-04-07,794776,751699,-0.789886806858524,8.616471
2022-04-08,760330,754079.285714286,-0.80853969636762,10.838519
2022-04-09,754213,755777.428571429,-0.811852119439301,16.159878
2022-04-10,748096,752093,-0.815164542510982,16.784126
2022-04-11,741979,746707.285714286,-0.818476965582664,18.980978
2022-04-12,735862,743039.571428572,-0.821789388654345,17.936518
2022-04-13,729395,741357.80952381,-0.825291340592315,11.984443
2022-04-14,757076,741662,-0.810301773313059,9.956409
2022-04-15,734656,743952.142857143,-0.822442450976472,10.833576
2022-04-16,742440.666666667,749179.714285714,-0.818226967982845,12.968338
2022-04-17,750225.333333333,757782.142857143,-0.814011484989218,14.670573
2022-04-18,758010,762836.142857143,-0.809796001995591,10.304205
2022-04-19,772455,773259.428571429,-0.80197387492833,10.662617
2022-04-20,789612,784709.714285714,-0.792683169902853,13.370114
2022-04-21,792454,797187,-0.791144195508589,13.343201
2022-04-22,807619,810691.285714286,-0.782932180487819,19.76693
2022-04-23,822592.666666667,821947.619047619,-0.77482377458062,12.02557
2022-04-24,837566.333333333,830568.571428572,-0.766715368673422,10.894715
2022-04-25,852540,838599.142857143,-0.758606962766223,11.118481
2022-04-26,851249.333333333,845919.285714286,-0.759305873023623,10.10379
2022-04-27,849958.666666667,852556.333333333,-0.760004783281024,14.54
2022-04-28,848668,858510.285714286,-0.760703693538424,10.913447
2022-04-29,858860,863781.142857143,-0.755184612952095,10.13074
2022-04-30,869052,866673.80952381,-0.749665532365765,8.814911
2022-05-01,879244,871901,-0.744146451779436,16.498646
2022-05-02,889436,879462.714285714,-0.738627371193106,11.119083
2022-05-03,871498,885955.285714286,-0.74834099634593,12.7352495
2022-05-04,886549,891082.761904762,-0.740190713584466,8.954953
2022-05-05,901600,894845.142857143,-0.732040430823001,9.707004
2022-05-06,904308,897242.428571429,-0.730574018908973,8.163819
2022-05-07,904944.333333333,902454.982142857,-0.730229437379692,12.844325
2022-05-08,905580.666666667,905770.089285714,-0.72988485585041,17.55989
2022-05-09,906217,907187.75,-0.729540274321129,15.536256
2022-05-10,907985.875,908471.25,-0.728582408968682,14.448342
2022-05-11,909754.75,909916.541666667,-0.727624543616234,14.118778
2022-05-12,911523.625,911523.625,-0.726666678263787,14.210668
2022-05-13,913292.5,913292.5,-0.72570881291134,8.979465
2022-05-14,915061.375,915061.375,-0.724750947558893,8.535954
2022-05-15,916830.25,919918.910714286,-0.723793082206445,10.285916
2022-05-16,918599.125,927865.107142857,-0.722835216853998,11.814675
2022-05-17,920368,932848.035714286,-0.72187735150155,12.725226
2022-05-18,943757.5,939750.125,-0.709211678878518,11.684625
2022-05-19,967147,948571.375,-0.696546006255485,12.470391
2022-05-20,948173,959311.785714286,-0.706820636852523,20.152117
2022-05-21,963376,970766.928571429,-0.698588044411985,14.469803
2022-05-22,978579,981823,-0.690355451971447,11.440124
2022-05-23,993782,998732.714285714,-0.682122859530909,9.956583
2022-05-24,1000554,1028311.95238095,-0.678455746723744,8.519706
2022-05-25,1021150,1065678.28571429,-0.667302785209219,9.365939
2022-05-26,1085515,1110831.71428571,-0.632448426698712,9.58247
2022-05-27,1155227.66666667,1155107.19047619,-0.594698247614994,11.057556
2022-05-28,1224940.33333333,1199709.14285714,-0.556948068531277,10.551913
2022-05-29,1294653,1242662.71428571,-0.519197889447559,11.812173
2022-05-30,1303710.33333333,1292455.71428571,-0.51429324339537,10.274292
2022-05-31,1312767.66666667,1365305.33333333,-0.50938859734318,12.378166
2022-06-01,1321825,1426596.76190476,-0.504483951290991,10.355603
2022-06-02,1434066,1476330,-0.443704209916365,10.202717
2022-06-03,1665175,1523170.0952381,-0.318556133461696,9.632379
2022-06-04,1653980.33333333,1566927.71428571,-0.324618169124022,8.927085
2022-06-05,1642785.66666667,1607602.85714286,-0.330680204786348,10.500008
2022-06-06,1631591,1630455,-0.336742240448674,11.362984
2022-06-07,1619071,1618503,-0.343521958751347,11.6652
2022-06-08,1606551,1606361.66666667,-0.35030167705402,9.947253
2022-06-09,1594031,1594031,-0.357081395356693,10.126695
2022-06-10,1581511,1581511,-0.363861113659366,9.6749325
2022-06-11,1568991,1568991,-0.370640831962039,9.798966
2022-06-12,1556471,1541254.85714286,-0.377420550264712,9.959964
2022-06-13,1543951,1511121.85714286,-0.384200268567385,10.907028
2022-06-14,1531431,1477136.17857143,-0.390979986870058,11.501514
2022-06-15,1412398,1439297.82142857,-0.45543767127278,9.5253935
2022-06-16,1383100,1397606.78571429,-0.471302861914291,10.284735
2022-06-17,1343611.25,1352063.07142857,-0.492686456253323,11.175233
2022-06-18,1304122.5,1358088.07142857,-0.514070050592354,10.362304
2022-06-19,1264633.75,1382649.64285714,-0.535453644931386,10.037719
2022-06-20,1225145,1414492.07142857,-0.556837239270418,9.759349
2022-06-21,1573606,1456059.82142857,-0.36814175848226,10.262331
2022-06-22,1584329,1507352.89285714,-0.362335135530218,12.41534
2022-06-23,1605997,1568371.28571429,-0.350601674173803,12.854278
2022-06-24,1634585.5,1639115,-0.335120685619812,12.052407
2022-06-25,1663174,1663427.05714286,-0.319639697065821,12.417553
2022-06-26,1691762.5,1689555.74285714,-0.30415870851183,8.879985
2022-06-27,1720351,1715937.48571429,-0.288677719957839,9.034997
2022-06-28,1743790.4,1741583.64285714,-0.275985025933584,8.142864
2022-06-29,1767229.8,1766494.21428571,-0.263292331909328,8.954489
2022-06-30,1790669.2,1790669.2,-0.250599637885073,9.818008
2022-07-01,1814108.6,1814108.6,-0.237906943860818,9.539607
2022-07-02,1837548,1837548,-0.225214249836563,9.774926
2022-07-03,1860987.4,1860987.4,-0.212521555812308,9.28269
2022-07-04,1884426.8,1884426.8,-0.199828861788053,10.076314
2022-07-05,1907866.2,1945756.71428571,-0.187136167763798,10.425195
2022-07-06,1931305.6,1985229.9047619,-0.174443473739543,15.663269
2022-07-07,1954745,2002846.37142857,-0.161750779715288,10.559884
2022-07-08,2243418,1998606.11428571,-0.00543116137762558,9.662742
2022-07-09,2113860.33333333,2149163.65714286,-0.0755880690414921,10.565583
2022-07-10,1984302.66666667,2223098.85714286,-0.145744976705359,9.717616
2022-07-11,1854745,2466114,-0.215901884369225,10.532302
2022-07-12,2961769,2653815.78571429,0.383563840414984,11.124694
2022-07-13,2448852,2845951.45238095,0.105813618957145,12.144151
2022-07-14,3655851,3042521,0.759416910619129,9.785239
2022-07-15,3557330.5,3243524.42857143,0.706066971558546,8.841931
2022-07-16,3458810,3285083.14285714,0.652717032497963,8.488018
2022-07-17,3360289.5,3398617.28571429,0.59936709343738,9.421414
2022-07-18,3261769,3338424.57142857,0.546017154376797,9.2489395
2022-07-19,3252680,3338417.5,0.541095360474801,9.776012
2022-07-20,3243591,3369032.02380952,0.536173566572804,8.960616
2022-07-21,3234502,3430268.14285714,0.531251772670808,9.210557
2022-07-22,3557281,3522125.85714286,0.706040166761742,10.812344
2022-07-23,3673111.66666667,3418689.28571429,0.768763752289763,10.25634
2022-07-24,3788942.33333333,3312181.04761905,0.831487337817783,8.740439
2022-07-25,3904773,3202601.14285714,0.894210923345804,9.137396
2022-07-26,2528624,3042539.85714286,0.149011038161684,10.66411
2022-07-27,2498033.33333333,2892129.71428571,0.132445854240681,11.814854
2022-07-28,2467442.66666667,2751370.71428571,0.115880670319676,10.890937
2022-07-29,2436852,2620262.85714286,0.0993154863986726,9.8354845
2022-07-30,2620240.66666667,2640563.28571429,0.1986224752088,9.543675
2022-07-31,2803629.33333333,2620049.38095238,0.297929464018929,8.707222
2022-08-01,2987018,2558721.14285714,0.397236452829056,9.954447
2022-08-02,2670727,2511201.11428571,0.22596138240807,12.168193
2022-08-03,2354436,2446920.81904762,0.0546863119870832,10.9336405
2022-08-04,2038145,2365880.25714286,-0.116588758433903,10.176379
2022-08-05,2104211.8,2268079.42857143,-0.0808128564243957,14.223706
2022-08-06,2170278.6,2224901.14285714,-0.0450369544148878,13.674183
2022-08-07,2236345.4,2186637.14285714,-0.00926105240538004,10.453408
2022-08-08,2302412.2,2188891.51428571,0.0265148496041279,9.434684
2022-08-09,2368479,2177041.71428571,0.0622907516136357,8.619896
2022-08-10,2086588,2151087.74285714,-0.0903563388063963,8.763664
2022-08-11,2053925.6,2111029.6,-0.108043389212884,11.404175
2022-08-12,2021263.2,2056867.28571429,-0.125730439619372,9.498834
2022-08-13,1988600.8,1962738.71428571,-0.14341749002586,8.545797
2022-08-14,1955938.4,1929618.28571429,-0.161104540432348,8.61843
2022-08-15,1923276,1875500.05714286,-0.178791590838835,8.335174
2022-08-16,1709579,1830973.74285714,-0.294510876951161,8.409146
2022-08-17,1854745,1767673.2,-0.215901884369225,8.643053
2022-08-18,1675098,1685598.42857143,-0.313182719346885,11.838303
2022-08-19,1709579,1584749.42857143,-0.294510876951161,9.833679
2022-08-20,1545497,1543830.71428571,-0.383363092489435,12.929858
2022-08-21,1381415,1486756.56190476,-0.47221530802771,9.559057
2022-08-22,1217333,1459928.82857143,-0.561067523565984,10.03008
2022-08-23,1423148,1432757.8,-0.449616427522482,8.382218
2022-08-24,1455225.93333333,1433609.61904762,-0.432245872272328,9.38071
2022-08-25,1487303.86666667,1462484.28571429,-0.414875317022174,8.550166
2022-08-26,1519381.8,1519381.8,-0.39750476177202,10.108606
2022-08-27,1551459.73333333,1551459.73333333,-0.380134206521867,9.501262
2022-08-28,1583537.66666667,1583537.66666667,-0.362763651271713,10.173313
2022-08-29,1615615.6,1615615.6,-0.345393096021559,12.275711
2022-08-30,1647693.53333333,1647693.53333333,-0.328022540771405,13.709095
2022-08-31,1679771.46666667,1679771.46666667,-0.310651985521252,10.568582
2022-09-01,1711849.4,1711849.4,-0.293281430271098,9.912993
2022-09-02,1743927.33333333,1743927.33333333,-0.275910875020944,7.854347
2022-09-03,1776005.26666667,1776005.26666667,-0.25854031977079,8.649568
2022-09-04,1808083.2,1808083.2,-0.241169764520637,12.081241
2022-09-05,1840161.13333333,1827513.21428571,-0.223799209270483,10.631847
2022-09-06,1872239.06666667,1834295.30952381,-0.206428654020329,7.7479343
2022-09-07,1904317,1811113.17619048,-0.189058098770175,8.452627
2022-09-08,1847859.5,1757966.81428571,-0.219630458680172,11.176055
2022-09-09,1791402,1674856.22380952,-0.250202818590169,14.043094
2022-09-10,1613730.33333333,1619595.42857143,-0.346413988747232,10.735459
2022-09-11,1436058.66666667,1592184.42857143,-0.442625158904294,8.500958
2022-09-12,1258387,1557160.14285714,-0.538836329061356,9.05112
2022-09-13,1485413.5,1514522.57142857,-0.415898971454184,8.699555
2022-09-14,1712440,1481588.02380952,-0.292961613847012,8.78253
2022-09-15,1602689.5,1458356.5,-0.352392721960232,9.671308
2022-09-16,1492939,1444828,-0.411823830073452,9.350388
2022-09-17,1383188.5,1383188.5,-0.471254938186672,10.071627
2022-09-18,1273438,1273438,-0.530686046299892,9.084597
2022-09-19,1163687.5,1163687.5,-0.590117154413112,10.548639
2022-09-20,1053937,1067778.52380952,-0.649548262526332,13.330512
2022-09-21,944186.5,985711.071428572,-0.708979370639552,15.337987
2022-09-22,834436,917485.142857143,-0.768410478752772,10.154892
2022-09-23,821576.166666667,863100.738095238,-0.775374220559428,8.073826
2022-09-24,808716.333333333,822557.857142857,-0.782337962366083,11.009093
2022-09-25,795856.5,795856.5,-0.789301704172738,11.869507
2022-09-26,782996.666666667,783713.142857143,-0.796265445979394,10.957166
2022-09-27,770136.833333333,772286.261904762,-0.803229187786049,8.097271
2022-09-28,757277,761575.857142857,-0.810192929592704,7.0734677
2022-09-29,749432.5,751581.928571429,-0.814440812997282,7.284373
2022-09-30,741588,742304.476190476,-0.818688696401861,8.675188
2022-10-01,733743.5,733743.5,-0.822936579806439,10.433896
2022-10-02,725899,762827.714285714,-0.827184463211017,10.007972
2022-10-03,718054.5,828840.642857143,-0.831432346615595,10.210327
2022-10-04,710210,885200.3,-0.835680230020173,7.295961
2022-10-05,960866.5,931906.685714286,-0.699946966383275,7.0857425
2022-10-06,1211523,968959.8,-0.564213702746378,7.4975777
2022-10-07,1136105.6,996359.642857143,-0.605053057947657,8.259664
2022-10-08,1060688.2,1014106.21428571,-0.645892413148936,7.7578177
2022-10-09,985270.8,987454.795918368,-0.686731768350214,8.159359
2022-10-10,909853.4,916405.387755102,-0.727571123551493,7.680588
2022-10-11,834436,847539.975510204,-0.768410478752772,7.9601674
2022-10-12,774306.571428572,780858.559183673,-0.800971228546301,9.245963
2022-10-13,714177.142857143,716361.13877551,-0.833531978339831,11.867328
2022-10-14,654047.714285714,654047.714285714,-0.86609272813336,9.226399
2022-10-15,593918.285714286,593918.285714286,-0.898653477926889,7.7553296
2022-10-16,533788.857142857,546390.489795918,-0.931214227720418,9.461383
2022-10-17,473659.428571429,486171.326530612,-0.963774977513947,9.221776
2022-10-18,413530,436928.224489796,-0.996335727307476,11.357483
2022-10-19,441612,398661.183673469,-0.981129014098557,9.216765
2022-10-20,292643,371370.204081633,-1.06179737319048,8.605374
2022-10-21,309346,355055.285714286,-1.05275251418013,9.939216
2022-10-22,326049,341966.642857143,-1.04370765516979,14.563774
2022-10-23,342752,319502.642857143,-1.03466279615944,10.924432
2022-10-24,359455,312956.285714286,-1.02561793714909,10.849777
2022-10-25,321909.5,298660.142857143,-1.04594924014694,9.890735
2022-10-26,284364,286945.190476191,-1.06628054314478,10.906758
2022-10-27,246818.5,277811.428571429,-1.08661184614263,8.967563
2022-10-28,209273,271258.857142857,-1.10694314914047,8.103486
2022-10-29,244044.333333333,254097.928571429,-1.08811408803757,8.914679
2022-10-30,278815.666666667,291232.5,-1.06928502693466,7.880413
2022-10-31,313587,297155.571428571,-1.05045596583176,8.380565
2022-11-01,201783,313970.142857143,-1.11099906687905,11.627101
2022-11-02,544306,337788.095238095,-0.925519078685242,18.282902
2022-11-03,288280,368609.428571429,-1.06415998588653,22.100374
2022-11-04,326975,406434.142857143,-1.04320621594069,10.926983
2022-11-05,410770,431792.857142857,-0.997830297795925,8.725328
2022-11-06,494565,430191.023809524,-0.952454379651157,10.974056
2022-11-07,578360,487135.642857143,-0.90707846150639,13.069759
2022-11-08,379294,560523.714285714,-1.0148748994968,23.7988
2022-11-09,533093.166666667,643912.380952381,-0.931590951798247,13.585095
2022-11-10,686892.333333333,737301.642857143,-0.848307004099696,11.209572
2022-11-11,840691.5,840691.5,-0.765023056401145,8.754313
2022-11-12,994490.666666667,1077171.92857143,-0.681739108702594,8.966509
2022-11-13,1148289.83333333,1396333.61904762,-0.598455161004043,10.769916
2022-11-14,1302089,1678433.97142857,-0.515171213305492,9.561038
2022-11-15,2034657,1923472.98571429,-0.118477548964233,8.282997
2022-11-16,2767225,2131450.66190476,0.278216115377027,14.265676
2022-11-17,2661594.8,2302367,0.221016195228863,9.540967
2022-11-18,2555964.6,2436222,0.163816275080699,7.9746394
2022-11-19,2450334.4,2383228.14285714,0.106616354932535,9.586361
2022-11-20,2344704.2,2546374.42857143,0.0494164347843713,10.669087
2022-11-21,2239074,2336840.6,-0.00778348536379264,10.235053
2022-11-22,1663700,2137757.77619048,-0.319354862255341,8.786734
2022-11-23,3909249,1949125.95714286,0.896634726790114,8.1307535
2022-11-24,1194858,1770945.14285714,-0.573237984336956,13.85422
2022-11-25,1162384.83333333,1603215.33333333,-0.590822562803071,10.62046
2022-11-26,1129911.66666667,1513042.78571429,-0.608407141269185,9.683026
2022-11-27,1097438.5,1097438.5,-0.625991719735299,8.162539
2022-11-28,1064965.33333333,1257425.64285714,-0.643576298201414,12.970455
2022-11-29,1032492.16666667,1375276.8452381,-0.661160876667528,11.601331
2022-11-30,1000019,1450992.10714286,-0.678745455133642,10.319081
2022-12-01,2314768,1484571.42857143,0.0332056517929591,9.64868
2022-12-02,1987343.25,1476014.80952381,-0.144098467242435,11.074113
2022-12-03,1659918.5,1494681.78571429,-0.32140258627783,8.234395
2022-12-04,1332493.75,1569505.21428571,-0.498706705313224,8.070081
2022-12-05,1005069,1444185.84285714,-0.676010824348619,7.465601
2022-12-06,1163161,1353319.92142857,-0.590402259979115,8.319687
2022-12-07,1523783,1296907.45,-0.395121463353991,8.229264
2022-12-08,1437532.4,1274948.42857143,-0.441827116024641,12.149849
2022-12-09,1351281.8,1287442.85714286,-0.48853276869529,10.101186
2022-12-10,1265031.2,1335816.78571429,-0.535238421365939,8.374534
2022-12-11,1178780.6,1391137.35714286,-0.581944074036589,19.624258
2022-12-12,1092530,1383086.44285714,-0.628649726707238,11.826203
2022-12-13,1501778.5,1349894.32857143,-0.407037143177567,9.960145
2022-12-14,1911027,1414677.25238095,-0.185424559647896,10.780463
2022-12-15,1381176,1577435.21428571,-0.472344729167832,9.535691
2022-12-16,1118937,1838168.21428571,-0.614350044501273,9.411088
2022-12-17,1718511.66666667,2089332.57142857,-0.289673739276107,9.303472
2022-12-18,2318086.33333333,2330928.28571429,0.0350025659490588,8.864147
2022-12-19,2917661,2734082.57142857,0.359678871174225,9.988096
2022-12-20,3259929,3151214.42857143,0.545020774051165,9.966044
2022-12-21,3602197,3686665.14285714,0.730362676928105,8.601952
2022-12-22,4203256,4340434.71428572,1.05584276505002,7.5508704
2022-12-23,4038860,5112523.14285714,0.966820515043129,7.944633
2022-12-24,5466666.66666667,5737813.28571429,1.7399935973657,8.683684
2022-12-25,6894473.33333333,6231592.57142857,2.51316667968827,9.183211
2022-12-26,8322280,6712627.71428572,3.28633976201083,8.07257
2022-12-27,7636960,7016241.07142857,2.91523141159647,10.001637
2022-12-28,7058652,6914975.11904762,2.60207124129437,12.093894
2022-12-29,7570502,6408829.85714286,2.87924367046555,9.731959
2022-12-30,6164153.5,5497805.28571429,2.11769042243147,4.613829
2022-12-31,4757805,4511624.42857143,1.35613717439738,11.169006
2023-01-01,3351456.5,3651718,0.594583926363298,29.738832
2023-01-02,1945108,2780566.85714286,-0.166969321670788,13.710069
2023-01-03,733694,2011611.07142857,-0.822963384603242,19.257729
2023-01-04,1039307,1439135.5,-0.657470569137203,12.304531
2023-01-05,1472444,1063140.14285714,-0.422922098972276,16.006992
2023-01-06,781463,883625,-0.797095943421103,10.111032
2023-01-07,750476,863954.142857143,-0.813875746220219,7.790241
2023-01-08,719489,798723.285714286,-0.830655549019334,7.372734
2023-01-09,688502,669714.714285714,-0.84743535181845,13.398192
2023-01-10,595998,637516.714285714,-0.897527289667529,20.487074
2023-01-11,582691,634020.285714286,-0.904733177163828,10.396396
2023-01-12,569384,659225.428571429,-0.911939064660128,8.330907
2023-01-13,556077,713132.142857143,-0.919144952156427,8.230095
2023-01-14,726001,713226.428571429,-0.82712922908427,15.994129
2023-01-15,895925,722614.952380952,-0.735113506012112,16.030645
2023-01-16,1065849,741297.714285714,-0.643097782939955,23.969984
2023-01-17,596658,769274.714285714,-0.897169892376813,17.023096
2023-01-18,648410.666666667,765332.114285714,-0.869145251688942,10.291158
2023-01-19,700163.333333333,729469.914285714,-0.841120611001072,10.085566
2023-01-20,751916,661688.114285714,-0.813095970313202,10.748027
2023-01-21,698402.8,653288.857142857,-0.842073959248873,10.351217
2023-01-22,644889.6,629851.619047619,-0.871051948184544,12.470863
2023-01-23,591376.4,608072.428571429,-0.900029937120215,10.956909
2023-01-24,537863.2,574390.714285714,-0.929007926055886,10.003616
2023-01-25,484350,548602.771428571,-0.957985914991557,8.8887415
2023-01-26,547709,530708.6,-0.923676316593869,18.342241
2023-01-27,516144,520708.2,-0.940769112777884,10.446502
2023-01-28,517887.2,518601.571428571,-0.939825150721557,14.832635
2023-01-29,519630.4,524388.714285714,-0.938881188665229,17.780455
2023-01-30,521373.6,528102.714285714,-0.937937226608902,12.515092
2023-01-31,523116.8,557124.547619048,-0.936993264552574,8.511747
2023-02-01,524860,606695.9,-0.936049302496247,9.070931
2023-02-02,573707,676816.771428571,-0.909598112405938,8.172614
2023-02-03,719296.833333333,767487.161904762,-0.830759609392111,9.371638
2023-02-04,864886.666666667,878707.071428572,-0.751921106378284,8.672568
2023-02-05,1010476.5,1010476.5,-0.673082603364457,10.697597
2023-02-06,1156066.33333333,1170209.07142857,-0.59424410035063,12.613599
2023-02-07,1301656.16666667,1172631.52380952,-0.515405597336803,9.735335
2023-02-08,1447246,1174277.5,-0.436567094322976,9.637374
2023-02-09,1691835,1175147,-0.304119448960956,11.033252
2023-02-10,736254,1175240.02380952,-0.821577116324102,11.123065
2023-02-11,876408.5,1174556.57142857,-0.745681906351898,12.196205
2023-02-12,1016563,1171206,-0.669786696379695,10.571369
2023-02-13,1156717.5,1094462.57142857,-0.593891486407492,13.377266
2023-02-14,1296872,1171768.71428571,-0.517996276435288,21.129244
2023-02-15,1423792,1238779.35714286,-0.44926769440851,11.646293
2023-02-16,1154631,1295494.5,-0.595021349206096,12.050949
2023-02-17,1277397,1298437.78571429,-0.528542204066643,8.939573
2023-02-18,1345483,1247609.21428571,-0.491672882951963,9.264709
2023-02-19,1413569,1200674.92857143,-0.454803561837282,11.173717
2023-02-20,1177320.5,1217820.35714286,-0.582734734315641,9.008028
2023-02-21,941072,1210549.64285714,-0.710665906793999,18.504887
2023-02-22,1095252,1186674.21428571,-0.627175733638558,32.807102
2023-02-23,1274649,1146194.07142857,-0.530030276422533,15.446282
2023-02-24,1226502,1132585.57142857,-0.556102408780264,24.579855
2023-02-25,1178355,1085121.57142857,-0.582174541137996,24.331635
2023-02-26,1130208,1119472.71428571,-0.608246673495727,12.880608
2023-02-27,1082061,1232036.57142857,-0.634318805853459,10.332365
2023-02-28,608824,1455319.42857143,-0.890581868984615,12.351123
2023-03-01,1335710,1641831.28571429,-0.496965070409792,30.716852
2023-03-02,2062596,1791572.14285714,-0.103348271834969,9.924287
2023-03-03,2789482,1904542,0.290268526739854,8.684609
2023-03-04,2483938,2011761.57142857,0.124813075536026,11.480679
2023-03-05,2178394,2183733,-0.0406423756678021,8.147415
2023-03-06,1872850,2202632.92857143,-0.20609782687163,10.439694
2023-03-07,1359361,2068461.35714286,-0.484157792648089,9.034085
2023-03-08,2539510,1928708.28571429,0.154905927414312,10.432086
2023-03-09,2194895.5,1783373.71428571,-0.0317066311333326,9.231482
2023-03-10,1850281,1632457.64285714,-0.218319189680977,8.090119
2023-03-11,1505666.5,1505666.5,-0.404931748228622,14.476493
2023-03-12,1161052,1206734.02380952,-0.591544306776267,8.6674185
2023-03-13,816437.5,953483.571428572,-0.778156865323911,8.944639
2023-03-14,471823,745915.142857143,-0.964769423871556,9.248394
2023-03-15,446982.666666667,575988.642857143,-0.978220738771276,21.916239
2023-03-16,422142.333333333,443704.071428571,-0.991672053670997,8.546398
2023-03-17,397302,349061.428571429,-1.00512336857072,10.372335
2023-03-18,316181,309732.571428571,-1.04905128617704,8.752047
2023-03-19,235060,354045.761904762,-1.09297920378336,13.471378
2023-03-20,153939,398061.285714286,-1.13690712138968,16.891527
2023-03-21,196521,419813.142857143,-1.11384849800594,27.416353
2023-03-22,757175,449831.142857143,-0.810248163719451,14.063029
2023-03-23,730251,488115.285714286,-0.824827807136477,13.525981
2023-03-24,549565,534665.571428572,-0.922671272091492,10.328755
2023-03-25,526307,587373.714285714,-0.935265736011904,11.338841
2023-03-26,503049,592602.071428572,-0.947860199932317,12.308556
2023-03-27,479791,634290.357142857,-0.96045466385273,11.956267
2023-03-28,565478,617445.642857143,-0.914054206807911,9.762118
2023-03-29,793773.5,618237.833333333,-0.79042967168268,11.580001
2023-03-30,1022069,636666.928571429,-0.666805136557449,13.956174
2023-03-31,431652,672732.928571429,-0.986522464122089,12.039143
2023-04-01,531852.333333333,672113.5,-0.932262876755161,8.74503
2023-04-02,632052.666666667,615811.285714286,-0.878003289388234,8.270051
2023-04-03,732253,557212,-0.823743702021306,20.988235
2023-04-04,561142,571116,-0.916402198705705,17.539755
2023-04-05,399658,558863.666666667,-1.00384756854507,10.956146
2023-04-06,611874,520455,-0.888930260292669,8.611361
2023-04-07,528980,455890,-0.933818276984505,8.259124
2023-04-08,446086,459216,-0.97870629367634,9.8174305
2023-04-09,363192,492495.714285714,-1.02359431036818,9.006372
2023-04-10,280298,457263.714285714,-1.06848232706001,6.367932
2023-04-11,584424,429288.857142857,-0.903794738520175,7.16614
2023-04-12,632616,413522.142857143,-0.87769823816535,16.019253
2023-04-13,365250,409963.571428571,-1.0224798806344,16.835104
2023-04-14,333156,418613.142857143,-1.03985913616203,10.452923
2023-04-15,335719,397122.857142857,-1.03847124334975,9.250664
2023-04-16,338282,398210.285714286,-1.03708335053747,8.279171
2023-04-17,340845,445518.428571429,-1.03569545772519,7.1413093
2023-04-18,433992,483693.714285714,-0.985255328273187,10.183822
2023-04-19,640228,507785.142857143,-0.873576256079092,11.341168
2023-04-20,696407,517792.714285714,-0.843154706995556,11.370929
2023-04-21,600383,513716.428571429,-0.895152763728453,10.012035
2023-04-22,504359,609221.571428572,-0.947150820461351,7.378977
2023-04-23,408335,550543.428571429,-0.999148877194248,12.129224
2023-04-24,312311,516925.714285714,-1.05114693392715,10.985354
2023-04-25,1102528,534992.857142857,-0.623235699263937,9.667476
2023-04-26,229481,563283.142857143,-1.096000293912,10.353382
2023-04-27,461083,601796.571428572,-0.970585252511389,8.758707
2023-04-28,726853,650533.142857143,-0.826667861672618,10.209135
2023-04-29,702391,586823.285714286,-0.839914304893065,9.953734
2023-04-30,677929,648276.142857143,-0.853160748113511,10.342829
2023-05-01,653467,702560.857142857,-0.866407191333957,15.48133
2023-05-02,656559,744796.285714286,-0.864732839178057,10.674987
2023-05-03,659651,783370.571428572,-0.863058487022158,12.314313
2023-05-04,841076,818283.714285714,-0.764814845403751,16.882998
2023-05-05,1022501,849535.714285714,-0.666571203785344,10.021789
2023-05-06,972411,850693.571428572,-0.693695492106502,11.825795
2023-05-07,922321,897878.071428572,-0.720819780427659,12.362255
2023-05-08,872231,965613.071428572,-0.747944068748817,10.6362705
2023-05-09,664664,978796.357142857,-0.860343892145856,13.120117
2023-05-10,989942.5,970501.5,-0.684201991194096,12.135934
2023-05-11,1315221,940728.5,-0.508060090242337,11.410102
2023-05-12,1114784,889477.357142857,-0.616598939877551,10.1912775
2023-05-13,914347,957116.928571429,-0.725137789512764,9.547299
2023-05-14,713910,850736,-0.833676639147977,9.512075
2023-05-15,513473,749779.428571429,-0.942215488783191,9.242451
2023-05-16,1138141,669866.928571429,-0.60395086636353,11.119736
2023-05-17,245276,610998.5,-1.08744712693191,10.147056
2023-05-18,608525,573174.142857143,-0.89074378078753,9.231863
2023-05-19,555396.5,556393.857142857,-0.919513450423597,8.873414
2023-05-20,502268,485258.285714286,-0.948283120059665,8.351273
2023-05-21,449139.5,536707.714285714,-0.977052789695732,9.78424
2023-05-22,396011,588950.571428572,-1.0058224593318,8.938331
2023-05-23,640192,746257.071428572,-0.873595750476767,9.723713
2023-05-24,605422,866036.928571429,-0.892424089564942,9.127014
2023-05-25,974225,948290.142857143,-0.692713191068079,10.623012
2023-05-26,1656542,993016.714285714,-0.32323099832647,10.659781
2023-05-27,1340727,1119136.57142857,-0.494248309489304,12.995762
2023-05-28,1024912,1107717,-0.665265620652138,9.314078
2023-05-29,709097,1055583.57142857,-0.836282931814972,8.707498
2023-05-30,1523031,922501.714285714,-0.395528679660989,11.420312
2023-05-31,525485,816969.095238095,-0.93571085809216,9.591836
2023-06-01,609291,738985.714285714,-0.890328983325881,9.467797
2023-06-02,724969,688551.571428572,-0.827688068484298,12.974246
2023-06-03,601998.666666667,566523.714285714,-0.894277862380928,10.410343
2023-06-04,479028.333333333,541368,-0.960867656277557,10.306093
2023-06-05,356058,517998.142857143,-1.02745745017419,12.217734
2023-06-06,668836,484807.142857143,-0.858084708059693,10.808956
2023-06-07,349395,475887.619047619,-1.03106553827728,9.095558
2023-06-08,445702,491239.571428571,-0.978914233918211,11.595455
2023-06-09,492632,530863,-0.953501120504118,12.619519
2023-06-10,539562,527571.571428572,-0.928088007090025,11.065667
2023-06-11,586492,586685.571428572,-0.902674893675932,12.425747
2023-06-12,633422,606999,-0.877261780261839,10.618279
2023-06-13,645796,630459.428571429,-0.870561122571961,13.336061
2023-06-14,763193,642041.714285714,-0.806989350241377,10.611234
2023-06-15,587896,641745.857142857,-0.901914612166591,10.026582
2023-06-16,656855,629571.857142857,-0.864572551908282,11.471149
2023-06-17,620638,585507.571428572,-0.884184457480798,14.358535
2023-06-18,584421,520636.714285714,-0.903796363053315,9.147487
2023-06-19,548204,455751.285714286,-0.923408268625832,8.547603
2023-06-20,337346,398967.142857143,-1.03759020487703,9.174979
2023-06-21,309097,342831,-1.05288735043072,9.093955
2023-06-22,133698,287342.857142857,-1.14786784648268,10.614623
2023-06-23,259366,232502.714285714,-1.07981723628617,14.25298
2023-06-24,227685,210194.285714286,-1.09697284775159,12.211643
2023-06-25,196004,190251.5,-1.114128459217,11.325687
2023-06-26,164323,193695.785714286,-1.13128407068241,10.655847
2023-06-27,181187,199851.357142857,-1.12215202839357,8.59199
2023-06-28,169497.5,202602.738095238,-1.1284820217721,8.192117
2023-06-29,157808,201949.928571429,-1.13481201515062,9.225819
2023-06-30,302455,197892.928571429,-1.05648406680184,8.776807
2023-07-01,246944.666666667,188655.5,-1.08654352549892,8.289651
2023-07-02,191434.333333333,182066.571428571,-1.116602984196,9.338073
2023-07-03,135924,271608.714285714,-1.14666244289309,10.46871
2023-07-04,116525,434948.142857143,-1.1571672156849,12.293893
2023-07-05,123375,592276.190476191,-1.15345786501611,11.083538
2023-07-06,784603,743592.857142857,-0.795395598734969,10.509891
2023-07-07,1445831,888898.142857143,-0.437333332453829,8.949277
2023-07-08,1348241,1127106.28571429,-0.490179395485607,8.332856
2023-07-09,1250651,1157249.57142857,-0.543025458517385,9.917317
2023-07-10,1153061,1132862.42857143,-0.595871521549163,8.690307
2023-07-11,1783982,975681.142857143,-0.254220830555492,7.575969
2023-07-12,334378,825627.857142857,-1.03919740966316,11.462544
2023-07-13,613893,682702.571428572,-0.887836949489707,11.841588
2023-07-14,345562,546905.285714286,-1.03314115011866,8.4424715
2023-07-15,297868,311688.142857143,-1.05896797797231,7.9930367
2023-07-16,250174,323496.571428571,-1.08479480582596,7.8913198
2023-07-17,202480,268182.285714286,-1.11062163367961,7.962768
2023-07-18,137462,273117,-1.14582959890351,9.549022
2023-07-19,417037,316087.571428571,-0.994436648067262,11.129543
2023-07-20,226693,397094,-1.09751002670975,10.515582
2023-07-21,380105,516136.285714286,-1.01443573403805,9.89331
2023-07-22,598662,638925.428571429,-0.896084704239548,7.9161015
2023-07-23,817219,672784.642857143,-0.777733674441041,8.4595
2023-07-24,1035776,684845.214285714,-0.659382644642534,9.108495
2023-07-25,996986,691990.428571429,-0.680387858137796,8.788342
2023-07-26,654051.5,684913.857142857,-0.866090678127255,8.015906
2023-07-27,311117,663615.5,-1.05179349811671,8.560314
2023-07-28,430121.5,628095.357142857,-0.987351246778818,8.887399
2023-07-29,549126,556506.928571429,-0.922908995440922,9.643552
2023-07-30,668130.5,578029.285714286,-0.858466744103027,9.321067
2023-07-31,787135,654838.285714286,-0.794024492765131,9.523276
2023-08-01,495867,723864.642857143,-0.951749332268563,9.359496
2023-08-02,804708,754565.738095238,-0.784508519144295,11.688763
2023-08-03,848780,746941.571428572,-0.760643044301211,9.676112
2023-08-04,913306,700992.142857143,-0.725701502512211,9.01722
2023-08-05,764033.666666667,733746.071428572,-0.80653411995492,7.461699
2023-08-06,614761.333333333,759473.5,-0.887366737397628,7.8583126
2023-08-07,465489,722833.357142857,-0.968199354840336,8.775352
2023-08-08,725144.5,706359.5,-0.827593033295631,8.926236
2023-08-09,984800,712275.357142857,-0.686986711750925,9.062906
2023-08-10,592299,740580.928571429,-0.899530339028678,10.14051
2023-08-11,797989,791276.214285714,-0.788146931865993,9.666183
2023-08-12,805444.666666667,778655.428571429,-0.784109606006678,10.772513
2023-08-13,812900.333333333,772153.857142857,-0.780072280147362,9.419698
2023-08-14,820356,804926.285714286,-0.776034954288047,10.638785
2023-08-15,636799,791516.857142857,-0.875433097457675,12.85008
2023-08-16,939289,783944.238095238,-0.711631420989979,12.320557
2023-08-17,821706,782208.428571429,-0.775303914375219,11.5677595
2023-08-18,704123,786309.428571429,-0.838976407760458,10.655151
2023-08-19,752436.333333333,765652.857142857,-0.812814204065319,9.121925
2023-08-20,800749.666666667,774651.714285714,-0.78665200037018,22.038063
2023-08-21,849063,804121.571428572,-0.760489796675041,8.687871
2023-08-22,492203,868510.285714286,-0.953733428743083,9.170703
2023-08-23,1002281,944118.380952381,-0.67752055714637,9.171065
2023-08-24,1027995,1030945.85714286,-0.663596142095657,10.2116
2023-08-25,1154844,1128992.71428571,-0.594906007353183,12.3089075
2023-08-26,1281693,1524808.21428571,-0.52621587261071,12.298579
2023-08-27,1408542,2094544.07142857,-0.457525737868236,11.462314
2023-08-28,1535391,2326747.78571429,-0.388835603125762,8.671964
2023-08-29,3262911.5,2610801.64285714,0.546635830747468,7.3439317
2023-08-30,4990432,2918171.30952381,1.4821072646207,7.2417436
2023-08-31,2653421,3248856.78571429,0.216589992236659,9.725009
2023-09-01,3143221,3602858.07142857,0.481822102831647,11.025491
2023-09-02,3433280.66666667,4316386.42857143,0.638892616487177,8.074914
2023-09-03,3723340.33333333,4125639.28571429,0.795963130142707,12.621407
2023-09-04,4013400,4502078.57142857,0.953033643798237,8.896665
2023-09-05,8257610,4512273.28571429,3.25132024263113,8.6066675
2023-09-06,3655202,4493690.14285714,0.759065469949924,9.7732725
2023-09-07,5288496,4446329.14285714,1.64351221319641,9.619907
2023-09-08,3214584,4370190.28571429,0.520465955645837,10.3754225
2023-09-09,3303198.66666667,3806413.42857143,0.568451776531241,11.457179
2023-09-10,3391813.33333333,3896832.0952381,0.616437597416646,9.363851
2023-09-11,3480428,3750631.71428571,0.664423418302051,9.781306
2023-09-12,4311172,3897413.14285714,1.11428047114836,9.479133
2023-09-13,4288132.66666667,3911706.57142857,1.10180441764346,8.467628
2023-09-14,4265093.33333333,3793512,1.08932836413855,10.809021
2023-09-15,4242054,3542829.42857143,1.07685231063365,10.166896
2023-09-16,3403252.66666667,3156867,0.622632122781692,11.4544
2023-09-17,2564451.33333333,3186385.9047619,0.168411934929733,11.443848
2023-09-18,1725650,3080260.57142857,-0.285808252922227,13.648624
2023-09-19,1609435,2898341.71428571,-0.3487399591958,10.037354
2023-09-20,4494765,2870046.33333333,1.21369810871566,9.343514
2023-09-21,3522216,2995374.42857143,0.687052081914839,9.4316
2023-09-22,2968622,3274326,0.387274815616918,9.448309
2023-09-23,3205185,3483361.42857143,0.515376293319413,11.197766
2023-09-24,3441748,3294918.57142857,0.643477771021908,9.900407
2023-09-25,3678311,3070440.42857143,0.771579248724403,11.237865
2023-09-26,3072683,3049430.42857143,0.443624996630852,8.130587
2023-09-27,3175665,3012062.14285714,0.49939088722557,8.103229
2023-09-28,1950869,2958335.57142857,-0.163849676531674,9.431803
2023-09-29,2821552,2888250.71428571,0.307634786002372,11.504718
2023-09-30,2943607,2852718.42857143,0.373728916787735,12.986534
2023-10-01,3065662,2727343.71428571,0.439823047573099,7.622105
2023-10-02,3187717,2953582,0.505917178358463,11.872948
2023-10-03,2823957,2746243.28571429,0.308937120069299,8.495731
2023-10-04,2298042,2577025.95238095,0.0241483380285414,8.249841
2023-10-05,3534537,2445930,0.69372403951925,8.71939
2023-10-06,1370181,2352955.42857143,-0.478298643124533,8.436648
2023-10-07,1759085.66666667,2181621,-0.267702470073818,7.249193
2023-10-08,2147990.33333333,2343026.57142857,-0.0571062970231031,11.032094
2023-10-09,2536895,2088850.71428571,0.153489876027612,10.730435
2023-10-10,1624616,2091415.71428571,-0.340519279998286,7.4703355
2023-10-11,3427881,2059381.04761905,0.635968637339546,10.467106
2023-10-12,1755306,1992746.71428571,-0.269749201326055,8.224641
2023-10-13,1388136,1891512.71428571,-0.468575812283918,7.0632844
2023-10-14,1534843,1912984,-0.389132351179266,10.05645
2023-10-15,1681550,1656820.28571429,-0.309688890074613,8.770156
2023-10-16,1828257,1996984.28571429,-0.230245428969961,7.376104
2023-10-17,1774915,2154857,-0.259130711214464,7.508838
2023-10-18,1634735,2272105.38095238,-0.335039729718354,6.9767723
2023-10-19,4136454,2348729.42857143,1.01966874411909,10.118492
2023-10-20,2493245,2384729.14285714,0.129852918846168,11.508864
2023-10-21,2355581.66666667,2527508.42857143,0.055306703142735,10.293859
2023-10-22,2217918.33333333,2544491.28571429,-0.0192395125606975,8.614648
2023-10-23,2080255,2116518.14285714,-0.0937857282641302,10.330707
2023-10-24,2774370,2250137.42857143,0.282085211804551,9.33241
2023-10-25,1753615,2365454.52380952,-0.270664896505753,10.4384165
2023-10-26,1140642,2462469.42857143,-0.602596547236135,8.80923
2023-10-27,3428580,2541182.14285714,0.636347153561077,7.327803
2023-10-28,3162801.33333333,2491233.71428571,0.49242506962657,8.57859
2023-10-29,2897022.66666667,2590904.28571429,0.348502985692063,10.40622
2023-10-30,2631244,3040661.42857143,0.204580901757555,9.44481
2023-10-31,2424731,3032624.42857143,0.0927518310035688,10.469523
2023-11-01,2451309,3094078.04761905,0.107144111598492,9.555925
2023-11-02,4288942,3225022.28571429,1.10224268058379,8.057565
2023-11-03,3372321,3425457.14285714,0.605882283593819,9.115962
2023-11-04,3592976.66666667,3636509,0.725369764575329,10.538487
2023-11-05,3813632.33333333,3511232,0.844857245556841,7.8220296
2023-11-06,4034288,3278952.28571429,0.964344726538351,6.1639504
2023-11-07,3902094,3012849.28571429,0.892760215252125,8.319184
2023-11-08,1574370,2695021.57142857,-0.367728044042704,11.885101
2023-11-09,2662984,2325469.14285714,0.221768462374715,11.948761
2023-11-10,1509600,1904192,-0.402801714527059,10.323497
2023-11-11,1368182.66666667,1546355.85714286,-0.479380762699201,10.75964
2023-11-12,1226765.33333333,1565607.85714286,-0.555959810871342,9.082336
2023-11-13,1085348,1351988.42857143,-0.632538859043484,8.016225
2023-11-14,1397241,1427143.42857143,-0.463645354205177,7.782986
2023-11-15,1709134,1541666.28571429,-0.294751849366871,10.099155
2023-11-16,1167648,1695557,-0.587972499913293,7.2609982
2023-11-17,2035685,1888815.57142857,-0.11792087560839,8.497071
2023-11-18,2169842.66666667,2063950.57142857,-0.0452730171304426,6.9103723
2023-11-19,2304000.33333333,2089315.71428571,0.0273748413475053,9.074369
2023-11-20,2438158,2132008.42857143,0.100022699825453,11.633435
2023-11-21,2623186,2140931.42857143,0.200217405744541,8.32593
2023-11-22,1886690,2146733.85714286,-0.198603313987525,11.070037
2023-11-23,1466497,2149415.71428571,-0.426142465166046,16.215528
2023-11-24,2098146,2148977,-0.0840975541304942,13.364482
2023-11-25,2210459.66666667,2034289.71428571,-0.0232784629531527,11.277766
2023-11-26,2322773.33333333,2359069.28571429,0.0375406282241891,10.787574
2023-11-27,2435087,2699789.57142857,0.0983597194015306,10.011419
2023-11-28,1820375,2961681.89285714,-0.234513619038784,8.880229
2023-11-29,4160147,3218937.01190476,1.03249876534475,9.628104
2023-11-30,3851539,3471554.92857143,0.865384124294326,11.357249
2023-12-01,3931392.25,3719535.64285714,0.908625541271397,10.7238455
2023-12-02,4011245.5,4065402.92857143,0.951866958248468,9.208583
2023-12-03,4091098.75,4124967.5,0.995108375225538,10.242581
2023-12-04,4170952,4232771.92857143,1.03834979220261,9.313729
2023-12-05,4241446,4401431.03571429,1.07652307191736,9.165051
2023-12-06,4577099,4686888.29761905,1.25828287922144,7.876383
2023-12-07,4606170,5089143.71428572,1.27402514685538,7.704492
2023-12-08,5112006,5608197.28571429,1.54794092859268,9.297273
2023-12-09,6009446.33333333,6061826,2.03391478270266,11.517924
2023-12-10,6906886.66666667,7714903.71428572,2.51988863681264,8.845994
2023-12-11,7804327,8654328.57142857,3.00586249092262,8.4977255
2023-12-12,7416847,9838761,2.79603779060955,12.762462
2023-12-13,16148643,10485418.047619,7.52440178073791,9.070337
2023-12-14,11182144,10594299.7142857,4.83498770961113,9.954592
2023-12-15,13403033,10165406,6.03762363624892,9.606565
2023-12-16,10536045.6666667,9615302.14285714,4.48511832496045,9.952709
2023-12-17,7669058.33333333,7977198.14285714,2.93261301367197,7.4306297
2023-12-18,4802071,7324111.42857143,1.3801077023835,6.5406127
2023-12-19,3566120,5880905.85714286,0.710826582902104,7.74946
2023-12-20,4681915,4861515.0952381,1.31504190107551,14.956149
2023-12-21,6610537,4265939.14285714,2.35941201867438,14.768542
2023-12-22,3300594,4094178,0.567041320758689,15.96946
2023-12-23,3400310.33333333,4367601.85714286,0.621038816779092,11.948463
2023-12-24,3500026.66666667,4484223.57142857,0.675036312799494,9.978444
2023-12-25,3599743,4952988.71428572,0.729033808819897,9.183426
2023-12-26,5480087,5098140.71428572,1.74726085611394,7.729679
2023-12-27,5498267,5244049.41666667,1.75710552694002,8.190237
2023-12-28,9891893,5390714.82142857,4.13630254030265,8.6059065
2023-12-29,4316658,5538136.92857143,1.11725120074968,7.5355487
2023-12-30,4421671.25,5431940.35714286,1.17411703565768,9.9751005
2023-12-31,4526684.5,5238080.07142857,1.23098287056568,8.100896
2024-01-01,4631697.75,4484128.64285714,1.28784870547368,9.879699
2024-01-02,4736711,4705807.07142857,1.34471454038168,8.386462
2024-01-03,4141245,4766683.22619048,1.02226312354306,13.333268
2024-01-04,4614233,4666757.10714286,1.27839135042363,9.362619
2024-01-05,5868407,4406028.71428572,1.95754042570611,8.755107
2024-01-06,4847804.33333333,4094363.85714286,1.40487280757856,10.70033
2024-01-07,3827201.66666667,4079451.14285714,0.852205189451016,25.349981
2024-01-08,2806599,3711695.42857143,0.299537571323468,9.577945
2024-01-09,2555057,3438372.57142857,0.16332479965486,8.813581
2024-01-10,4036856,3248359.71428571,0.965735326905864,14.936637
2024-01-11,2039943,3141656.85714286,-0.115615121572226,22.030493
2024-01-12,3955147,3118264,0.921489000804178,9.569419
2024-01-13,3517714.33333333,3106901,0.684614379687001,8.331312
2024-01-14,3080281.66666667,2874557.42857143,0.447739758569823,9.961381
2024-01-15,2642849,2837044.14285714,0.210865137452645,8.764922
2024-01-16,2475516,2568647.14285714,0.120252469502071,7.9427733
2024-01-17,2410451,2456294.71428571,0.0850190532589864,5.68761
2024-01-18,1777350,2499986.85714286,-0.257812131816141,7.6831956
2024-01-19,2076368,2699723.57142857,-0.0958905817020288,7.1571794
2024-01-20,2731247.33333333,3056022.71428571,0.258733811448315,12.08265
2024-01-21,3386126.66666667,3384815.42857143,0.613358204598659,12.583581
2024-01-22,4041006,3648091.71428571,0.967982597749003,15.120739
2024-01-23,4969610,3724862.71428571,1.47083192160966,7.5492244
2024-01-24,4712000,3678585.57142857,1.33133326091065,8.998775
2024-01-25,3620284,3509260.28571429,0.740156987226862,8.4619465
2024-01-26,2613765,3216886.85714286,0.195115830175094,8.027153
2024-01-27,2407307.33333333,2856666.42857143,0.0833167230323489,7.7577405
2024-01-28,2200849.66666667,2649408.57142857,-0.0284823841103961,8.257077
2024-01-29,1994392,2496987.85714286,-0.140281491253141,8.535289
2024-01-30,2448067,2468222.42857143,0.105388532785612,7.8317165
2024-01-31,3261195,2471239.71428571,0.545706327036084,10.838375
2024-02-01,2553339,2506039.71428571,0.162394483676905,19.19944
2024-02-02,2412407,2572622.42857143,0.0860782488660175,9.993151
2024-02-03,2428428.33333333,2709622.14285714,0.0947539778463071,8.185357
2024-02-04,2444449.66666667,2865688.42857143,0.103429706826597,19.512415
2024-02-05,2460471,3261358.42857143,0.112105435806886,18.921906
2024-02-06,3407065,3397203.42857143,0.624696543394783,15.847236
2024-02-07,4353659,3481537.85714286,1.13728765098268,13.557363
2024-02-08,5323029,3514361.71428571,1.66221221416656,17.376497
2024-02-09,3363322,3495675,0.601009225686011,9.64211
2024-02-10,3018769.33333333,3241535,0.41443015057141,11.373668
2024-02-11,2674216.66666667,3062705.85714286,0.22785107545681,9.268233
2024-02-12,2329664,2955933.85714286,0.0412720003422097,10.311033
2024-02-13,1628085,2782496.71428571,-0.338640778177841,8.388886
2024-02-14,3101855,2685307.19047619,0.459421956880499,9.906781
2024-02-15,4575625,2664365.28571429,1.25748469193884,11.168635
2024-02-16,2149262,2719671,-0.0564176754755873,9.006829
2024-02-17,2338442.66666667,3024917.14285714,0.0460257453160966,7.9967475
2024-02-18,2527623.33333333,2898103,0.148469166107781,8.66945
2024-02-19,2716804,2594566.57142857,0.250912586899465,12.383317
2024-02-20,3764808,2666444.71428571,0.81841832971692,11.246148
2024-02-21,2214156,2645986,-0.0212768576214609,10.613141
2024-02-22,2450870,2533190.42857143,0.106906388249062,9.583102
2024-02-23,2652409,2328058,0.216041983057561,8.065064
2024-02-24,2195231.66666667,2085969.57142857,-0.0315245931698543,6.823645
2024-02-25,1738054.33333333,2109767.07142857,-0.27909116939727,6.528605
2024-02-26,1280877,2144112.5,-0.526657745624686,7.5876637
2024-02-27,2070189,2114002.64285714,-0.0992365784585956,8.884243
2024-02-28,2380738.5,2113539.83333333,0.0689294062886852,8.669456
2024-02-29,2691288,2142724.07142857,0.237095391035966,9.493011
2024-03-01,2441640,2201555.35714286,0.101908241289503,8.462174
2024-03-02,2191992,2120439.92857143,-0.0332789084569597,18.256876
2024-03-03,1942344,2003059.14285714,-0.168466058203422,17.18733
2024-03-04,1692696,1849413,-0.303653207949885,12.406703
2024-03-05,1502381,1739529.71428571,-0.406710882772027,8.144811
2024-03-06,1559073,1673409.28571429,-0.376011538521617,12.236348
2024-03-07,1615765,1651051.71428571,-0.345312194271206,11.096946
2024-03-08,1672457,1672457,-0.314612850020796,10.715958
2024-03-09,1729149,1622247.85714286,-0.283913505770385,8.759057
2024-03-10,1785841,1583593.42857143,-0.253214161519975,9.290921
2024-03-11,1842533,1506811.28571429,-0.222514817269564,10.127171
2024-03-12,1150917,1462650.57142857,-0.597032521232943,7.207441
2024-03-13,1288492,1425259.47619048,-0.522534139005288,10.899697
2024-03-14,1078290,1394638,-0.636360844009959,10.224408
2024-03-15,1363332,1370786.14285714,-0.482007452282281,11.460038
2024-03-16,1467411.33333333,1549673.28571429,-0.425647343565827,9.965412
2024-03-17,1571490.66666667,1947865,-0.369287234849373,10.380105
2024-03-18,1675570,2215990.14285714,-0.312927126132919,8.261113
2024-03-19,2403127,2336951.42857143,0.081053026354132,9.122703
2024-03-20,4075834,2429267.59523809,0.986842344477876,7.979159
2024-03-21,2955166,2492938.64285714,0.379988242974684,8.047633
2024-03-22,2210061,2527964.57142857,-0.0234943453570396,8.152026
2024-03-23,2113624.5,2445277.14285714,-0.0757157753966344,16.405323
2024-03-24,2017188,2357108,-0.127937205436229,24.334223
2024-03-25,1920751.5,2151746.14285714,-0.180158635475824,12.406739
2024-03-26,1824315,2191210.28571429,-0.232380065515419,11.898903
2024-03-27,3458650,2196825.73809524,0.652630390730517,8.651986
2024-03-28,1517633,2168592.5,-0.398451756290208,11.794435
2024-03-29,2486310,2106510.57142857,0.126097539738417,9.850704
2024-03-30,2152932.66666667,1994047.71428571,-0.0544299689274235,18.27242
2024-03-31,1819555.33333333,1680169.42857143,-0.234957477593264,20.28375
2024-04-01,1486178,1631024.85714286,-0.415484986259105,10.155181
2024-04-02,1037075,1430943.42857143,-0.658679221793079,8.413438
2024-04-03,1261502,1262546.57142857,-0.537149522151386,8.654807
2024-04-04,1173621,1125834.28571429,-0.584738054432313,11.913078
2024-04-05,1085740,1020806.57142857,-0.63232658671324,19.594662
2024-04-06,974154.666666667,1052218.28571429,-0.692751277345019,10.8061905
2024-04-07,862569.333333333,1071077.57142857,-0.753175967976798,9.554633
2024-04-08,750984,1081097.57142857,-0.813600658608576,11.887895
2024-04-09,1256957,1118312.85714286,-0.539610689857908,10.147607
2024-04-10,1393517,1164927.61904762,-0.46566194134249,8.204685
2024-04-11,1243761,1220941.85714286,-0.546756469628041,8.551985
2024-04-12,1346247,1286355.57142857,-0.491259168512406,14.084633
2024-04-13,1300458,1202239.28571429,-0.516054417822398,16.890306
2024-04-14,1254669,1108172.14285714,-0.54084966713239,10.562049
2024-04-15,1208880,1092714.28571429,-0.565644916442381,10.375453
2024-04-16,668143,1043711.28571429,-0.858459975214945,9.688405
2024-04-17,735047,989017.107142857,-0.822230720157275,8.899198
2024-04-18,1135556,928631.75,-0.605350672418835,8.638333
2024-04-19,1003226,862555.214285714,-0.677008829207391,8.065161
2024-04-20,917598.75,861494.357142857,-0.72337693096718,9.205169
2024-04-21,831971.5,893286.785714286,-0.769745032726969,8.709188
2024-04-22,746344.25,904876.928571429,-0.816113134486758,8.417329
2024-04-23,660717,998992.071428572,-0.862481236246547,10.115437
2024-04-24,957594,1178905.48809524,-0.701719061283076,11.991176
2024-04-25,1216687,1444617.17857143,-0.561417339702048,13.737321
2024-04-26,1662032,1796127.14285714,-0.320258102680969,16.580263
2024-04-27,2176992.66666667,1907652.71428571,-0.0414012131476861,10.135028
2024-04-28,2691953.33333333,2101330.28571429,0.237455676385597,9.066958
2024-04-29,3206914,2223166,0.51631256591888,8.924289
2024-04-30,1441396,2372971.14285714,-0.439734933945231,10.182668
2024-05-01,2313337,2418025.28571429,0.0324307494853612,10.225177
2024-05-02,2069537,2358328.42857143,-0.0995896436609393,9.499896
2024-05-03,2710668,2193880.57142857,0.247589875117899,9.894345
2024-05-04,2492371.66666667,2152385.71428571,0.129379999198857,11.446117
2024-05-05,2274075.33333333,2031213.64285714,0.0111701232798144,17.553904
2024-05-06,2055779,1989755.92857143,-0.107039752639228,11.911041
2024-05-07,1150932,1923295.21428571,-0.597024398567245,12.170644
2024-05-08,1465132.5,1871182.16666667,-0.426881356989049,13.804557
2024-05-09,1779333,1833416.78571429,-0.256738315410853,10.738366
2024-05-10,2245443,1809999.07142857,-0.00433460150838334,9.746775
2024-05-11,2127580.33333333,1815174.07142857,-0.0681585374829719,11.177468
2024-05-12,2009717.66666667,1857521.42857143,-0.13198247345756,8.114605
2024-05-13,1891855,1894387.28571429,-0.195806409432149,8.70515
2024-05-14,1187157,1881308.14285714,-0.577408160906356,8.302572
2024-05-15,1761564,1827191.71428571,-0.266360425196811,8.097086
2024-05-16,2037394,1732038,-0.116995433229855,10.241872
2024-05-17,2153889,1595847,-0.0539121038632496,9.37346
2024-05-18,1748765.33333333,1638425.71428571,-0.273291044577787,10.350878
2024-05-19,1343641.66666667,1618193,-0.492669985292324,9.348971
2024-05-20,938518,1511764.14285714,-0.712048926006861,9.461563
2024-05-21,1485208,1597910.14285714,-0.416010251974248,9.605191
2024-05-22,1619935,1688371.52380952,-0.343054093207137,9.793169
2024-05-23,1292392,1783148.28571429,-0.520422245923785,11.27475
2024-05-24,2756911,1882240.42857143,0.27263097044302,9.805848
2024-05-25,2381995,1955741.85714286,0.0696098149186619,9.514482
2024-05-26,2007079,1962246.42857143,-0.133411340605696,10.396522
2024-05-27,1632163,1967792.71428571,-0.336432496130053,9.889943
2024-05-28,1999718,1815402.14285714,-0.137397403419272,8.550013
2024-05-29,1665467,1716219.71428571,-0.318398012236106,9.606383
2024-05-30,1331216,1670245.42857143,-0.49939862105294,11.570294
2024-05-31,1690177,1677479.28571429,-0.305017274276118,9.859092
2024-06-01,1687718,1669219.28571429,-0.306348849939558,8.759507
2024-06-02,1685259,2117014.14285714,-0.307680425602999,11.679671
2024-06-03,1682800,2338235,-0.309012001266439,11.065654
2024-06-04,1941898,2388121.14285714,-0.168707572130179,11.492669
2024-06-05,4800031,2432653.14285714,1.37900301984855,8.611888
2024-06-06,2879762,2471831,0.339156144021429,8.383738
2024-06-07,2039380,2505654.71428571,-0.115919992291427,10.298571
2024-06-08,1999442,2527701.42857143,-0.137546860468117,10.48487
2024-06-09,1959504,2127477.14285714,-0.159173728644807,8.884362
2024-06-10,1919566,2057167.57142857,-0.180800596821496,9.258188
2024-06-11,2096225,2277479.71428571,-0.0851377968508963,8.459115
2024-06-12,1998461,2674064.42857143,-0.138078082804772,9.450539
2024-06-13,2387595,3246921.71428571,0.0726422767792824,9.896808
2024-06-14,3581565,3996051.57142857,0.719190221015904,10.413222
2024-06-15,4775535,4635922.71428572,1.36573816525253,8.170442
2024-06-16,5969505,5573650.71428572,2.01228610948915,15.457004
2024-06-17,7163475,6853604.42857143,2.65883405372577,13.152806
2024-06-18,6575323,7944537.42857143,2.34034324868154,13.282253
2024-06-19,8562557,8423309.28571429,3.41645241174018,10.321987
2024-06-20,11347271,8289920,4.92440580419304,10.046058
2024-06-21,11218096,7544369.57142857,4.85445611475631,9.2672415
2024-06-22,8126938,6823700.28571429,3.18055991115774,8.219672
2024-06-23,5035780,5935876.57142857,1.50666370755917,8.429976
2024-06-24,1944622,4637870.14285714,-0.167232496039406,8.928054
2024-06-25,1530638,3394422.85714286,-0.391409405129964,8.919982
2024-06-26,2347791,2653220.17857143,0.051087971082829,9.184494
2024-06-27,2261226,2414262.10714286,0.00421206733914768,10.0574255
2024-06-28,2513965,2677548.64285714,0.141073027730464,10.133165
2024-06-29,2938519.25,3060626.35714286,0.370973843960705,10.79864
2024-06-30,3363073.5,3305830.78571429,0.600874660190946,9.809871
2024-07-01,3787627.75,3632384.92857143,0.830775476421187,10.994999
2024-07-02,4212182,4010435.92857143,1.06067629265143,8.924691
2024-07-03,4064222,4158490.55952381,0.980554318205461,8.64453
2024-07-04,4547105,4076548.82142857,1.24204079689154,10.435792
2024-07-05,5160322,3764610.71428571,1.57410457631727,8.922018
2024-07-06,3974901.66666667,3618406.42857143,0.932186371024882,11.877537
2024-07-07,2789481.33333333,3558896,0.290268165732489,8.309739
2024-07-08,1604061,3350071.71428571,-0.351650039559903,8.644172
2024-07-09,3188752,3085703.57142857,0.506477642291631,7.648546
2024-07-10,3647649,2997448.52380952,0.754975437015413,9.091993
2024-07-11,3085335,3085306.57142857,0.450476194391668,9.002196
2024-07-12,3309745,3349277.71428571,0.57199668834557,9.77668
2024-07-13,3357116.33333333,3363020.57142857,0.59764878863487,9.657012
2024-07-14,3404487.66666667,3803227.57142857,0.623300888924169,9.536122
2024-07-15,3451859,4311127.42857143,0.648952989213468,11.616057
2024-07-16,3284952,4534451.71428572,0.55857100496872,9.891128
2024-07-17,6729098,4818651.52380952,2.42361410986313,8.122728
2024-07-18,6640634,5163726.85714286,2.37570987664207,9.373531
2024-07-19,4873015,5569677.71428572,1.41852466206918,9.445532
2024-07-20,5346515,5624723,1.67493014260558,10.012599
2024-07-21,5820015,5186060.85714286,1.93133562314198,9.9663315
2024-07-22,6293515,5040781,2.18774110367837,9.072205
2024-07-23,3670269,5555068.57142857,0.767224416888133,9.231471
2024-07-24,3658463,5802842.21428572,0.760831337472689,10.244909
2024-07-25,5623675,5784101.92857143,1.82501534426443,10.127226
2024-07-26,8473028,5498847.71428572,3.36797146925455,9.530258
2024-07-27,7080930.5,5389471.85714286,2.6141352951447,8.1208105
2024-07-28,5688833,5350146.85714286,1.86029912103485,10.528976
2024-07-29,4296735.5,5398338.14285714,1.106462946925,11.117294
2024-07-30,2904638,4793463.14285714,0.352626772815142,7.8071637
2024-07-31,3383188,4420451.57142857,0.611766884136562,8.516821
2024-08-01,5961014,4279303.42857143,2.00768813919298,9.683707
2024-08-02,4238903,4370018.71428572,1.07514600932601,10.161946
2024-08-03,4469849.5,4692597.42857143,1.20020609023561,10.752335
2024-08-04,4700796,4987832.33333333,1.32526617114522,10.043613
2024-08-05,4931742.5,4955826.85714286,1.45032625205483,9.240222
2024-08-06,5162689,5210857.71428572,1.57538633296443,8.79126
2024-08-07,5449832.33333333,5283165.02380952,1.73087761990457,9.524011
2024-08-08,5736975.66666667,5172748.78571429,1.88636890684471,8.764835
2024-08-09,6024119,4879609,2.04186019378485,8.036592
2024-08-10,4976000.66666667,4733545.85714286,1.47429253820441,7.612755
2024-08-11,3927882.33333333,4646713.38095238,0.906724882623964,8.468051
2024-08-12,2879764,4417417.57142857,0.339157227043522,8.313455
2024-08-13,4140247,4531789.28571429,1.02172269551862,7.6482415
2024-08-14,4842005,4961880.57142857,1.401732404516,8.591241
2024-08-15,4131905,5707691.42857143,1.01720541036839,8.459722
2024-08-16,6824721,6769221.85714286,2.47539502066637,10.272823
2024-08-17,7986639.66666667,7010741.57142857,3.10458681384668,9.861714
2024-08-18,9148558.33333333,7494414.42857143,3.73377860702698,8.373923
2024-08-19,10310477,8336445.14285714,4.36297040020729,11.233414
2024-08-20,5830885,8975040.85714286,1.93722184821786,9.779403
2024-08-21,8227715,9084452.23809524,3.23513176989484,10.222651
2024-08-22,10026120,8664679.28571429,4.20898794354649,9.948329
2024-08-23,11294891,7715722,4.8960414555753,8.509114
2024-08-24,8752519.33333333,7419624.14285714,3.51931911366657,7.8842087
2024-08-25,6210147.66666667,6794039.71428572,2.14259677175784,10.056879
2024-08-26,3667776,6126507.14285714,0.765874429849111,9.194312
2024-08-27,3758200,4777210.42857143,0.814840024721387,7.1271343
2024-08-28,3848624,3816116.09523809,0.863805619593664,7.6937175
2024-08-29,5353392,3243224.14285714,1.67865411407263,9.009545
2024-08-30,1849814,3058534.57142857,-0.218572075339711,9.345357
2024-08-31,2024859,3069293.28571429,-0.123783274198226,8.813558
2024-09-01,2199904,3117517.57142857,-0.0289944730567401,8.57403
2024-09-02,2374949,3317181.57142857,0.0657943280847454,8.038892
2024-09-03,3833511,3849733.28571429,0.855621763147315,7.6448827
2024-09-04,4186194,4207651,1.04660350357396,9.715549
2024-09-05,6751040,4390934.71428572,2.4354959452463,8.069722
2024-09-06,5577676,4399584.42857143,1.80010637763467,8.620225
2024-09-07,4530283,4455766,1.23293149806665,7.962534
2024-09-08,3482890,4416253.14285714,0.665756618498631,10.10867
2024-09-09,2435497,3965022.57142857,0.0985817389306117,8.298739
2024-09-10,4226782,3636104.28571429,1.0685823539309,12.715039
2024-09-11,3909604,3355217.52380952,0.896826963211636,9.454785
2024-09-12,3592426,3122362.28571429,0.725071572492368,12.458602
2024-09-13,3275248,2937538.57142857,0.553316181773101,11.93153
2024-09-14,2564075.66666667,2556498.71428571,0.168208507279916,9.736803
2024-09-15,1852903.33333333,2228779.42857143,-0.216899167213269,10.18068
2024-09-16,1141731,2087892.57142857,-0.602006841706454,14.83173
2024-09-17,1559503,1888470.57142857,-0.375778688771605,9.080281
2024-09-18,1615569,1915838.85714286,-0.345418330436328,9.897591
2024-09-19,2606218,2169997.42857143,0.191029046306861,9.831517
2024-09-20,1879294,2650946.28571429,-0.20260832968773,8.583582
2024-09-21,2755653.66666667,2760180.28571429,0.271950110553837,8.509746
2024-09-22,3632013.33333333,3158717,0.746508550795405,10.595087
2024-09-23,4508373,2971930.28571429,1.22106699103697,9.972437
2024-09-24,2324141,3159733,0.0382812348321727,10.067339
2024-09-25,4405326,3171272.36904762,1.16526590222423,12.397049
2024-09-26,1298711,3006548.39285714,-0.517000437620702,11.821359
2024-09-27,3193913,2665561.07142857,0.509272380802821,10.531167
2024-09-28,2836429.25,2585537.78571429,0.315690981219499,10.137638
2024-09-29,2478945.5,2337423.07142857,0.122109581636178,11.106133
2024-09-30,2121461.75,2530669.3,-0.0714718179471437,7.2904453
2024-10-01,1763978,2450731.18571429,-0.265053217530465,9.001075
2024-10-02,2668523,2419420.97857143,0.224767892061497,7.6900363
2024-10-03,2651434.6,2436738.67857143,0.215514334693813,6.9166913
2024-10-04,2634346.2,2502684.28571429,0.20626077732613,6.9266906
2024-10-05,2617257.8,2580332.28571429,0.197007219958446,7.3985925
2024-10-06,2600169.4,2447235.14285714,0.187753662590763,9.699288
2024-10-07,2583081,2453131.62857143,0.178500105223079,9.215833
2024-10-08,2307514,2598021.74285714,0.0292775306613624,7.4302773
2024-10-09,1736843,2712713.91428571,-0.279747119778311,6.9350095
2024-10-10,2692710,2797208.14285714,0.237865419744145,8.975007
2024-10-11,3648577,2851504.42857143,0.755477959266601,9.746032
2024-10-12,3420103,2844521.14285714,0.631756764419563,9.694091
2024-10-13,3191629,2943216.42857143,0.508035569572525,6.9110484
2024-10-14,2963155,2912837.95238095,0.384314374725487,6.7396483
2024-10-15,2258631,2753385.71428571,0.00280684617337799,6.699123
2024-10-16,2427710,2634051.28571429,0.0943649924112096,8.1692915
2024-10-17,2480060.66666667,2554834.66666667,0.12271345670491,9.960555
2024-10-18,2532411.33333333,2515735.85714286,0.151061920998611,9.359935
2024-10-19,2584762,2584762,0.179410385292312,9.480598
2024-10-20,2637112.66666667,2555998.85714286,0.207758849586013,11.241387
2024-10-21,2689463.33333333,2412405.40476191,0.236107313879714,9.670221
2024-10-22,2741814,2153981.64285714,0.264455778173415,6.87216
2024-10-23,2226368,1888891.21428571,-0.014663924721122,6.033512
2024-10-24,1474906.5,1617134.11904762,-0.421588628020173,7.249056
2024-10-25,723445,1338710.35714286,-0.828513331319224,6.964604
2024-10-26,729129,1238050.78571429,-0.825435382530695,8.065488
2024-10-27,734813,1068588.07142857,-0.822357433742165,6.8087125
2024-10-28,740497,1043021.5,-0.819279484953635,11.740253
2024-10-29,2037197,1161351.07142857,-0.117102110906023,13.43798
2024-10-30,1040129,1549821.83333333,-0.657025447056948,9.623611
2024-10-31,1295940.5,2208433.78571429,-0.51850069397514,9.089904
2024-11-01,1551752,3137186.92857143,-0.379975940893331,8.326186
2024-11-02,3448424.33333333,3479802.78571429,0.647093079272287,10.507842
2024-11-03,5345096.66666667,3798123.07142857,1.67416209943791,11.52822
2024-11-04,7241769,4177254.42857143,2.70123111960352,8.66277
2024-11-05,4435508,4240996.57142857,1.18160978863088,8.804463
2024-11-06,3268371,4221616.90476191,0.54959221030605,9.499896
2024-11-07,3949860,4119115.42857143,0.918626031901125,8.796224
2024-11-08,1997947,3933492.14285714,-0.138356419482693,10.672427
2024-11-09,3312766.66666667,3442187.14285714,0.57363295422453,9.155688
2024-11-10,4627586.33333333,3188426,1.28562232793175,6.5803084
2024-11-11,5942406,3048552.57142857,1.99761170163898,7.7596188
2024-11-12,996373,3159893.60714286,-0.680719804409325,5.8035245
2024-11-13,1492043,3055773.01190476,-0.412309023971151,5.157655
2024-11-14,2970746,2736190.78571429,0.388424985079768,4.609927
2024-11-15,2777334.25,2201146.92857143,0.283690385924255,14.991376
2024-11-16,2583922.5,2419336.5,0.178955786768742,6.2896385
2024-11-17,2390510.75,2640848.64285714,0.0742211876132296,5.21925
2024-11-18,2197099,2766682.5,-0.0305134115422831,9.102479
2024-11-19,2523700,2726645.17857143,0.146344637768525,6.0008016
2024-11-20,3042628,2937693.25,0.427349882127111,4.9891315
2024-11-21,3851583,3399826.71428571,0.865407950780374,5.4359226
2024-11-22,2497073,4113045.57142857,0.13192582313232,4.6504903
2024-11-23,4061259,4704895.28571429,0.978949820974565,4.1893277
2024-11-24,5625445,4863761.71428572,1.82597381881681,5.2541275
2024-11-25,7189631,6092775.14285714,2.67299781665905,6.3349175
2024-11-26,6666648,7268365.46428572,2.38979674500675,5.359253
2024-11-27,4154693,7973576.10714286,1.02954536409693,5.8155503
2024-11-28,12454677,8208407.07142857,5.52407838619702,5.044732
2024-11-29,10726205.25,7972858.35714286,4.58809183994077,3.889157
2024-11-30,8997733.5,7533202.07142857,3.65210529368452,3.8628557
2024-12-01,7269261.75,7376470.64285714,2.71611874742827,3.2341394
2024-12-02,5540790,6263808.92857143,1.78013220117202,4.0782824
2024-12-03,3589054,5712247.89285714,0.723245597243438,3.8180234
2024-12-04,3057573,5297624.05952381,0.435442764717642,3.3948927
2024-12-05,4666045,5019937.42857143,1.30644812076693,3.7048006
2024-12-06,6865278,4879188,2.49735708418087,4.3841624
2024-12-07,6095366.66666667,4756489.42857143,2.08044159232501,3.6452458
2024-12-08,5325455.33333333,4847954.71428572,1.66352610046914,3.7268512
2024-12-09,4555544,4784365,1.24661060861328,4.3812337
2024-12-10,2730164,4355208.21428572,0.258147174481231,5.8903384
2024-12-11,3697830,3984647.83333333,0.782149002841805,5.1781535
2024-12-12,4220917,3672683.85714286,1.06540639164295,6.091509
2024-12-13,3861180.5,3419316.28571429,0.870605103049536,5.6491437
2024-12-14,3501444,3385518.42857143,0.675803814456123,5.426655
2024-12-15,3141707.5,3215247.57142857,0.48100252586271,6.2555923
2024-12-16,2781971,2777540.85714286,0.286201237269296,5.5187035
2024-12-17,2493579,2518416.64285714,0.130033783535712,3.7260153
2024-12-18,2505934,2397230.26190476,0.136724152515706,4.029999
2024-12-19,1156970,2413981.71428571,-0.59375475486824,3.1205492
2024-12-20,2047311,2568671,-0.111625268181324,3.102925
2024-12-21,2653139.33333333,2821945.71428571,0.216437466625217,6.539208
2024-12-22,3258967.66666667,3314224.42857143,0.544500201431758,4.4319806
2024-12-23,3864796,4434118.85714286,0.872562936238299,3.9664786
2024-12-24,4266502,4763301.42857143,1.09009117269945,6.2846446
2024-12-25,5951885,5020159.38095238,2.00274468484912,6.074553
2024-12-26,8996231,5204692.71428572,3.6512916733371,4.238491
2024-12-27,4351589,5316901.42857143,1.13616672311634,3.3849735
2024-12-28,4451145,5383299.35714286,1.19007739686562,3.313263
2024-12-29,4550701,5220504.07142857,1.24398807061489,4.311806
2024-12-30,4650257,4478149.64285714,1.29789874436417,3.162506
2024-12-31,4731287.5,4420716.53571429,1.34177765522078,3.600463
2025-01-01,4812318,4370462.17857143,1.38565656607738,3.8686001
2025-01-02,3799750,4327386.57142857,0.837339808705099,3.3820593
2025-01-03,3949557.25,4291489.71428572,0.918462089431785,4.234409
2025-01-04,4099364.5,3907221.21428571,0.999584370158471,5.50705
2025-01-05,4249171.75,3781386.5,1.08070665088516,4.508068
2025-01-06,4398979,3748649.92857143,1.16182893161184,5.644303
2025-01-07,2041408,3444849.75,-0.114821807889045,10.584546
2025-01-08,3931475,3099900.48809524,0.908670351310498,10.74561
2025-01-09,3570594,2713802.14285714,0.713249303324321,6.2427325
2025-01-10,1822956,2286554.71428571,-0.233115979027666,9.353533
2025-01-11,1684719.66666667,2292369.57142857,-0.307972480560765,4.7052007
2025-01-12,1546483.33333333,1845637.71428571,-0.382828982093865,5.7057343
2025-01-13,1408247,1534290.71428571,-0.457685483626965,5.9865756
2025-01-14,2082112,1793894.71428571,-0.0927801422507066,6.5718703
2025-01-15,804352,2086110.80952381,-0.784701297076863,4.3484764
2025-01-16,1391165,2410939,-0.466935575323951,5.854242
2025-01-17,3640184,2768379.28571429,0.750933057052996,6.0090737
2025-01-18,3730232.33333333,2823283,0.799695224275456,4.706508
2025-01-19,3820280.66666667,2945049.42857143,0.848457391497916,4.5130763
2025-01-20,3910329,3087994.57142857,0.897219558720377,6.3734527
2025-01-21,2466438,3026179.14285714,0.115336632221587,8.220369
2025-01-22,1656717,2877999.38095238,-0.323136233893326,5.090323
2025-01-23,2391781,2643455.28571429,0.0749090420200962,8.442588
2025-01-24,3207476,2322546.85714286,0.516616895127035,6.3916435
2025-01-25,2692974,2373630.35714286,0.238008378660431,12.235943
2025-01-26,2178472,2706110.07142857,-0.0406001378061721,9.229384
2025-01-27,1663970,3180627.92857143,-0.319208654272775,6.335543
2025-01-28,2824022.5,3026971.5,0.308972589042847,5.9180512
2025-01-29,3984075,2918458.5952381,0.93715383235847,5.6059513
2025-01-30,5713406,2855089.21428571,1.87360567198146,5.7173862
2025-01-31,2131881,2836863.35714286,-0.0658296789754883,6.839803
2025-02-01,1933383.66666667,2754023.28571429,-0.173318177684097,5.3917794
2025-02-02,1734886.33333333,2543668,-0.280806676392707,5.8296456
2025-02-03,1536389,2012270.57142857,-0.388295175101316,5.877609
2025-02-04,2244142,2238246.57142857,-0.00503910737993107,5.119172
2025-02-05,2511588,2399234.71428571,0.13978585597284,5.856779
2025-02-06,1993624,2495235,-0.140697371736883,7.3341546
2025-02-07,3713713,2526247.42857143,0.79074982279399,8.835937
2025-02-08,3060300.66666667,2368659.14285714,0.436919826348919,5.8833385
2025-02-09,2406888.33333333,2406272.71428571,0.0830898299038487,4.825569
2025-02-10,1753476,2374447.71428571,-0.270740166541222,5.8614793
2025-02-11,1141024,1967756.28571429,-0.602389690016357,10.521915
2025-02-12,2774883,1693600.76190476,0.282363006971425,11.119624
2025-02-13,1770849,1551981.14285714,-0.261332495129693,17.823015
2025-02-14,866873,1542897.42857143,-0.750845484936174,12.102853
2025-02-15,1141212,1635471.78571429,-0.602287885939608,5.963501
2025-02-16,1415551,1508802.64285714,-0.453730286943041,4.2191834
2025-02-17,1689890,1536711.38571429,-0.305172687946475,5.3815665
2025-02-18,1789044.5,1704904.01428571,-0.251479430882386,6.689368
2025-02-19,1888199,1845049.81428571,-0.197786173818297,4.063849
2025-02-20,1966210.2,1957148.78571429,-0.155542247264504,4.539655
2025-02-21,2044221.4,2041200.92857143,-0.113298320710712,3.8658016
2025-02-22,2122232.6,2698572.42857143,-0.0710543941569187,4.3158717
2025-02-23,2200243.8,2738617.14285714,-0.0288104676031261,4.627052
2025-02-24,2278255,3217710.54285714,0.0134334589506668,4.8256826
2025-02-25,6390645,3126102.2,2.24033807162874,4.1464963
2025-02-26,2168512,3081263.4,-0.0459935878297043,4.4047675
2025-02-27,5319864,3083194.14285714,1.66049833170426,5.476958
2025-02-28,1402963,3131894.42857143,-0.460546827996879,6.3936806
2025-03-01,1808361,2379487.42857143,-0.241019332751908,6.5180364
2025-03-02,2213759,2603745.85714286,-0.021491837506937,11.9211855
2025-03-03,2619157,2223620.28571429,0.198035657738034,15.981959
2025-03-04,1123796,2336166.42857143,-0.611718842326138,7.402264
2025-03-05,3738321,2380952.14285714,0.804075326627231,5.1641736
2025-03-06,2658985,2357977.42857143,0.219602959699604,16.798105
2025-03-07,2190786,2267242.28571429,-0.0339319707790862,7.1868405
2025-03-08,2121861,2380283.71428571,-0.0712556196618128,5.485594
2025-03-09,2052936,2056572,-0.108579268544539,4.6999993
2025-03-10,1984011,1823801.57142857,-0.145902917427266,5.656347
2025-03-11,1915086,1594667.14285714,-0.183226566309993,9.978912
2025-03-12,1472339,1389594.28571429,-0.422978957632163,13.271089
2025-03-13,1029592,1208583,-0.662731348954333,17.775324
2025-03-14,586845,1051633.28571429,-0.902483740276504,12.681061
2025-03-15,686351,973126,-0.848600142079556,7.222854
2025-03-16,785857,959375.538095238,-0.794716543882609,4.1046214
2025-03-17,885363,1010381.9,-0.740832945685661,7.6354156
2025-03-18,1365535,1126145.08571429,-0.480814503446755,10.512642
2025-03-19,1376085.76666667,1229200.38095238,-0.475101146747295,6.61977
2025-03-20,1386636.53333333,1319547.78571429,-0.469387790047836,4.1602263
2025-03-21,1397187.3,1397187.3,-0.463674433348376,4.001529
2025-03-22,1407738.06666667,1407738.06666667,-0.457961076648917,5.1327906
2025-03-23,1418288.83333333,1418288.83333333,-0.452247719949458,4.8738956
2025-03-24,1428839.6,1428839.6,-0.446534363249998,5.022071
2025-03-25,1439390.36666667,1439390.36666667,-0.440821006550539,5.503712
2025-03-26,1449941.13333333,1449941.13333333,-0.435107649851079,4.804903
2025-03-27,1460491.9,1460491.9,-0.42939429315162,6.166672
2025-03-28,1471042.66666667,1471042.66666667,-0.42368093645216,8.327382
2025-03-29,1481593.43333333,1481593.43333333,-0.417967579752701,7.797622
2025-03-30,1492144.2,1492144.2,-0.412254223053241,5.4071255
2025-03-31,1502694.96666667,1502694.96666667,-0.406540866353782,8.236196
2025-04-01,1513245.73333333,1513245.73333333,-0.400827509654322,16.293545
2025-04-02,1523796.5,1523796.5,-0.395114152954863,16.2237
2025-04-03,1534347.26666667,1534347.26666667,-0.389400796255404,7.398541
2025-04-04,1544898.03333333,1544898.03333333,-0.383687439555944,5.967928
2025-04-05,1555448.8,1555448.8,-0.377974082856485,5.791168
2025-04-06,1565999.56666667,1565999.56666667,-0.372260726157025,6.647742
2025-04-07,1576550.33333333,1576550.33333333,-0.366547369457566,4.8329425
2025-04-08,1587101.1,1587101.1,-0.360834012758106,4.1037145
2025-04-09,1597651.86666667,1597651.86666667,-0.355120656058647,4.0501
2025-04-10,1608202.63333333,1608202.63333333,-0.349407299359187,5.1010265
2025-04-11,1618753.4,1618753.4,-0.343693942659728,4.9529104
2025-04-12,1629304.16666667,1629304.16666667,-0.337980585960268,6.252308
2025-04-13,1639854.93333333,1639854.93333333,-0.332267229260809,5.195133
2025-04-14,1650405.7,1650405.7,-0.32655387256135,6.0756717
2025-04-15,1660956.46666667,1673630.47959184,-0.32084051586189,5.14037
2025-04-16,1671507.23333333,1709529.27210884,-0.315127159162431,6.7546697
2025-04-17,1682058,1758102.07755102,-0.309413802462971,7.5379853
2025-04-18,1781326.85714286,1819348.89591837,-0.255658619742775,7.8321548
2025-04-19,1880595.71428571,1893269.72721088,-0.201903437022578,7.6866875
2025-04-20,1979864.57142857,1979864.57142857,-0.148148254302381,7.6766257
2025-04-21,2079133.42857143,2079133.42857143,-0.0943930715821846,6.3678393
2025-04-22,2178402.28571429,2024348.02040816,-0.0406378888619878,6.3717885
2025-04-23,2277671.14285714,1940534.2755102,0.0131172938582086,5.725886
2025-04-24,2376940,1827692.19387755,0.0668724765784053,6.984694
2025-04-25,1397829,1685821.7755102,-0.463326945709812,6.747294
2025-04-26,1293899.5,1514923.02040816,-0.519605918021127,9.581073
2025-04-27,1189970,1411157.57142857,-0.575884890332441,8.598803
2025-04-28,1086040.5,1311154.71428571,-0.632163862643755,5.860784
2025-04-29,982111,1323677.82142857,-0.68844283495507,5.3527856
2025-04-30,1551313,1323700.96428571,-0.380213664242762,5.208687
2025-05-01,1676920,1311224.14285714,-0.312196086220091,5.84267
2025-05-02,1485490.75,1286247.35714286,-0.415857139725839,7.175263
2025-05-03,1294061.5,1343723.64285714,-0.519518193231587,8.355968
2025-05-04,1102632.25,1343117.64285714,-0.623179246737336,11.807212
2025-05-05,911203,1332848.35714286,-0.726840300243084,7.1224213
2025-05-06,1384445,1314332.82142857,-0.470574529556695,5.649582
2025-05-07,1547071,1346964.70238095,-0.382510754102182,7.408711
2025-05-08,1605035,1430744,-0.351122607800574,6.8417754
2025-05-09,1355882,1565670.71428571,-0.486041709578999,5.9495444
2025-05-10,1522484.66666667,1647114.71428571,-0.395824525196082,6.149473
2025-05-11,1689087.33333333,1696147.28571429,-0.305607340813164,6.7693563
2025-05-12,1855690,1727720.14285714,-0.215390156430246,10.037232
2025-05-13,1954553,1835034.85714286,-0.161854749836223,11.387032
2025-05-14,1890299,1881949.19047619,-0.196649000620564,7.3549476
2025-05-15,1826045,1868463.14285714,-0.231443251404906,5.9575562
2025-05-16,2107085,1794576.71428571,-0.0792569868854787,6.082601
2025-05-17,1850885,1804342.42857143,-0.217992117008867,10.036414
2025-05-18,1594685,1810253.14285714,-0.356727247132256,5.9577374
2025-05-19,1338485,1773193,-0.495462377255645,5.0955396
2025-05-20,2022913,1717824.37142857,-0.124837054694791,4.8857036
2025-05-21,1931674,1720895.82857143,-0.174243981069998,4.8622475
2025-05-22,1566624,1782407.37142857,-0.371922588609198,5.524473
2025-05-23,1719504.6,1902359,-0.28913605490763,7.3211207
2025-05-24,1872385.2,1946375.28571429,-0.206349521206062,6.635654
2025-05-25,2025265.8,1847678.42857143,-0.123562987504493,6.2389235
2025-05-26,2178146.4,1875353.71428571,-0.0407764538029253,5.4571643
2025-05-27,2331027,1885819.66428571,0.0420100798986428,6.1682105
2025-05-28,1240796,1879076.27857143,-0.54836204988103,6.1854234
2025-05-29,1760351,1855123.55714286,-0.267017278096264,6.9816036
2025-05-30,1792766.25,1813961.5,-0.249464062144928,6.926227
2025-05-31,1825181.5,1869073.92857143,-0.231910846193592,6.1706624
2025-06-01,1857596.75,1889909.07142857,-0.214357630242257,7.2501864
2025-06-02,1890012,1911872.5,-0.196804414290921,6.4879556
2025-06-03,2716814,1822255.32142857,0.25091800200993,8.587561
2025-06-04,1386642,1700449.01190476,-0.469384829787448,7.620676
2025-06-05,1914095,1546453.57142857,-0.183763203757113,8.524885
2025-06-06,1165446,1360269,-0.589164907237773,8.0589285
2025-06-07,972537.333333333,1205167.57142857,-0.693627081210955,10.011712
2025-06-08,779628.666666667,1604435.57142857,-0.798089255184138,9.949741
2025-06-09,586720,1795120.85714286,-0.902551429157321,6.6274924
2025-06-10,1631104,1959523.71428571,-0.337005956328339,5.367842
2025-06-11,4181518,2124596.95238095,1.04407139792034,5.363237
2025-06-12,3248892,2290340.57142857,0.53904411663051,6.4683414
2025-06-13,2316266,2456754.57142857,0.0340168353406751,5.9709754
2025-06-14,2128050,2447082.85714286,-0.0679042077947806,5.5482097
2025-06-15,1939834,2046178.28571429,-0.169825250930236,5.2009997
2025-06-16,1751618,1793389.64285714,-0.271746294065692,5.085236
2025-06-17,1563402,1688716.92857143,-0.373667337201148,5.5150123
2025-06-18,1375186,1593333.92857143,-0.475588380336603,6.646078
2025-06-19,1479371.5,1507240.64285714,-0.419170781197375,6.0550103
2025-06-20,1583557,1430437.07142857,-0.362753182058146,6.7147574
2025-06-21,1460369,1549289.5,-0.429460844859239,10.827321
2025-06-22,1337181,1542868.78571429,-0.496168507660332,6.242254
2025-06-23,1213993,1524778.14285714,-0.562876170461425,7.005593
2025-06-24,2395369,1509923.57142857,0.0768519836550795,7.0018997
2025-06-25,1330241,1630940.52380952,-0.499926594323316,6.1307964
2025-06-26,1352737,1887829,-0.487744761820366,5.244138
2025-06-27,1479575,2280589,-0.419060583699404,5.109175
2025-06-28,2307487.66666667,2280253.71428571,0.0292632708704701,5.2814374
2025-06-29,3135400.33333333,2634787.0952381,0.477587125440344,7.6870914
2025-06-30,3963313,3188814.28571429,0.925910980010219,7.6835685
2025-07-01,2393022,3927429.28571429,0.0755810572288516,7.4476113
2025-07-02,3811974.66666667,4489466.66666667,0.843959600745361,6.6294446
2025-07-03,5230927.33333333,4874926.42857143,1.61233814426187,5.7586455
2025-07-04,6649880,5083808.57142857,2.38071668777838,5.4870925
2025-07-05,6241749.33333333,5458713.61904762,2.1597094233469,5.203852
2025-07-06,5833618.66666667,5572606.76190476,1.93870215891542,5.520159
2025-07-07,5425488,5425488,1.71769489448393,6.228683
2025-07-08,5017357.33333333,5017357.33333333,1.49668763005245,8.852303
2025-07-09,4609226.66666667,4609226.66666667,1.27568036562097,7.7051244
2025-07-10,4201096,4201096,1.05467310118949,5.4940248
2025-07-11,3792965.33333333,3792965.33333333,0.833665836758011,6.612162
2025-07-12,3384834.66666667,3384834.66666667,0.61265857232653,5.9968867
2025-07-13,2976704,2976704,0.391651307895049,6.4013305
2025-07-14,2568573.33333333,2568993.14285714,0.170644043463568,6.4726434
2025-07-15,2160442.66666667,2336014.52380952,-0.050363220967913,5.9425416
2025-07-16,1752312,2176038.65714286,-0.271370485399394,5.330552
2025-07-17,1347120,2089065.54285714,-0.490786429368778,6.0329194
2025-07-18,2162115,2075095.18095238,-0.0494576339944167,6.6564155
2025-07-19,2265003.6,2134127.57142857,0.00625767946855488,6.6073227
2025-07-20,2367892.2,2266162.71428571,0.0619729929315264,6.423815
2025-07-21,2470780.8,2648280,0.117688306394498,6.818073
2025-07-22,2573669.4,2918716.42857143,0.173403619857469,6.528312
2025-07-23,2676558,3079063.2952381,0.229118933320441,8.605647
2025-07-24,4021941,3129320.6,0.95765868964673,8.621404
2025-07-25,4055170,3069488.34285714,0.975652560212187,7.9593334
2025-07-26,3387431.66666667,2980031.28571429,0.614064876514393,7.02795
2025-07-27,2719693.33333333,2955847.57142857,0.252477192816599,6.74861
2025-07-28,2051955,2763657.42857143,-0.109110490881195,6.734406
2025-07-29,1947470,2552521.97802198,-0.165690272578862,6.554189
2025-07-30,2507272,2422579.41025641,0.137448694295976,5.5293446
2025-07-31,2676610,2373829.72527473,0.229147091894861,5.7820644
2025-08-01,2577221.84615385,2406272.92307692,0.175327308692013,5.29303
2025-08-02,2477833.69230769,2439444.24175824,0.121507525489166,4.8272953
2025-08-03,2378445.53846154,2378445.53846154,0.0676877422863183,5.006255
2025-08-04,2279057.38461538,2279057.38461538,0.0138679590834707,5.7293487
2025-08-05,2179669.23076923,2179669.23076923,-0.0399518241193766,5.344661
2025-08-06,2080281.07692308,2080281.07692308,-0.0937716073222243,5.0642056
2025-08-07,1980892.92307692,1980892.92307692,-0.147591390525072,6.7572713
2025-08-08,1881504.76923077,1881504.76923077,-0.201411173727919,5.496958
2025-08-09,1782116.61538462,1782116.61538462,-0.255230956930767,6.373647
2025-08-10,1682728.46153846,1682728.46153846,-0.309050740133614,5.6543355
2025-08-11,1583340.30769231,1614281.32967033,-0.362870523336462,5.3951707
2025-08-12,1483952.15384615,2030014.93406593,-0.416690306539309,7.0220704
2025-08-13,1384564,2361527.84615385,-0.470510089742157,5.2074294
2025-08-14,1501763,2608820.06593407,-0.407045536598788,5.4094415
2025-08-15,4791640,2771891.59340659,1.37445920065704,8.399362
2025-08-16,4102707,2947541.85714286,1.00139437083153,7.7900596
2025-08-17,3413774,2957502.42857143,0.628329541006015,5.796269
2025-08-18,2724841,3403253.42857143,0.255264711180502,4.8347793
2025-08-19,2713504,3036129.57142857,0.249125600445885,5.839531
2025-08-20,1454288,2754078.11688312,-0.432753773533245,5.425942
2025-08-21,4622020,2557099.06493507,1.28260809694303,4.1900225
2025-08-22,2221773,2445192.41558442,-0.0171521679799704,4.971498
2025-08-23,2128346.81818182,2321558.74025974,-0.0677434774705122,5.880764
2025-08-24,2034920.63636364,2364466.46753247,-0.118334786961054,5.572066
2025-08-25,1941494.45454545,1941494.45454545,-0.168926096451596,5.659554
2025-08-26,1848068.27272727,1848068.27272727,-0.219517405942138,5.481411
2025-08-27,1754642.09090909,1754642.09090909,-0.27010871543268,5.459536
2025-08-28,1661215.90909091,1661215.90909091,-0.320700024923222,5.0638814
2025-08-29,1567789.72727273,1567789.72727273,-0.371291334413764,6.813728
2025-08-30,1474363.54545455,1474363.54545455,-0.421882643904306,5.9893737
2025-08-31,1380937.36363636,1693708.67532468,-0.472473953394848,6.2390113
2025-09-01,1287511.18181818,2014769.54545455,-0.52306526288539,5.63545
2025-09-02,1194085,2690677.44155844,-0.573656572375931,7.4525485
2025-09-03,3290058,3278821.50649351,0.56133596037235,5.059255
2025-09-04,3908642,3779201.74025974,0.896306029584865,6.721039
2025-09-05,6299145,4191818.14285714,2.19078981087039,5.6120815
2025-09-06,5591372,4722934.57142857,1.80752291292807,5.7817307
2025-09-07,4883599,5059779.71428572,1.42425601498576,4.3626523
2025-09-08,4175826,5402449.28571429,1.04098911704344,6.933809
2025-09-09,4911900,5235721.85714286,1.43958131911387,6.6078434
2025-09-10,5647974,4991246.57142857,1.8381735211843,8.035699
2025-09-11,6307329,4669023.42857143,2.19522153727527,5.8845515
2025-09-12,5132053,4269052.42857143,1.55879660054265,5.8280025
2025-09-13,3880045,3680894.71428571,0.880820438186978,5.014708
2025-09-14,2628037,3051041.85714286,0.202844275831304,5.080711
2025-09-15,1376029,2396087.85714286,-0.475131886524371,4.7030683
2025-09-16,794796,2003319.42857143,-0.789875976637593,6.6965384
2025-09-17,1239004,1883698.28571429,-0.549332437676429,5.9196525
2025-09-18,1722651,2037224.42857143,-0.287432244550798,5.781939
2025-09-19,2382674,2463897.85714286,0.0699775009192621,5.7070885
2025-09-20,3042697,2608305.42857143,0.427387246389322,7.2885613
2025-09-21,3702720,2737943.85714286,0.784796991859383,8.857426
2025-09-22,4362743,2847179,1.14220673732944,7.353637
2025-09-23,1805649,2809540.85714286,-0.242487910710123,5.5847907
2025-09-24,2146473,2706782.71428571,-0.0579279497843856,6.7742677
2025-09-25,2487297,2538904.57142857,0.126632011141352,6.250574
2025-09-26,2119207,2305906.42857143,-0.0726927899793283,7.184899
2025-09-27,2323390,2467376.42857143,0.0378745600362216,5.178844
2025-09-28,2527573,2635240.28571429,0.148441910051772,5.2263536
2025-09-29,2731756,3090060.57142857,0.259009260067321,5.900909
2025-09-30,2935939,3475337.39285714,0.369576610082871,6.4552293
2025-10-01,3321520,3709317.46428571,0.578372980918572,6.8437076
2025-10-02,5671039,3792000.78571429,1.85066347347273,5.8895054
2025-10-03,4816144.75,3723387.35714286,1.38772879347473,6.967239
2025-10-04,3961250.5,3618225.56122449,0.924794113476732,6.5697904
2025-10-05,3106356.25,3450601.39795918,0.461859433478734,4.732104
2025-10-06,2251462,2939952.29591837,-0.00107524651926282,4.786811
2025-10-07,2199806.42857143,2544051.57653061,-0.0290473090631381,5.6724
2025-10-08,2148150.85714286,2262899.23979592,-0.0570193716070134,6.582438
2025-10-09,2096495.28571429,2096495.28571429,-0.0849914341508889,8.4257765
2025-10-10,2044839.71428571,2044839.71428571,-0.112963496694764,7.268827
2025-10-11,1993184.14285714,2094202.2244898,-0.140935559238639,5.4696193
2025-10-12,1941528.57142857,2059898.3877551,-0.168907621782515,5.15659
2025-10-13,1889873,1941928.20408163,-0.19687968432639,11.914032
2025-10-14,2545344,1855680.81632653,0.158065102859823,13.23064
2025-10-15,1908024,1768793.96474954,-0.187050717320654,6.115685
2025-10-16,1270704,1681267.64935065,-0.532166537501131,5.0296054
2025-10-17,1441108,1593101.87012987,-0.439890889126634,5.4066334
2025-10-18,1384976.18181818,1403278.54545455,-0.470286888734429,4.590384
2025-10-19,1328844.36363636,1296482.1038961,-0.500682888342223,4.406797
2025-10-20,1272712.54545455,1272712.54545455,-0.531078887950018,4.605973
2025-10-21,1216580.72727273,1216580.72727273,-0.561474887557812,4.9596195
2025-10-22,1160448.90909091,1160448.90909091,-0.591870887165607,5.6507816
2025-10-23,1104317.09090909,1104317.09090909,-0.622266886773401,4.8809605
2025-10-24,1048185.27272727,1048185.27272727,-0.652662886381196,4.153667
2025-10-25,992053.454545455,992053.454545455,-0.68305888598899,4.260529
2025-10-26,935921.636363636,976002.896103896,-0.713454885596785,3.2630184
2025-10-27,879789.818181818,993852.883116883,-0.743850885204579,4.0600963
2025-10-28,823658,,-0.774246884812374,4.58093
2025-10-29,1048095,,-0.652711770060215,4.8445325
2025-10-30,1229267,,-0.554605130736583,3.687913
