Date,avg_wind_speed_m_s,Mean viral gene copies/L,smoothed,zscore
2022-02-07,9.576571,4361033,,5.39117869857814
2022-02-08,7.790661,4061033,,4.93510033970656
2022-02-09,8.085647,4131344,,5.04199142467529
2022-02-10,8.787223,3639579,3693949.57142857,4.29438017750701
2022-02-11,7.838789,3147814,3552234.85714286,3.54676893033873
2022-02-12,6.3170524,3221552.66666667,3436146.85714286,3.65887096393444
2022-02-13,7.7454586,3295291.33333333,3292784,3.77097299753015
2022-02-14,7.197533,3369030,3185460.62857143,3.88307503112585
2022-02-15,19.874514,3248417,3114176.74285714,3.69971176746393
2022-02-16,10.727643,3127804,2998146.1047619,3.516348503802
2022-02-17,9.291492,2888315.4,2837368.71428571,3.15226327828049
2022-02-18,8.838584,2648826.8,2631844.57142857,2.78817805275898
2022-02-19,6.7092805,2409338.2,2425223.28571429,2.42409282723747
2022-02-20,7.097361,2169849.6,2217504.85714286,2.06000760171596
2022-02-21,15.532803,1930361,1975151.08571429,1.69592237619445
2022-02-22,20.889902,1802068,1750847.32857143,1.50088350654541
2022-02-23,21.766676,1673775,1544593.58571429,1.30584463689637
2022-02-24,12.5887,1191839,1339738.21428571,0.573176037025925
2022-02-25,9.316183,1078700.5,1149207.5,0.401175965675283
2022-02-26,8.561119,965562,957116.357142857,0.229175894324641
2022-02-27,9.192328,735862,772270.142857143,-0.120028102451367
2022-02-28,6.5232787,596646,645189.285714286,-0.331672785146921
2022-03-01,7.302501,457430,535282.642857143,-0.543317467842475
2022-03-02,7.839393,379851.5,442550.214285714,-0.661257051054871
2022-03-03,16.43172,302273,383643.642857143,-0.779196634267268
2022-03-04,16.15224,309354,345915.357142857,-0.768431664736703
2022-03-05,22.454851,316435,329365.357142857,-0.757666695206137
2022-03-06,8.8786955,323516,328610.214285714,-0.746901725675572
2022-03-07,8.680346,332548,343649.928571429,-0.733170726551145
2022-03-08,7.4275346,341580,357810.30952381,-0.719439727426717
2022-03-09,11.052968,374565.5,371091.357142857,-0.669293151738189
2022-03-10,11.781428,407551,383493.071428571,-0.61914657604966
2022-03-11,9.007735,408476.666666667,395634.392857143,-0.617739320935675
2022-03-12,8.3233385,409402.333333333,407515.321428571,-0.61633206582169
2022-03-13,9.581334,410328,415713.928571429,-0.614924810707706
2022-03-14,8.886815,417537.25,420230.214285714,-0.603964867678722
2022-03-15,6.421036,424746.5,423643.30952381,-0.593004924649739
2022-03-16,9.20897,431955.75,425953.214285714,-0.582044981620756
2022-03-17,8.543697,439165,427159.928571429,-0.571085038591773
2022-03-18,8.658478,432368.333333333,430469.357142857,-0.581417747188875
2022-03-19,10.944817,425571.666666667,435881.5,-0.591750455785976
2022-03-20,13.006585,418775,443396.357142857,-0.602083164383078
2022-03-21,8.654819,440703.25,453013.928571429,-0.568746496806659
2022-03-22,6.7159953,462631.5,461714.738095238,-0.53540982923024
2022-03-23,7.5217443,484559.75,469498.785714286,-0.50207316165382
2022-03-24,7.8220477,506488,476366.071428571,-0.468736494077401
2022-03-25,7.608803,493274,479875.035714286,-0.488825225524498
2022-03-26,7.5302863,480060,480025.678571429,-0.508913956971595
2022-03-27,10.563743,466846,475079.857142857,-0.529002688418692
2022-03-28,22.857119,465266,465037.571428571,-0.531404701108749
2022-03-29,11.644391,463686,457902.952380952,-0.533806713798806
2022-03-30,7.78356,449939,453676,-0.554705744463498
2022-03-31,14.471915,436192,452356.714285714,-0.57560477512819
2022-04-01,6.704265,443331.666666667,452597.028571429,-0.564750616940779
2022-04-02,7.6214347,450471.333333333,454396.942857143,-0.553896458753367
2022-04-03,10.429705,457611,459494.6,-0.543042300565956
2022-04-04,9.287404,466948.2,467890,-0.528847317724436
2022-04-05,6.845738,476285.4,476599.333333333,-0.514652334882917
2022-04-06,5.726675,485622.6,483494.190476191,-0.500457352041398
2022-04-07,7.21043,494959.8,488574.571428571,-0.486262369199879
2022-04-08,9.205216,504297,491526.542857143,-0.47206738635836
2022-04-09,16.133934,498735.333333333,492593.2,-0.480522572378107
2022-04-10,16.611094,493173.666666667,491774.542857143,-0.488977758397854
2022-04-11,17.838156,487612,493378.142857143,-0.497432944417601
2022-04-12,17.284363,483752,494311.952380952,-0.503301152635082
2022-04-13,11.65651,479892,496704.380952381,-0.509169360852563
2022-04-14,8.650432,506185,500555.428571429,-0.469197133219861
2022-04-15,9.589198,510833.666666667,505944,-0.46212994567228
2022-04-16,12.186509,515482.333333333,512627,-0.455062758124699
2022-04-17,13.544148,520131,517386.571428571,-0.447995570577118
2022-04-18,9.579701,525332,515915.142857143,-0.440088692095481
2022-04-19,9.923922,530533,514394.571428571,-0.432181813613844
2022-04-20,11.417188,513209,512824.857142857,-0.458518818577481
2022-04-21,12.6201515,495885,511206,-0.484855823541119
2022-04-22,18.639942,500189.666666667,509688.321428571,-0.478311605845044
2022-04-23,10.903882,504494.333333333,508271.821428571,-0.471767388148969
2022-04-24,9.395902,508799,510174.357142857,-0.465223170452894
2022-04-25,9.609187,514708.25,515395.928571429,-0.456239566979021
2022-04-26,9.527065,520617.5,521535.5,-0.447255963505148
2022-04-27,13.965172,526526.75,528593.071428572,-0.438272360031275
2022-04-28,11.857963,532436,536568.642857143,-0.429288756557402
2022-04-29,9.343041,543166.666666667,548042.392857143,-0.412975340414297
2022-04-30,7.7515354,553897.333333333,563014.321428572,-0.396661924271193
2022-05-01,15.4916,564628,576855.071428572,-0.380348508128088
2022-05-02,10.755524,595024.5,589564.642857143,-0.334137888676622
2022-05-03,11.531678,625421,601877.30952381,-0.287927269225155
2022-05-04,8.294742,623412,613793.071428572,-0.290981473968398
2022-05-05,9.126992,621403,625311.928571429,-0.294035678711642
2022-05-06,8.439252,629355.333333333,634415.071428572,-0.28194605492542
2022-05-07,12.861134,637307.666666667,641102.5,-0.269856431139199
2022-05-08,17.672869,645260,648665.526785714,-0.257766807352977
2022-05-09,13.82502,658746.5,657104.151785714,-0.237263804729905
2022-05-10,13.333656,672233,664995.327380952,-0.216760802106833
2022-05-11,12.588161,676353.1875,672339.053571429,-0.210497040929356
2022-05-12,12.574508,680473.375,679135.330357143,-0.204233279751878
2022-05-13,8.267974,684593.5625,684593.5625,-0.197969518574401
2022-05-14,7.0685253,688713.75,688713.75,-0.191705757396924
2022-05-15,9.351874,692833.9375,692833.9375,-0.185441996219446
2022-05-16,11.763494,696954.125,696954.125,-0.179178235041969
2022-05-17,12.433383,701074.3125,701074.3125,-0.172914473864492
2022-05-18,11.682416,705194.5,705194.5,-0.166650712687014
2022-05-19,12.68072,709314.6875,709314.6875,-0.160386951509537
2022-05-20,20.437613,713434.875,713434.875,-0.15412319033206
2022-05-21,14.575259,717555.0625,717555.0625,-0.147859429154582
2022-05-22,10.007336,721675.25,721675.25,-0.141595667977105
2022-05-23,9.188616,725795.4375,725795.4375,-0.135331906799628
2022-05-24,6.9852633,729915.625,730463.788690476,-0.12906814562215
2022-05-25,8.372169,734035.8125,735680.303571429,-0.122804384444673
2022-05-26,9.541958,738156,741444.982142857,-0.116540623267195
2022-05-27,10.956108,746113.333333333,747513.348214286,-0.104443398174993
2022-05-28,10.9098015,754070.666666667,753885.401785714,-0.0923461730827901
2022-05-29,13.337829,762028,760561.142857143,-0.0802489479905874
2022-05-30,10.108052,768274,764849.285714286,-0.0707533965588811
2022-05-31,10.846154,774520,767681.523809524,-0.0612578451271747
2022-06-01,9.459937,780766,769057.857142857,-0.0517622936954684
2022-06-02,9.86304,768173,768978.285714286,-0.0709069429397012
2022-06-03,9.19065,765939,767687.285714286,-0.0743032064520982
2022-06-04,9.380731,763705,765184.857142857,-0.0776994699644953
2022-06-05,10.570524,761471,761471,-0.0810957334768923
2022-06-06,11.483468,759237,759237,-0.0844919969892894
2022-06-07,11.510064,757003,756220.619047619,-0.0878882605016864
2022-06-08,8.946848,754769,752421.857142857,-0.0912845240140835
2022-06-09,9.3322,752535,747840.714285714,-0.0946807875264805
2022-06-10,8.759838,744824.333333333,743727.857142857,-0.106403014856944
2022-06-11,9.314909,737113.666666667,740083.285714286,-0.118125242187408
2022-06-12,9.48281,729403,736907,-0.129847469517872
2022-06-13,10.399035,730447,732512.714285714,-0.128260316828999
2022-06-14,10.734196,731491,727682.80952381,-0.126673164140126
2022-06-15,8.761749,732535,722417.285714286,-0.125086011451253
2022-06-16,9.340585,721775,716716.142857143,-0.14144402192278
2022-06-17,10.393457,711015,709008.714285714,-0.157802032394307
2022-06-18,10.246852,700255,699295,-0.174160042865835
2022-06-19,9.986542,689495,690433.349206349,-0.190518053337362
2022-06-20,7.905107,676495,684110.047619048,-0.210281448888464
2022-06-21,9.2430315,663495,680325.095238095,-0.230044844439566
2022-06-22,11.627255,670503.444444445,679078.492063492,-0.219390178304683
2022-06-23,11.542561,677511.888888889,680370.238095238,-0.2087355121698
2022-06-24,10.827022,684520.333333333,684520.333333333,-0.198080846034917
2022-06-25,11.405177,691528.777777778,691528.777777778,-0.187426179900034
2022-06-26,8.491422,698537.222222222,698537.222222222,-0.176771513765151
2022-06-27,8.120065,705545.666666667,705545.666666667,-0.166116847630269
2022-06-28,7.228415,712554.111111111,713001.797619048,-0.155462181495386
2022-06-29,8.848662,719562.555555556,720905.615079365,-0.144807515360503
2022-06-30,9.563945,726571,729257.119047619,-0.13415284922562
2022-07-01,9.374898,736713.25,738056.30952381,-0.118733980108069
2022-07-02,10.08571,746855.5,753241.436507937,-0.103315110990518
2022-07-03,9.951591,756997.75,795819.785714286,-0.0878962418729667
2022-07-04,9.685557,767140,865791.357142857,-0.0724773727554156
2022-07-05,10.443443,818850,953771.369047619,0.00613533370208274
2022-07-06,14.189067,1017611,1059759.82142857,0.308303969327665
2022-07-07,9.882569,1216372,1183756.71428571,0.610472604953246
2022-07-08,8.58938,1352573.33333333,1316896,0.817534206895873
2022-07-09,9.836215,1488774.66666667,1453239.42857143,1.0245958088385
2022-07-10,8.853024,1624976,1560980.51428571,1.23165741078113
2022-07-11,9.868355,1699115,1640119.25714286,1.34436805560906
2022-07-12,10.36432,1773254,1699592.75238095,1.45707870043699
2022-07-13,11.433013,1771798.6,1739401,1.45486611229199
2022-07-14,9.067089,1770343.2,1759544,1.45265352414698
2022-07-15,8.12053,1768887.8,1749027.28571429,1.45044093600198
2022-07-16,7.8994617,1767432.4,1707850.85714286,1.44822834785697
2022-07-17,9.126755,1765977,1673477.77142857,1.44601575971197
2022-07-18,8.958517,1625498,1645908.02857143,1.23245098712556
2022-07-19,9.049098,1485019,1631749.00952381,1.01888621453916
2022-07-20,8.429389,1531187,1631000.71428571,1.0890736334471
2022-07-21,8.394436,1577355,1643663.14285714,1.15926105235505
2022-07-22,10.024723,1669774.66666667,1659220.85714286,1.29976308535769
2022-07-23,10.311473,1762194.33333333,1677673.85714286,1.44026511836033
2022-07-24,8.296111,1854614,1682154.57142857,1.58076715136297
2022-07-25,9.054383,1734402,1672663,1.39801351244073
2022-07-26,10.415519,1614190,1642591.76190476,1.2152598735185
2022-07-27,11.13663,1562552,1591940.85714286,1.13675662586713
2022-07-28,9.150897,1510914,1520710.28571429,1.05825337821576
2022-07-29,8.702468,1459276,1480788.57142857,0.979750130564389
2022-07-30,8.537309,1407638,1472175.71428571,0.90124688291302
2022-07-31,8.32813,1356000,1456645.21428571,0.822743635261651
2022-08-01,9.083699,1454950,1434197.07142857,0.973173480629461
2022-08-02,11.312663,1553900,1405857.92857143,1.12360332599727
2022-08-03,9.394877,1453838.5,1371627.78571429,0.971483710309842
2022-08-04,9.519592,1353777,1331506.64285714,0.819364094622412
2022-08-05,13.330997,1260902,1276773.71428571,0.678169836021752
2022-08-06,13.9209795,1168027,1207429,0.536975577421091
2022-08-07,10.12633,1075152,1155617.18571429,0.39578131882043
2022-08-08,9.258731,1071819.5,1121338.27142857,0.390715048383965
2022-08-09,7.9545007,1068487,1103565.61428571,0.3856487779475
2022-08-10,8.744017,1091155.8,1102299.21428571,0.420111274952794
2022-08-11,10.66451,1113824.6,1117539.07142857,0.454573771958088
2022-08-12,8.727526,1136493.4,1119185.57142857,0.489036268963381
2022-08-13,8.016883,1159162.2,1107238.71428571,0.523498765968675
2022-08-14,8.021558,1181831,1086171.95714286,0.557961262973969
2022-08-15,7.9645667,1083345,1055985.3,0.408236818801213
2022-08-16,7.744547,984859,1017086.81428571,0.258512374628458
2022-08-17,8.339061,943688.5,969476.5,0.195922461048716
2022-08-18,10.473733,902518,913154.357142857,0.133332547468975
2022-08-19,8.830613,864204,876551.642857143,0.0750852599962885
2022-08-20,12.384266,825890,859668.357142857,0.0168379725236025
2022-08-21,9.53229,787576,846788.428571429,-0.0414093149490835
2022-08-22,9.668383,827126,837911.857142857,0.0187170153621534
2022-08-23,8.746244,866676,831327.619047619,0.0788433456733904
2022-08-24,9.489114,853529,827035.714285714,0.0588564717264414
2022-08-25,8.235717,840382,825036.142857143,0.0388695977794924
2022-08-26,9.3411455,818114.333333333,815644.93877551,0.00501692821538326
2022-08-27,8.804396,795846.666666667,798862.102040816,-0.0288357413487261
2022-08-28,8.844424,773579,782215.775510204,-0.0626884109128353
2022-08-29,12.019093,761387.571428572,765705.959183674,-0.0812225666966927
2022-08-30,13.671814,749196.142857143,750635.605442177,-0.0997567224805503
2022-08-31,11.315145,737004.714285714,737004.714285714,-0.118290878264408
2022-09-01,11.311671,724813.285714286,724813.285714286,-0.136825034048265
2022-09-02,7.6174736,712621.857142857,710645.346938776,-0.155359189832123
2022-09-03,8.48074,700430.428571429,694500.897959184,-0.17389334561598
2022-09-04,11.947257,688239,676379.93877551,-0.192427501399838
2022-09-05,10.36589,662212,656282.469387755,-0.23199533955434
2022-09-06,7.1800914,636185,637551.346938776,-0.271563177708843
2022-09-07,7.0455475,610158,620186.571428572,-0.311131015863345
2022-09-08,10.686034,584131,604188.142857143,-0.350698854017847
2022-09-09,12.288369,581504,587171.357142857,-0.354692580180366
2022-09-10,10.681466,578877,569136.214285714,-0.358686306342885
2022-09-11,7.678581,576250,554299.428571429,-0.362680032505403
2022-09-12,8.205956,543094.5,542661,-0.413085052597293
2022-09-13,7.7375584,509939,535255.380952381,-0.463490072689182
2022-09-14,7.3853908,506300.5,532082.571428572,-0.469021543051696
2022-09-15,8.354043,502662,533142.571428572,-0.47455301341421
2022-09-16,8.69798,529664.666666667,533358.452380952,-0.433501907085911
2022-09-17,8.943688,556667.333333333,532730.214285714,-0.392450800757612
2022-09-18,8.191674,583670,527041.142857143,-0.351399694429313
2022-09-19,9.887584,544605.666666667,522385.824175824,-0.41078768455291
2022-09-20,13.004916,505541.333333333,514386.948717949,-0.470175674676507
2022-09-21,14.591076,466477,503044.516483517,-0.529563664800104
2022-09-22,9.194229,470074.769230769,488358.527472528,-0.524094115845544
2022-09-23,7.9111924,473672.538461538,479767.124542125,-0.518624566890985
2022-09-24,10.156206,477270.307692308,477270.307692308,-0.513155017936425
2022-09-25,12.369594,480868.076923077,480868.076923077,-0.507685468981865
2022-09-26,10.943268,484465.846153846,484465.846153846,-0.502215920027306
2022-09-27,7.3112416,488063.615384615,488063.615384615,-0.496746371072746
2022-09-28,6.885788,491661.384615385,491661.384615385,-0.491276822118186
2022-09-29,6.903929,495259.153846154,495259.153846154,-0.485807273163627
2022-09-30,8.126298,498856.923076923,498856.923076923,-0.480337724209067
2022-10-01,8.579236,502454.692307692,502454.692307692,-0.474868175254507
2022-10-02,9.345502,506052.461538462,499716.923076923,-0.469398626299947
2022-10-03,9.994543,509650.230769231,490643.615384615,-0.463929077345388
2022-10-04,6.218155,513248,475234.769230769,-0.458459528390828
2022-10-05,6.2049737,472497,453490.384615385,-0.520411692398748
2022-10-06,6.060467,431746,425410.461538462,-0.582363856406667
2022-10-07,7.262449,390995,390995,-0.644316020414587
2022-10-08,7.4122987,350244,355582.746031746,-0.706268184422506
2022-10-09,7.814894,309493,325509.238095238,-0.768220348430426
2022-10-10,7.71833,268742,300774.476190476,-0.830172512438345
2022-10-11,7.004149,265362.222222222,281378.46031746,-0.83531065744581
2022-10-12,8.261923,261982.444444444,267321.190476191,-0.840448802453275
2022-10-13,10.278589,258602.666666667,258602.666666667,-0.84558694746074
2022-10-14,7.4791565,255222.888888889,255222.888888889,-0.850725092468206
2022-10-15,6.6865654,251843.111111111,251843.111111111,-0.855863237475671
2022-10-16,9.3356695,248463.333333333,248463.333333333,-0.861001382483136
2022-10-17,8.511488,245083.555555556,235903.738095238,-0.866139527490601
2022-10-18,8.920712,241703.777777778,214164.325396825,-0.871277672498066
2022-10-19,8.404753,238324,195253.833333333,-0.876415817505531
2022-10-20,8.899491,170685.5,179172.261904762,-0.979244004427316
2022-10-21,9.940228,103047,165919.611111111,-1.0820721913491
2022-10-22,14.924283,119469.666666667,149749.142857143,-1.05710544847701
2022-10-23,10.838951,135892.333333333,130660.857142857,-1.03213870560491
2022-10-24,7.689819,152315,123307.857142857,-1.00717196273282
2022-10-25,7.339929,128510.5,127690.142857143,-1.04336102037868
2022-10-26,9.984369,104706,138629.047619048,-1.07955007802454
2022-10-27,7.660604,119214.5,156124.571428571,-1.05749336845891
2022-10-28,6.7287793,133723,173372.035714286,-1.03543665889329
2022-10-29,8.06527,196042,196118.178571429,-0.940695501404892
2022-10-30,6.738342,258361,224363,-0.845954343916498
2022-10-31,7.2609076,273047.25,252633.214285714,-0.823627407923239
2022-11-01,10.555022,287733.5,268725.833333333,-0.801300471929979
2022-11-02,16.705976,302419.75,265810.785714286,-0.77897353593672
2022-11-03,20.28996,317106,243888.071428571,-0.756646599943461
2022-11-04,9.144301,246371.333333333,228075.25,-0.864181768905667
2022-11-05,6.876558,175636.666666667,218372.321428571,-0.971716937867873
2022-11-06,9.460046,104902,201430.071428571,-1.07925210683008
2022-11-07,11.461858,162357.5,177248.5,-0.991904739669591
2022-11-08,21.994669,219813,158030.595238095,-0.904557372509104
2022-11-09,11.962991,183824,154170.112244898,-0.959270052700535
2022-11-10,8.495322,147835,165667.051020408,-1.01398273289197
2022-11-11,6.850922,111846,174208.530612245,-1.0686954130834
2022-11-12,8.218626,148613.285714286,179794.551020408,-1.01279953532095
2022-11-13,8.792492,185380.571428571,195774.326530612,-0.956903657558504
2022-11-14,7.8098693,222147.857142857,222147.857142857,-0.901007779796058
2022-11-15,7.627613,258915.142857143,258915.142857143,-0.845111902033611
2022-11-16,7.0832744,295682.428571429,320557.744897959,-0.789216024271164
2022-11-17,7.908394,332449.714285714,407075.663265306,-0.733320146508718
2022-11-18,7.5897274,369217,486348.040816327,-0.677424268746271
2022-11-19,6.6638017,580111.5,558374.87755102,-0.356809543896128
2022-11-20,8.246834,791006,630536.387755102,-0.036194819045985
2022-11-21,9.394407,777054.5,702832.571428572,-0.057404743125308
2022-11-22,6.6113267,763103,775263.428571429,-0.0786146672046309
2022-11-23,6.6133327,800813,850015.357142857,-0.021285617494473
2022-11-24,6.398277,838523,927088.357142857,0.0360434322156849
2022-11-25,8.102103,876233,1038603.28571429,0.0933724819258427
2022-11-26,9.069633,1103375,1184560.14285714,0.438687650561873
2022-11-27,7.0333085,1330517,1357578.71428571,0.784002819197902
2022-11-28,11.902156,1557659,1386728.85714286,1.12931798783393
2022-11-29,9.6545725,1784801,1398382.71428571,1.47463315646996
2022-11-30,8.448368,2011943,1365478.57142857,1.81994832510599
2022-12-01,8.880656,1042574,1288016.42857143,0.346254249569369
2022-12-02,10.142356,957810,1178732.85714286,0.2173908295314
2022-12-03,7.247804,873046,1037627.85714286,0.0885274094934303
2022-12-04,6.7241426,788282,873846.071428572,-0.040336010544539
2022-12-05,6.662767,792674,858317.642857143,-0.0336590233706591
2022-12-06,7.770861,797066,841287.392857143,-0.0269820361967791
2022-12-07,7.866516,865470.5,822755.321428572,0.0770106708013247
2022-12-08,9.381318,933875,802721.428571429,0.181003377799429
2022-12-09,7.7306714,838598.25,768449.142857143,0.0361578318707018
2022-12-10,5.8690333,743321.5,755204,-0.108687714058025
2022-12-11,18.11487,648044.75,753841.357142857,-0.253533259986752
2022-12-12,10.535492,552768,764361.214285714,-0.398378805915478
2022-12-13,9.022583,704350,772727.797619048,-0.167934573267238
2022-12-14,9.495174,855932,778941.107142857,0.0625096593810028
2022-12-15,6.8658233,1007514,783001.142857143,0.292953892029243
2022-12-16,7.644062,897164.333333333,776737.785714286,0.125193575778045
2022-12-17,8.4481,786814.666666667,724885.5,-0.0425667404731532
2022-12-18,7.718456,676465,753976,-0.210327056724351
2022-12-19,6.9171677,508924.5,864009.285714286,-0.465032377672766
2022-12-20,7.748347,341384,971741,-0.71973769862118
2022-12-21,5.755429,1059565.5,1077171.14285714,0.372085767685257
2022-12-22,7.892267,1777747,1180299.71428571,1.46390923399169
2022-12-23,6.3976855,1651286.33333333,1321722.78571429,1.2716559896079
2022-12-24,5.7332726,1524825.66666667,1501440.35714286,1.0794027452241
2022-12-25,7.139715,1398365,1627877.71428571,0.887149500840299
2022-12-26,8.511962,1498886,1701034.85714286,1.0399676765474
2022-12-27,10.147472,1599407,1841574.95238095,1.1927858522545
2022-12-28,12.611918,1944627,1961562.87301587,1.71761042241999
2022-12-29,9.70374,2289847,2060998.61904762,2.24243499258549
2022-12-30,5.045519,2635067,2107456.23809524,2.76725956275098
2022-12-31,11.358863,2364741.11111111,2100935.73015873,2.35629360353449
2023-01-01,28.247839,2094415.22222222,2006480.0952381,1.945327644318
2023-01-02,13.341933,1824089.33333333,1824089.33333333,1.53436168510152
2023-01-03,20.3593,1553763.44444444,1553763.44444444,1.12339572588503
2023-01-04,12.18661,1283437.55555556,1283437.55555556,0.712429766668542
2023-01-05,16.587357,1013111.66666667,1013111.66666667,0.301463807452055
2023-01-06,8.531859,742785.777777778,785359.761904762,-0.109502151764432
2023-01-07,6.8300595,472459.888888889,600181.841269841,-0.520468110980919
2023-01-08,6.447813,202134,457739.761904762,-0.931434070197406
2023-01-09,12.222409,229826,358033.523809524,-0.889334997151167
2023-01-10,19.54087,257518,289913.888888889,-0.847235924104927
2023-01-11,8.70428,286343,253380.857142857,-0.803414395123349
2023-01-12,7.7245426,315168,248434.428571429,-0.759592866141772
2023-01-13,7.716212,265948.333333333,252051.857142857,-0.834419615466904
2023-01-14,16.128202,216728.666666667,264233.142857143,-0.909246364792036
2023-01-15,15.45428,167509,263209.928571429,-0.984073114117168
2023-01-16,23.62987,255148,248982.214285714,-0.850838943140013
2023-01-17,15.854121,342787,247814.785714286,-0.717604772162857
2023-01-18,10.187095,279180.5,259707.642857143,-0.814303265941408
2023-01-19,8.897839,215574,284660.785714286,-0.911001759719959
2023-01-20,8.929292,257776.333333333,275523.785714286,-0.846843189962566
2023-01-21,7.597445,299978.666666667,252702.404761905,-0.782684620205172
2023-01-22,10.946807,342181,237803.142857143,-0.718526050447778
2023-01-23,7.6226864,191189,230826,-0.948073328990238
2023-01-24,9.583482,183037.333333333,232808,-0.960465991508243
2023-01-25,7.0650907,174885.666666667,243749.142857143,-0.972858654026248
2023-01-26,12.001717,166734,263649.428571429,-0.985251316544253
2023-01-27,7.868677,271650.333333333,281836,-0.825751086125951
2023-01-28,13.091484,376566.666666667,277903.095238095,-0.666250855707649
2023-01-29,16.739973,481483,281543.785714286,-0.506750625289347
2023-01-30,13.160717,318495,292758.071428571,-0.754534957141886
2023-01-31,7.4067783,155507,283764.880952381,-1.00231928899442
2023-02-01,7.017325,200370.5,254564.214285714,-0.934115050816973
2023-02-02,8.758135,245234,205156.071428571,-0.865910812639522
2023-02-03,7.3282475,208698,190728.563492064,-0.921455075705296
2023-02-04,6.1104712,172162,211281.69047619,-0.97699933877107
2023-02-05,10.295308,135626,237122.380952381,-1.03254360183684
2023-02-06,11.299632,217502.444444444,268250.634920635,-0.908070020461968
2023-02-07,6.5919414,299378.888888889,316294.952380952,-0.783596439087094
2023-02-08,8.291787,381255.333333333,381255.333333333,-0.659122857712219
2023-02-09,7.2278857,463131.777777778,463131.777777778,-0.534649276337344
2023-02-10,8.72236,545008.222222222,545008.222222222,-0.410175694962469
2023-02-11,11.287629,626884.666666667,626884.666666667,-0.285702113587594
2023-02-12,9.603957,708761.111111111,706259.19047619,-0.161228532212719
2023-02-13,13.765952,790637.555555556,783131.793650794,-0.0367549508378437
2023-02-14,19.995943,872514,810663.333333333,0.0877186305370314
2023-02-15,8.679153,936877,788853.80952381,0.185567201910537
2023-02-16,10.549147,1001240,717703.222222222,0.283415773284042
2023-02-17,7.59693,737729,627890.714285714,-0.117189774797989
2023-02-18,7.864119,474218,519416.285714286,-0.517795322880021
2023-02-19,11.317426,210707,403164.685714286,-0.918400870962053
2023-02-20,6.684353,161950,279135.914285714,-0.992524246107058
2023-02-21,17.89702,113193,194169.114285714,-1.06664762125206
2023-02-22,30.713457,123115.8,148264.285714286,-1.05156237345403
2023-02-23,15.75718,133038.6,141421.428571429,-1.03647712565599
2023-02-24,23.219725,142961.4,137627.428571429,-1.02139187785795
2023-02-25,24.155075,152884.2,136882.285714286,-1.00630663005992
2023-02-26,12.746047,162807,206519.171428571,-0.991221382261882
2023-02-27,8.444928,135392,346538.085714286,-1.03289934295676
2023-02-28,11.741231,107977,471080.6,-1.07457730365164
2023-03-01,30.132647,610574,580146.714285714,-0.310498587205709
2023-03-02,8.216046,1113171,673736.428571429,0.453580129240226
2023-03-03,7.467603,1014759,736359.071428572,0.303968184395992
2023-03-04,10.338419,916347,768014.642857143,0.154356239551758
2023-03-05,7.8473105,817935,731098.557142857,0.00474429470752441
2023-03-06,8.428433,573750.5,625610.814285714,-0.366479925365402
2023-03-07,8.91195,329566,537409.842857143,-0.737704145438328
2023-03-08,9.188743,352161.4,466495.642857143,-0.703353235604838
2023-03-09,7.966391,374756.8,412868.214285714,-0.669002325771348
2023-03-10,7.807644,397352.2,392277.214285714,-0.634651415937859
2023-03-11,15.168358,419947.6,404722.642857143,-0.600300506104369
2023-03-12,7.5423074,442543,412093.085714286,-0.565949596270879
2023-03-13,7.969063,429613.5,414388.542857143,-0.585605813407646
2023-03-14,9.55503,416684,405135.466666667,-0.605262030544413
2023-03-15,22.353828,403754.5,384333.857142857,-0.62491824768118
2023-03-16,7.6104813,390825,351983.714285714,-0.644574464817947
2023-03-17,7.9171047,332580.666666667,320669,-0.733121064685401
2023-03-18,5.074839,274336.333333333,290389.714285714,-0.821667664552854
2023-03-19,13.974458,216092,263603.985714286,-0.910214264420308
2023-03-20,15.161675,210410.5,240311.814285714,-0.918851628406737
2023-03-21,26.212729,204729,226986.747619048,-0.927488992393167
2023-03-22,13.457578,216254.4,223628.785714286,-0.909967374002039
2023-03-23,11.411823,227779.8,230237.928571429,-0.89244575561091
2023-03-24,9.857678,239305.2,237905.642857143,-0.874924137219782
2023-03-25,10.452526,250830.6,246631.928571429,-0.857402518828653
2023-03-26,11.298667,262356,263995.085714286,-0.839880900437525
2023-03-27,6.377993,264084.5,289995.114285714,-0.837253128959826
2023-03-28,9.476021,265813,312006.323809524,-0.834625357482128
2023-03-29,11.013104,337796.5,330028.714285714,-0.725191635662686
2023-03-30,14.01313,409780,344062.285714286,-0.615757913843244
2023-03-31,10.088256,393383.666666667,356302.857142857,-0.640684623170505
2023-04-01,7.2533116,376987.333333333,366750.428571429,-0.665611332497765
2023-04-02,7.7322345,360591,365368.571428571,-0.690538041825025
2023-04-03,21.166285,349768.5,352157.285714286,-0.706991068621317
2023-04-04,16.413319,338946,351095.428571429,-0.72344409541761
2023-04-05,8.780809,328123.5,362183,-0.739897122213902
2023-04-06,7.2419033,317301,385420,-0.756350149010195
2023-04-07,7.2851806,385950.666666667,396346.357142857,-0.651984724642146
2023-04-08,9.74141,454600.333333333,394962.071428571,-0.547619300274098
2023-04-09,9.3519745,523250,445000.071428571,-0.44325387590605
2023-04-10,5.969115,426253,546460.357142857,-0.590714651157606
2023-04-11,6.9529815,329256,600085.785714286,-0.738175426409162
2023-04-12,15.831309,678389.5,605876.357142857,-0.20740131405219
2023-04-13,15.402423,1027523,563832.071428572,0.323372798304782
2023-04-14,9.600537,761328.666666667,556560.928571429,-0.0813121173204902
2023-04-15,8.228156,495134.333333333,584062.928571429,-0.485997032945762
2023-04-16,8.069762,228940,546690.642857143,-0.890681948571034
2023-04-17,7.69387,375355,444444.071428571,-0.668092905523758
2023-04-18,10.813984,521770,374550.023809524,-0.445503862476483
2023-04-19,10.543636,416783.5,337008.5,-0.605110764555387
2023-04-20,9.594317,311797,331819.5,-0.764717666634292
2023-04-21,8.88352,272070.333333333,306845.595238095,-0.825112576423531
2023-04-22,7.5840535,232343.666666667,262086.785714286,-0.88550748621277
2023-04-23,12.29596,192617,233457.571428571,-0.945902396002009
2023-04-24,10.543378,200537.666666667,249132,-0.933860913820335
2023-04-25,9.15612,208458.333333333,256332.285714286,-0.921819431638661
2023-04-26,9.88221,216379,255058.428571429,-0.909777949456987
2023-04-27,8.309519,421518,245310.428571429,-0.597913087921796
2023-04-28,9.194718,322472.333333333,252976.476190476,-0.748488371610713
2023-04-29,9.593037,223426.666666667,278056.571428571,-0.89906365529963
2023-04-30,10.374436,124381,310760.571428571,-1.04963893898855
2023-05-01,16.074217,254200,322914.428571429,-0.852280150754047
2023-05-02,10.590605,384019,346255.980952381,-0.654921362519547
2023-05-03,10.128844,445307,380785.228571429,-0.561747594324475
2023-05-04,15.074646,506595,426502.171428571,-0.468573826129404
2023-05-05,9.566464,485863.2,450711.857142857,-0.500091577197583
2023-05-06,11.307873,465131.4,453414.285714286,-0.531609328265763
2023-05-07,11.546325,444399.6,479079.785714286,-0.563127079333942
2023-05-08,9.926634,423667.8,527708.357142857,-0.594644830402122
2023-05-09,12.043797,402936,568015.614285714,-0.626162581470301
2023-05-10,12.057922,624965.5,600001.557142857,-0.288619748200042
2023-05-11,8.122939,846995,623666.185714286,0.0489230850702183
2023-05-12,8.09747,768014,617984.357142857,-0.0711486644699031
2023-05-13,8.921257,689033,582956.071428572,-0.191220414010025
2023-05-14,9.456107,610052,524440.357142857,-0.311292163550146
2023-05-15,7.900723,383895,442437.214285714,-0.655109874907881
2023-05-16,10.389515,157738,367877.357142857,-0.998927586265615
2023-05-17,11.060182,215355.5,300760.785714286,-0.911333936791338
2023-05-18,8.918176,272973,241087.5,-0.82374028731706
2023-05-19,8.615645,246095,215823.5,-0.864601867749561
2023-05-20,7.48774,219217,224968.785714286,-0.905463448182062
2023-05-21,9.485345,192339,243574.071428571,-0.946325028614563
2023-05-22,8.576388,207047,271639.357142857,-0.923965026940286
2023-05-23,9.846461,221755,300869.690476191,-0.901605025266008
2023-05-24,10.731948,345592.5,331265.071428571,-0.71333967937681
2023-05-25,10.060226,469430,362825.5,-0.525074333487611
2023-05-26,11.534038,450707.333333333,378573,-0.553537677111055
2023-05-27,11.711171,431984.666666667,378507.571428571,-0.582001020734498
2023-05-28,7.7817535,413262,360494.414285714,-0.610464364357942
2023-05-29,8.415956,317279.5,324533.528571429,-0.756382834625914
2023-05-30,11.428707,221297,290990.652380952,-0.902301304893886
2023-05-31,9.765217,219500.4,259865.785714286,-0.905032606159048
2023-06-01,8.855296,217703.8,231158.928571429,-0.90776390742421
2023-06-02,11.830741,215907.2,215869.214285714,-0.910495208689373
2023-06-03,8.818315,214110.6,213996.642857143,-0.913226509954535
2023-06-04,9.06111,212314,225304.157142857,-0.915957811219697
2023-06-05,11.965382,210251.5,249791.757142857,-0.919093349936939
2023-06-06,11.554145,208189,269967.242857143,-0.922228888654181
2023-06-07,9.438393,298653,285830.614285714,-0.784699979797652
2023-06-08,11.044346,389117,297381.871428571,-0.647171070941123
2023-06-09,12.182065,357135.6,304659,-0.695791152362508
2023-06-10,10.485574,325154.2,307662,-0.744411233783893
2023-06-11,11.732601,293172.8,291296.928571429,-0.793031315205279
2023-06-12,9.381116,261191.4,255563.785714286,-0.841651396626664
2023-06-13,12.048266,229210,223951.687012987,-0.89027147804805
2023-06-14,10.270511,184097.5,196460.632467532,-0.958854261263364
2023-06-15,9.607753,138985,173090.622077922,-1.02743704447868
2023-06-16,10.702781,135850.909090909,153841.655844156,-1.03220168127325
2023-06-17,13.728663,132716.818181818,138713.733766234,-1.03696631806783
2023-06-18,9.671594,129582.727272727,129582.727272727,-1.0417309548624
2023-06-19,9.62201,126448.636363636,126448.636363636,-1.04649559165698
2023-06-20,8.931883,123314.545454545,123314.545454545,-1.05126022845155
2023-06-21,8.163155,120180.454545455,120180.454545455,-1.05602486524613
2023-06-22,10.279783,117046.363636364,117046.363636364,-1.0607895020407
2023-06-23,11.831174,113912.272727273,113912.272727273,-1.06555413883528
2023-06-24,11.108266,110778.181818182,109380.718614719,-1.07031877562985
2023-06-25,11.984912,107644.090909091,103451.701298701,-1.07508341242443
2023-06-26,10.107547,104510,96125.2207792208,-1.079848049219
2023-06-27,8.135446,91593.6666666667,91042.1341991342,-1.09948424958335
2023-06-28,8.180856,78677.3333333333,88202.4415584416,-1.1191204499477
2023-06-29,7.885903,65761,87606.1428571429,-1.13875665031205
2023-06-30,8.739493,78330.6666666667,88693.9285714286,-1.11964747382907
2023-07-01,8.191277,90900.3333333333,92863.2619047619,-1.10053829734608
2023-07-02,8.524533,103470,96102.8571428571,-1.08142912086309
2023-07-03,9.777345,112124.5,98412.7142857143,-1.06827202034025
2023-07-04,11.74709,120779,99630.2108843537,-1.0551149198174
2023-07-05,10.857918,101354.5,99755.3469387755,-1.08464523342373
2023-07-06,10.156672,81930,98788.1224489796,-1.11417554703007
2023-07-07,9.07524,86853.1428571429,97287.8469387755,-1.10669108398082
2023-07-08,9.460105,91776.2857142857,95254.5204081633,-1.09920662093156
2023-07-09,8.919446,96699.4285714286,96699.4285714286,-1.09172215788231
2023-07-10,8.382174,101622.571428571,101622.571428571,-1.08423769483306
2023-07-11,7.273378,106545.714285714,104410.217687075,-1.0767532317838
2023-07-12,9.316654,111468.857142857,105062.367346939,-1.06926876873455
2023-07-13,9.5860615,116392,103579.020408163,-1.0617843056853
2023-07-14,7.4838586,106366.666666667,120739.93877551,-1.07702543093132
2023-07-15,7.4759655,96341.3333333333,156545.12244898,-1.09226655617735
2023-07-16,7.490495,86316,174486.142857143,-1.10750768142337
2023-07-17,7.6578326,221749,174563,-0.901614146833186
2023-07-18,8.390935,357182,180134,-0.695720612243003
2023-07-19,9.511028,237056,191199.142857143,-0.878343508702362
2023-07-20,9.265723,116930,207758.428571429,-1.06096640516172
2023-07-21,8.913838,145363.666666667,195054.071428571,-1.0177398050616
2023-07-22,6.992601,173797.333333333,153086.071428571,-0.974513204961487
2023-07-23,7.627856,202231,133222.757142857,-0.931286604861371
2023-07-24,8.466995,132818.5,135464.128571429,-1.03681173514528
2023-07-25,7.581515,63406,138587.376190476,-1.1423368654292
2023-07-26,7.1871104,98012.8,142592.5,-1.08972549026321
2023-07-27,8.193692,132619.6,147479.5,-1.03711411509722
2023-07-28,8.258904,167226.4,163132.428571429,-0.984502739931225
2023-07-29,9.412503,201833.2,189551.285714286,-0.931891364765235
2023-07-30,8.713191,236440,209624.671428571,-0.879279989599245
2023-07-31,9.216989,242389,223352.585714286,-0.870235955742821
2023-08-01,8.521244,248338,227813.338095238,-0.861191921886398
2023-08-02,10.149312,238526.5,223006.928571429,-0.876107964613293
2023-08-03,8.534898,228715,208933.357142857,-0.891024007340188
2023-08-04,7.8288746,198451.666666667,203908.142857143,-0.937032178675689
2023-08-05,6.84594,168188.333333333,207931.285714286,-0.98304035001119
2023-08-06,6.9956756,137925,212990.714285714,-1.02904852134669
2023-08-07,8.539035,207212.5,219086.428571429,-0.923713423712308
2023-08-08,8.272417,276500,225788.238095238,-0.818378326077926
2023-08-09,8.813792,273942.5,233096.142857143,-0.822266394087306
2023-08-10,10.985119,271385,241010.142857143,-0.826154462096686
2023-08-11,9.566204,245364.333333333,244871.642857143,-0.865712671930279
2023-08-12,10.379119,219343.666666667,244680.642857143,-0.905270881763872
2023-08-13,9.27244,193323,246521,-0.944829091597465
2023-08-14,10.305694,234243,250392.714285714,-0.882620003447381
2023-08-15,12.235707,275163,256469.360544218,-0.820410915297297
2023-08-16,11.734769,286825,264750.93877551,-0.802681629226762
2023-08-17,10.317908,298487,275237.448979592,-0.784952343156228
2023-08-18,9.691035,287900.857142857,278365.93877551,-0.80104604535978
2023-08-19,8.843074,277314.714285714,274136.408163265,-0.817139747563333
2023-08-20,22.11135,266728.571428571,266728.571428571,-0.833233449766886
2023-08-21,8.251506,256142.428571429,256142.428571429,-0.849327151970439
2023-08-22,8.597812,245556.285714286,247979.591836735,-0.865420854173992
2023-08-23,9.016375,234970.142857143,242240.06122449,-0.881514556377544
2023-08-24,8.944591,224384,238923.836734694,-0.897608258581097
2023-08-25,11.316194,230761,238030.918367347,-0.887913552932684
2023-08-26,10.738427,237138,239561.306122449,-0.87821884728427
2023-08-27,10.799286,243515,374848.928571429,-0.868524141635856
2023-08-28,7.7304077,249892,643893.785714286,-0.858829435987443
2023-08-29,5.9993587,256269,924017.042857143,-0.849134730339029
2023-08-30,6.9695773,1181983.5,1215218.7,0.558193102806395
2023-08-31,9.702577,2107698,1517498.75714286,1.96552093595182
2023-09-01,10.110847,2191623.8,1830857.21428571,2.0931100730551
2023-09-02,8.060205,2275549.6,2155294.07142857,2.22069921015838
2023-09-03,10.263471,2359475.4,2246357.85714286,2.34828834726167
2023-09-04,6.536171,2443401.2,2104048.57142857,2.47587748436495
2023-09-05,7.095466,2527327,1928884.02857143,2.60346662146823
2023-09-06,8.6651125,1819430,1720864.22857143,1.52727828143451
2023-09-07,8.458355,1111533,1479989.17142857,0.451089941400787
2023-09-08,8.630715,965472,1291858.85714286,0.22903907081698
2023-09-09,10.292904,819411,1156473.28571429,0.00698820023317259
2023-09-10,8.483125,673350,1056802.78571429,-0.215062670350635
2023-09-11,8.218335,1126489,992847.357142857,0.473826967851732
2023-09-12,9.468429,1579628,954775.261904762,1.1627166060541
2023-09-13,7.8922668,1121736.5,942586.5,0.466601926516608
2023-09-14,8.249933,663845,956281.071428572,-0.229512753020883
2023-09-15,7.9212112,698967.333333333,910462.857142857,-0.176117632532858
2023-09-16,8.12514,734089.666666667,805131.857142857,-0.122722512044834
2023-09-17,8.6356945,769212,765774.571428572,-0.0693273915568093
2023-09-18,11.761413,805761.5,792391,-0.0137626049648863
2023-09-19,9.301982,842311,822193.428571429,0.0418021816270367
2023-09-20,8.271088,846235.5,855181.857142857,0.0477684466916751
2023-09-21,9.374864,850160,891356.285714286,0.0537347117563135
2023-09-22,8.570186,907584.333333333,897226.571428572,0.141034697442851
2023-09-23,10.578751,965008.666666667,872792.714285714,0.228334683129389
2023-09-24,9.4752035,1022433,858397,0.315634668815927
2023-09-25,10.536998,846853.5,854039.428571429,0.0487079681109506
2023-09-26,7.429806,671274,829942.952380952,-0.218218732594026
2023-09-27,7.4782047,745465.5,786107.571428572,-0.105428274053289
2023-09-28,9.519324,819657,722533.285714286,0.00736218448744729
2023-09-29,11.665486,738909,675034.5,-0.115395866586428
2023-09-30,11.838524,658161,643611.214285714,-0.238153917660303
2023-10-01,7.016951,577413,636417.142857143,-0.360911968734178
2023-10-02,9.923865,514362,653452.285714286,-0.456765957418218
2023-10-03,7.0001526,451311,681469.095238095,-0.552619946102259
2023-10-04,6.6066623,695107,720467.571428572,-0.181986347504071
2023-10-05,6.499769,938903,770447.714285714,0.188647251094116
2023-10-06,6.153871,935026.666666667,838393.785714286,0.182754211943763
2023-10-07,6.493585,931150.333333333,924305.785714286,0.17686117279341
2023-10-08,8.99508,927274,940962.214285714,0.170968133643058
2023-10-09,10.158473,989984.5,888363.071428572,0.266304473389779
2023-10-10,7.5988884,1052695,850075.738095238,0.3616408131365
2023-10-11,9.673053,811702,826100.214285714,-0.00473149332863083
2023-10-12,7.9968433,570709,816436.5,-0.371103799793762
2023-10-13,6.401448,667015.333333333,773587.142857143,-0.224693018275074
2023-10-14,9.268321,763321.666666667,697552.142857143,-0.0782822367563868
2023-10-15,6.702851,859628,722306.571428572,0.0681285447623007
2023-10-16,5.7270947,690039,847850.428571429,-0.189691031246609
2023-10-17,7.4350567,520450,939039.30952381,-0.447510607255518
2023-10-18,5.281113,984983,995873.214285714,0.258700887016791
2023-10-19,7.5589576,1449516,1018352.14285714,0.9649123812891
2023-10-20,10.222793,1305337.5,1044461.14285714,0.745723402407212
2023-10-21,9.975854,1161159,1131759.14285714,0.526534423525324
2023-10-22,9.055054,1016980.5,1132314.42857143,0.307345444643436
2023-10-23,10.648934,872802,1046127,0.0881564657615481
2023-10-24,8.518867,1131536,972987.30952381,0.481499726109148
2023-10-25,10.095719,988870,912895.357142857,0.264610142286571
2023-10-26,7.8623443,846204,865851.142857143,0.0477205584639936
2023-10-27,7.1200066,793359.666666667,843031.071428572,-0.0326166309437715
2023-10-28,7.161829,740515.333333333,786876.214285714,-0.112953820351536
2023-10-29,8.905044,687671,756200.928571429,-0.193291009759302
2023-10-30,9.577096,713061.5,751005.214285714,-0.154690817856205
2023-10-31,9.665493,738452,759505.30952381,-0.116090625953109
2023-11-01,9.208333,774143,781701.214285714,-0.0618309835981567
2023-11-02,6.8840833,809834,817592.928571429,-0.00757134124320455
2023-11-03,6.3397393,852860.333333333,860511.714285714,0.0578399237398899
2023-11-04,7.035965,895886.666666667,910457.571428572,0.123251188722984
2023-11-05,5.9970546,938913,927889.142857143,0.188662453706079
2023-11-06,6.3374934,1013493,912806.428571429,0.302043533721554
2023-11-07,7.5844855,1088073,898877.707482993,0.415424613737029
2023-11-08,9.059438,896164,886102.979591837,0.123672807828074
2023-11-09,8.39531,704255,874482.244897959,-0.16807899808088
2023-11-10,8.436749,755359.285714286,859507.836734694,-0.090387135547961
2023-11-11,6.0704246,806463.571428572,841179.755102041,-0.0126952730150413
2023-11-12,7.9471264,857567.857142857,857567.857142857,0.0649965895178783
2023-11-13,5.9117393,908672.142857143,908672.142857143,0.142688452050798
2023-11-14,5.2333937,959776.428571429,936144.863945578,0.220380314583717
2023-11-15,10.327801,1010880.71428571,939986.020408163,0.298072177116637
2023-11-16,6.3523045,1061985,920195.612244898,0.375764039649557
2023-11-17,7.984731,947668.333333333,892740.520408163,0.20197284723288
2023-11-18,7.3845654,833351.666666667,857620.744897959,0.0281816548162029
2023-11-19,9.879639,719035,814836.285714286,-0.145609537600474
2023-11-20,7.1292286,716486.5,764387.142857143,-0.149483923259088
2023-11-21,7.073178,713938,720852.238095238,-0.153358308917702
2023-11-22,7.82192,711389.5,684231.571428572,-0.157232694576316
2023-11-23,15.1852865,708841,654525.142857143,-0.16110708023493
2023-11-24,11.389514,642924,674765.357142857,-0.26131813750739
2023-11-25,9.234657,577007,744952.214285714,-0.361529194779851
2023-11-26,10.133277,511090,821824.428571429,-0.461740252052311
2023-11-27,8.400546,858168,905382,0.0659089634157923
2023-11-28,6.019547,1205246,957978.19047619,0.593558178883896
2023-11-29,7.0031123,1249495,979613,0.660828216556258
2023-11-30,8.446394,1293744,970286.428571429,0.72809825422862
2023-12-01,8.966828,1011097.33333333,964026.5,0.298401494649098
2023-12-02,7.577391,728450.666666667,960833.214285714,-0.131295264930423
2023-12-03,6.916353,445804,922946.357142857,-0.560992024509945
2023-12-04,6.303962,814348.5,850365.928571429,-0.000708122072785356
2023-12-05,6.2945175,1182893,912049.738095238,0.559575780364374
2023-12-06,6.6462674,984287,1107997.78571429,0.257642785224209
2023-12-07,7.5257397,785681,1438210.07142857,-0.0442902099159556
2023-12-08,8.25759,1442884,1809659.28571429,0.954830009035646
2023-12-09,7.1067424,2100087,2222345.42857143,1.95395022798725
2023-12-10,7.7646465,2757290,2653159.21428571,2.95307044693885
2023-12-11,7.5919957,3414493,3102100.64285714,3.95219066589045
2023-12-12,10.4473095,4071696,3416794.78571429,4.95131088484205
2023-12-13,6.8719845,3999983.5,3597241.64285714,4.84228915380679
2023-12-14,7.1008973,3928271,3643441.21428571,4.73326742277153
2023-12-15,8.581056,3645743,3601831.10714286,4.30375106752063
2023-12-16,7.1560845,3363215,3472411.32142857,3.87423471226973
2023-12-17,5.91974,3080687,3359312.64285714,3.44471835701883
2023-12-18,5.861159,3123222.25,3262535.07142857,3.50938304706613
2023-12-19,7.31802,3165757.5,3082687.35714286,3.57404773711344
2023-12-20,14.888462,3208292.75,2819769.5,3.63871242716075
2023-12-21,15.597931,3250828,2473781.5,3.70337711720806
2023-12-22,16.083857,2386809,2230577.53571429,2.38984255869517
2023-12-23,10.274531,1522790,2090157.60714286,1.07630800018229
2023-12-24,8.04518,658771,1924745.28571429,-0.237226558330597
2023-12-25,6.5889535,1420794.5,1734340.57142857,0.921248199341333
2023-12-26,6.371988,2182818,1639049.52380952,2.07972295701326
2023-12-27,6.069843,2050406.5,1638872.14285714,1.87842289162752
2023-12-28,6.6380095,1917995,1733808.42857143,1.67712282624177
2023-12-29,5.860918,1719771.66666667,1712380.85714286,1.37577158438603
2023-12-30,9.543234,1521548.33333333,1574589.42857143,1.07442034253029
2023-12-31,5.7178683,1323325,1471814.78571429,0.773069100674554
2024-01-01,10.050628,1270801.5,1404056.92857143,0.693219661733916
2024-01-02,7.5290933,1218278,1351010.02380952,0.613370222793277
2024-01-03,12.810169,1330984,1312674.07142857,0.784712781176546
2024-01-04,7.850969,1443690,1289049.07142857,0.956055339559814
2024-01-05,7.181555,1348443.33333333,1269162.35714286,0.811255528155407
2024-01-06,9.207493,1253196.66666667,1253013.92857143,0.666455716751001
2024-01-07,22.374414,1157950,1231514.64285714,0.521655905346595
2024-01-08,8.083928,1131594.5,1204664.5,0.481588661389128
2024-01-09,8.125005,1105239,1228487.5,0.441521417431661
2024-01-10,13.291974,1180489,1302983.64285714,0.555921072448616
2024-01-11,18.981665,1255739,1428152.92857143,0.670320727465572
2024-01-12,7.8336215,1515204.33333333,1486521.5,1.06477580550135
2024-01-13,7.0564423,1774669.66666667,1478089.35714286,1.45923088353714
2024-01-14,7.2836595,2034135,1471581.21428571,1.85368596157292
2024-01-15,6.279459,1540174.5,1466997.07142857,1.1027369809483
2024-01-16,5.467039,1046214,1405972.11904762,0.351788000323677
2024-01-17,5.5198503,1134932,1288506.35714286,0.486662533131574
2024-01-18,6.2564335,1223650,1114599.78571429,0.621537065939471
2024-01-19,6.042543,1088029.66666667,1095179.92857143,0.415358735751859
2024-01-20,12.847285,952409.333333333,1230246.78571429,0.209180405564247
2024-01-21,13.295582,816789,1357174.57142857,0.00300207537663497
2024-01-22,15.291729,1404235.5,1475963.28571429,0.896074194192818
2024-01-23,7.0246387,1991682,1617194.57142857,1.789146313009
2024-01-24,7.76018,2023426.5,1780868.42857143,1.837406244553
2024-01-25,7.3284583,2055171,1966984.85714286,1.88566617609699
2024-01-26,6.585583,2076648.66666667,2002727.07142857,1.91831783931607
2024-01-27,7.108082,2098126.33333333,1888095.07142857,1.95096950253516
2024-01-28,6.944233,2119604,1778743.35714286,1.98362116575424
2024-01-29,6.0118976,1654431,1674671.92857143,1.27643670431633
2024-01-30,5.852396,1189258,1563091.78571429,0.569252242878433
2024-01-31,10.419375,1257964.5,1444002.92857143,0.673704068757801
2024-02-01,17.864496,1326671,1317405.35714286,0.778155894637169
2024-02-02,9.084602,1295587.66666667,1251081.07142857,0.730901109120752
2024-02-03,7.625583,1264504.33333333,1245030.07142857,0.683646323604335
2024-02-04,18.269815,1233421,1250627.64285714,0.636391538087918
2024-02-05,19.402014,1190161,1267873.78571429,0.570625038738636
2024-02-06,15.378136,1146901,1274366.21428571,0.504858539389354
2024-02-07,12.515778,1297147.5,1270104.92857143,0.733272463210018
2024-02-08,16.874296,1447394,1255089.92857143,0.961686387030682
2024-02-09,8.040958,1341034.66666667,1241897.14285714,0.799992419706208
2024-02-10,9.336938,1234675.33333333,1230526.57142857,0.638298452381734
2024-02-11,9.604397,1128316,1233120.21428571,0.47660448505726
2024-02-12,7.3136196,1097811.5,1249678.07142857,0.430229677396599
2024-02-13,6.654822,1067307,1266034.69047619,0.383854869735938
2024-02-14,8.622695,1315303,1282190.07142857,0.760873565358328
2024-02-15,9.53415,1563299,1298144.21428571,1.13789226098072
2024-02-16,7.3304057,1455531,1343276.46428571,0.974056752384475
2024-02-17,6.2938952,1347763,1417586.82142857,0.810221243788233
2024-02-18,7.3096004,1239995,1481289.5,0.646385735191991
2024-02-19,11.77346,1413737.25,1534384.5,0.910519336014178
2024-02-20,11.715987,1587479.5,1567531.73809524,1.17465293683637
2024-02-21,9.990336,1761221.75,1580731.21428571,1.43878653765855
2024-02-22,8.828622,1934964,1573982.92857143,1.70292013848074
2024-02-23,6.4915905,1687561.66666667,1487480.10714286,1.32680397125518
2024-02-24,6.3391647,1440159.33333333,1321222.75,0.950687804029628
2024-02-25,5.4780903,1192757,1129608.85714286,0.574571636804072
2024-02-26,6.428452,808217.5,912638.428571429,-0.0100288434669243
2024-02-27,8.108113,423678,746717.285714286,-0.59462932373792
2024-02-28,6.713648,419924.5,631845.428571429,-0.600335624138002
2024-02-29,8.281396,416171,568022.857142857,-0.606041924538083
2024-03-01,7.2295337,526113.666666667,520805.357142857,-0.438900354593754
2024-03-02,15.89347,636056.333333333,490192.928571429,-0.271758784649425
2024-03-03,13.881366,745999,479060.357142857,-0.104617214705096
2024-03-04,10.756905,477695,487407.642857143,-0.512509374700699
2024-03-05,8.045063,209391,483370.166666667,-0.920401534696303
2024-03-06,12.195564,341996.5,466947.928571429,-0.718806538638484
2024-03-07,10.873473,474602,438140.928571429,-0.517211542580665
2024-03-08,9.241468,497851.333333333,427811.357142857,-0.481866483275582
2024-03-09,6.5976853,521100.666666667,435959.214285714,-0.446521423970498
2024-03-10,7.384154,544350,443199.857142857,-0.411176364665415
2024-03-11,9.278866,405388,449533.285714286,-0.622434901017124
2024-03-12,7.237926,266426,453642.20952381,-0.833693437368834
2024-03-13,9.745273,392681,455526.628571429,-0.641752860037728
2024-03-14,8.56909,518936,455186.542857143,-0.449812282706623
2024-03-15,11.707124,526613.8,475795,-0.438140021294142
2024-03-16,9.25984,534291.6,517352,-0.426467759881661
2024-03-17,9.134548,541969.4,541969.4,-0.414795498469181
2024-03-18,5.4180183,549647.2,549647.2,-0.4031232370567
2024-03-19,8.152023,557325,557325,-0.391450975644219
2024-03-20,6.765902,565002.8,565002.8,-0.379778714231738
2024-03-21,7.0950813,572680.6,572680.6,-0.368106452819257
2024-03-22,7.177774,580358.4,576580.785714286,-0.356434191406777
2024-03-23,14.48777,588036.2,576703.357142857,-0.344761929994296
2024-03-24,20.258295,595714,610824.885714286,-0.333089668581815
2024-03-25,11.453297,576948.5,678945.371428571,-0.361618130059831
2024-03-26,11.209575,558183,748558.361904762,-0.390146591537846
2024-03-27,6.657877,803853.5,819663.857142857,-0.0166632633273095
2024-03-28,10.03921,1049524,892261.857142857,0.356820064883227
2024-03-29,8.416603,1067649.33333333,952406.214285714,0.384375305818784
2024-03-30,17.862837,1085774.66666667,1000096.92857143,0.411930546754341
2024-03-31,20.92736,1103900,1017479.78571429,0.439485787689898
2024-04-01,8.519584,997959,1004554.78571429,0.278427796299183
2024-04-02,8.249263,892018,953239.69047619,0.117369804908469
2024-04-03,6.735458,925533.5,863534.5,0.168322119031004
2024-04-04,9.91023,959049,735439.214285714,0.219274433153539
2024-04-05,18.630476,708443.666666667,683021,-0.161711130683569
2024-04-06,9.415347,457838.333333333,706279.857142857,-0.542696694520677
2024-04-07,7.6362777,207233,675550.642857143,-0.923682258357786
2024-04-08,11.402978,631031.5,590833.357142857,-0.279397843783658
2024-04-09,7.522902,1054830,534450.690476191,0.364886570790469
2024-04-10,7.330179,710429,506402.642857143,-0.158692905455303
2024-04-11,6.249035,366028,506689.214285714,-0.682272381701076
2024-04-12,13.674684,313765,527868.642857143,-0.761725792600094
2024-04-13,14.9946375,261502,569940.928571429,-0.841179203499113
2024-04-14,9.005025,209239,667329.071428572,-0.920632614398131
2024-04-15,9.330844,779287.5,820033.071428572,-0.0540099998741072
2024-04-16,8.071504,1349336,927793.166666667,0.812612614649917
2024-04-17,7.3876452,1392146,990609.357142857,0.877694996460891
2024-04-18,7.7982,1434956,1008481.64285714,0.942777378271866
2024-04-19,8.543771,1068085.66666667,943704.642857143,0.385038646454076
2024-04-20,8.263751,701215.333333333,796278.357142857,-0.172700085363714
2024-04-21,7.3327746,334345,649382.928571429,-0.730438817181504
2024-04-22,8.463807,325848.5,503018.357142857,-0.743355716435345
2024-04-23,9.803895,317352,409321.119047619,-0.756272615689186
2024-04-24,11.0226965,363878,368291.214285714,-0.685540943272989
2024-04-25,12.098957,410404,379928.642857143,-0.614809270856791
2024-04-26,15.970032,412205,402995.642857143,-0.612071280442366
2024-04-27,10.427963,414006,437492.214285714,-0.60933329002794
2024-04-28,7.66351,415807,503441.5,-0.606595299613514
2024-04-29,8.332279,487317.5,600843.5,-0.497880661339893
2024-04-30,9.8812275,558828,691219.581632653,-0.389166023066272
2024-05-01,9.103937,825523,774569.744897959,0.016280036664583
2024-05-02,9.102139,1092218,850893.989795919,0.421726096395438
2024-05-03,9.352639,1044837.57142857,910233.816326531,0.349695469377141
2024-05-04,11.000314,997457.142857143,952589.224489796,0.277664842358843
2024-05-05,16.454536,950076.714285714,950076.714285714,0.205634215340545
2024-05-06,10.390529,902696.285714286,902696.285714286,0.133603588322247
2024-05-07,11.471843,855315.857142857,863720.727891156,0.0615729613039489
2024-05-08,13.459244,807935.428571429,833150.040816327,-0.0104576657143489
2024-05-09,9.628173,760555,810984.224489796,-0.0824882927326469
2024-05-10,8.268377,772008.666666667,784546.979591837,-0.065075727744662
2024-05-11,10.995227,783462.333333333,753838.306122449,-0.047663162756677
2024-05-12,7.8279595,794916,718858.204081633,-0.0302505977686921
2024-05-13,8.935273,717635.571428572,679606.673469388,-0.147737034554524
2024-05-14,8.193826,640355.142857143,627678.843537415,-0.265223471340357
2024-05-15,7.8072476,563074.714285714,563074.714285714,-0.382709908126189
2024-05-16,9.634776,485794.285714286,485794.285714286,-0.500196344912021
2024-05-17,9.780457,408513.857142857,429281.989795918,-0.617682781697853
2024-05-18,10.593717,331233.428571429,393537.826530612,-0.735169218483685
2024-05-19,9.163108,253953,388864.224489796,-0.852655655269518
2024-05-20,9.622731,322049.5,415261.183673469,-0.749131188719855
2024-05-21,8.31704,390146,445921.804081633,-0.645606722170193
2024-05-22,9.047834,530359.5,480846.085714286,-0.432445578931391
2024-05-23,11.088608,670573,520034.028571429,-0.219284435692589
2024-05-24,10.04459,623138.2,542717.5,-0.291397721483928
2024-05-25,10.859889,575703.4,548896.5,-0.363511007275267
2024-05-26,8.939702,528268.6,538331.428571429,-0.435624293066607
2024-05-27,9.246244,480833.8,511022.285714286,-0.507737578857946
2024-05-28,9.001294,433399,492987.971428571,-0.579850864649285
2024-05-29,10.200306,456404,484228.485714286,-0.544877255829816
2024-05-30,10.937894,479409,484743.828571429,-0.509903647010346
2024-05-31,8.910474,496898,499332.714285714,-0.483315798949329
2024-06-01,9.019864,514387,527995.142857143,-0.456727950888312
2024-06-02,12.745509,531876,539741.071428572,-0.430140102827295
2024-06-03,11.565556,582956,534570.5,-0.352485160923427
2024-06-04,11.599872,634036,533529.642857143,-0.274830219019559
2024-06-05,7.7065907,538625.5,536618.5,-0.419879099883283
2024-06-06,7.2280807,443215,543837.071428572,-0.564927980747007
2024-06-07,9.570892,489612,537644.178571429,-0.494392422025124
2024-06-08,10.539931,536009,518039.821428571,-0.423856863303241
2024-06-09,9.485593,582406,505951.214285714,-0.353321304581359
2024-06-10,8.572669,539605.75,501378.357142857,-0.41838886384567
2024-06-11,7.6180587,496805.5,486197.166666667,-0.483456423109981
2024-06-12,8.309117,454005.25,460407.642857143,-0.548523982374293
2024-06-13,10.087248,411205,424009.785714286,-0.613591541638604
2024-06-14,9.353577,383343.666666667,590739.857142857,-0.65594804558074
2024-06-15,7.152286,355482.333333333,960597.857142857,-0.698304549522876
2024-06-16,14.609647,327621,1533583.78571429,-0.740661053465012
2024-06-17,13.340698,1706716.25,2309697.64285714,1.35592394102697
2024-06-18,13.45534,3085811.5,3016545.78571429,3.45250893551895
2024-06-19,9.467525,4464906.75,3654128.21428571,5.54909393001093
2024-06-20,9.709792,5844002,4222444.92857143,7.64567892450291
2024-06-21,8.787351,5331280.66666667,4346209.53571429,6.86620857695253
2024-06-22,7.0535026,4818559.33333333,4025422.03571429,6.08673822940214
2024-06-23,7.3042607,4305838,3522867.57142857,5.30726788185175
2024-06-24,8.373345,2573068.5,2838546.14285714,2.67300564897598
2024-06-25,8.847221,840299,2203705.66666667,0.0387434161002046
2024-06-26,9.157419,947025.5,1618346.14285714,0.200995572660564
2024-06-27,10.64284,1053752,1082467.57142857,0.363247729220924
2024-06-28,10.316764,887397.333333333,800917.928571429,0.110345184674383
2024-06-29,10.554222,721042.666666667,773697.214285714,-0.142557359872159
2024-06-30,8.919079,554688,778302.285714286,-0.3954599044187
2024-07-01,9.911384,602221,814733.142857143,-0.323197328977891
2024-07-02,8.17943,649754,866533.013605442,-0.250934753537081
2024-07-03,8.025056,979261,933701.897959184,0.250001952451914
2024-07-04,9.220032,1308768,1016239.79591837,0.750938658440909
2024-07-05,8.487627,1249996.42857143,1083591.32653061,0.661590518956086
2024-07-06,11.32124,1191224.85714286,1135756.48979592,0.572242379471263
2024-07-07,8.080044,1132453.28571429,1132453.28571429,0.48289423998644
2024-07-08,7.8655853,1073681.71428571,1073681.71428571,0.393546100501618
2024-07-09,7.242382,1014910.14285714,1072519.51020408,0.304197961016795
2024-07-10,8.977683,956138.571428571,1128966.67346939,0.214849821531972
2024-07-11,8.714554,897367,1243023.20408163,0.125501682047149
2024-07-12,8.469479,1241861,1286317.81632653,0.649222542584172
2024-07-13,8.509171,1586355,1258850.51020408,1.1729434031212
2024-07-14,8.5184765,1930849,1315938.57142857,1.69666426365822
2024-07-15,10.917405,1376744,1457582,0.854279933516424
2024-07-16,10.543249,822639,1568530.19047619,0.0118956033746308
2024-07-17,9.316691,1355755,1648783.14285714,0.822371171268572
2024-07-18,9.228078,1888871,1698340.85714286,1.63284673916251
2024-07-19,8.762345,2018498.33333333,1761739.57142857,1.82991414400107
2024-07-20,9.091521,2148125.66666667,1838979.28571429,2.02698154883962
2024-07-21,9.377373,2277753,1829250.14285714,2.22404895367818
2024-07-22,8.235843,1820535,1732552.14285714,1.52895817005635
2024-07-23,8.83298,1363317,1615443.80952381,0.833867386434529
2024-07-24,9.231936,1287651,1477925.14285714,0.718835302759938
2024-07-25,9.462613,1211985,1319996.14285714,0.603803219085348
2024-07-26,8.78432,1198740,1202917.21428571,0.583667359541167
2024-07-27,8.20781,1185495,1126688.35714286,0.563531499996987
2024-07-28,10.338592,1172250,1121653.14285714,0.543395640452807
2024-07-29,10.624972,1000982.5,1187811.57142857,0.283024306026011
2024-07-30,8.106502,829715,1243535.76190476,0.0226529715992152
2024-07-31,8.001378,1252404.5,1288825.71428571,0.665251416506714
2024-08-01,8.72816,1675094,1323681.42857143,1.30784986141421
2024-08-02,8.804675,1588809.33333333,1400553.14285714,1.1766746308505
2024-08-03,9.736682,1502524.66666667,1519440.85714286,1.04549940028678
2024-08-04,9.148992,1416240,1633427.35714286,0.914324169723064
2024-08-05,9.14861,1539084.5,1742512.64285714,1.1010798962444
2024-08-06,8.932,1661929,1866582.54761905,1.28783562276573
2024-08-07,10.033107,2050310,2005637.07142857,1.87827618642208
2024-08-08,7.9818993,2438691,2159676.21428571,2.46871675007842
2024-08-09,7.748764,2457298.66666667,2210054.07142857,2.4970052636643
2024-08-10,6.7501163,2475906.33333333,2156770.64285714,2.52529377725018
2024-08-11,8.604135,2494514,2082999,2.55358229083605
2024-08-12,7.5835667,1891729.5,1988739.14285714,1.63719240579196
2024-08-13,6.999583,1288945,1928566.21904762,0.720802520747871
2024-08-14,7.5553207,1533908.5,1902480.22857143,1.09321102429267
2024-08-15,6.3644886,1778872,1910481.17142857,1.46561952783746
2024-08-16,9.749982,2036088.2,2041339.35714286,1.85665533574141
2024-08-17,9.082279,2293304.4,2295054.78571429,2.24769114364536
2024-08-18,8.389067,2550520.6,2481203.2,2.63872695154931
2024-08-19,9.852679,2807736.8,2599784.6,3.02976275945326
2024-08-20,8.589536,3064953,2649048.6,3.42079856735721
2024-08-21,9.273171,2836947.4,2628995.2,3.07417050115211
2024-08-22,9.129682,2608941.8,2539624.4,2.727542434947
2024-08-23,9.05977,2380936.2,2345908.07142857,2.3809143687419
2024-08-24,9.603747,2152930.6,2047846.21428571,2.0342863025368
2024-08-25,8.775165,1924925,1796091.65714286,1.6876582363317
2024-08-26,8.113158,1451722.5,1590644.4,0.968266837618601
2024-08-27,7.5890503,978520,1418013.51428571,0.248875438905501
2024-08-28,8.160684,1074665.5,1278199,0.39504171174846
2024-08-29,8.690849,1170811,1171200.85714286,0.541207984591419
2024-08-30,8.297094,1172520,1160661.57142857,0.543806110975791
2024-08-31,7.4985065,1174229,1246581.14285714,0.546404237360163
2024-09-01,7.334991,1175938,1240229.78571429,0.549002363744535
2024-09-02,7.0172477,1377947.5,1141607.5,0.856109567866097
2024-09-03,7.3986096,1579957,1045916.64285714,1.16321677198766
2024-09-04,8.888099,1030206,953157.214285714,0.32745165909429
2024-09-05,6.8941383,480455,863329.214285714,-0.508313453799081
2024-09-06,8.708095,502684,750237.142857143,-0.474519567667893
2024-09-07,6.456303,524913,613881,-0.440725681536705
2024-09-08,7.6584697,547142,724168.785714286,-0.406931795405517
2024-09-09,8.502818,586303,1081100.5,-0.347396846699617
2024-09-10,11.638478,625464,1365884.54761905,-0.287861897993717
2024-09-11,9.926126,1802220.5,1578520.92857143,1.50111534637784
2024-09-12,11.969218,2978977,1719009.64285714,3.2900925907494
2024-09-13,11.508068,2496172.33333333,1823433.21428571,2.55610339065315
2024-09-14,7.8191667,2013367.66666667,1891791.64285714,1.8221141905569
2024-09-15,8.34958,1530563,1745892.21428571,1.08812499046065
2024-09-16,13.753612,1317268,1385734.92857143,0.763860878608937
2024-09-17,8.404777,1103973,1088343.28095238,0.439596766757223
2024-09-18,8.625754,780924.5,853717.271428571,-0.0515213322958646
2024-09-19,8.028116,457876,681856.9,-0.542639431348952
2024-09-20,8.252624,414430.8,534260.785714286,-0.608687483071778
2024-09-21,8.19845,370985.6,410928.928571429,-0.674735534794603
2024-09-22,10.267741,327540.4,333125.571428571,-0.740783586517429
2024-09-23,9.728019,284095.2,300850.714285714,-0.806831638240255
2024-09-24,9.905715,240650,305840.552380952,-0.87287968996308
2024-09-25,11.923135,236301,348095.085714286,-0.879491305905522
2024-09-26,11.522075,231952,427614.314285714,-0.886102921847963
2024-09-27,9.602763,449359.666666667,559321.071428572,-0.555586482449852
2024-09-28,9.188589,666767.333333333,743215.357142857,-0.225070043051741
2024-09-29,10.318459,884175,844282.5,0.10544639634637
2024-09-30,6.4634414,1206042.5,862522.5,0.5947690669267
2024-10-01,8.332253,1527910,842121.261904762,1.08409173750703
2024-10-02,7.695549,943771,783078.785714286,0.196047882597406
2024-10-03,7.5502877,359632,685395.071428572,-0.691995972312218
2024-10-04,6.2990055,306551,560516.928571429,-0.77269295686976
2024-10-05,6.292005,253470,408444.357142857,-0.853389941427301
2024-10-06,7.612407,200389,366874.571428571,-0.934086925984843
2024-10-07,7.149218,331895.5,435807.571428571,-0.73416269698169
2024-10-08,6.2698417,463402,513212.190476191,-0.534238467978538
2024-10-09,5.9844265,652782.5,599088.428571429,-0.246330642504272
2024-10-10,6.649587,842163,693436.285714286,0.0415771829699934
2024-10-11,7.4340324,848383.333333333,750987.964285714,0.0510337143643297
2024-10-12,8.550983,854603.666666667,771743.464285714,0.0604902457586658
2024-10-13,6.2074547,860824,747435.071428572,0.069946777153002
2024-10-14,6.8452497,734757.25,678062.785714286,-0.121707611007911
2024-10-15,5.2467027,608690.5,604039.976190476,-0.313361999168825
2024-10-16,7.321078,482623.75,525366.642857143,-0.505016387329738
2024-10-17,10.698009,356557,442042.785714286,-0.696670775490652
2024-10-18,9.686131,330223.666666667,375705.321428571,-0.736704320324935
2024-10-19,7.673322,303890.333333333,326354.25,-0.776737865159218
2024-10-20,9.456572,277557,308011.285714286,-0.816771409993502
2024-10-21,6.7017074,270395,320676.428571429,-0.827659520680963
2024-10-22,5.58853,263233,352826.714285714,-0.838547631368424
2024-10-23,5.8874283,354223,404462.142857143,-0.700219065122673
2024-10-24,5.393843,445213,475582.714285714,-0.561890498876922
2024-10-25,5.715626,555275.666666667,508544,-0.394566497589044
2024-10-26,5.9617195,665338.333333333,503346,-0.227242496301166
2024-10-27,6.4593663,775401,488176,-0.0599184950132885
2024-10-28,11.024326,501124,463034,-0.476891175134025
2024-10-29,12.080623,226847,425195.333333333,-0.893863855254761
2024-10-30,7.973644,248033,374660,-0.86165560155125
2024-10-31,7.148231,269219,311428,-0.829447347847739
2024-11-01,6.1310086,290405,290405,-0.797239094144228
2024-11-02,10.171744,311591,311591,-0.765030840440717
2024-11-03,8.901548,332777,348012.285714286,-0.732822586737206
2024-11-04,6.9079127,353963,399668.857142857,-0.700614333033695
2024-11-05,7.1617017,375149,440187.238095238,-0.668406079330184
2024-11-06,8.171317,502982,469567.428571429,-0.474066529831414
2024-11-07,8.818141,630815,487809.428571429,-0.279726980332644
2024-11-08,7.9532485,574033.666666667,553723.357142857,-0.36604943807
2024-11-09,6.377807,517252.333333333,667309.214285714,-0.452371895807357
2024-11-10,6.4471774,460471,721104.714285714,-0.538694353544713
2024-11-11,7.607516,815360.5,715109.857142857,0.000830382257808115
2024-11-12,5.9336543,1170250,726988.333333333,0.540355118060329
2024-11-13,4.57799,879550.5,756740.142857143,0.0984159484443643
2024-11-14,4.746331,588851,804365.285714286,-0.343523221171601
2024-11-15,14.643874,657183,768710.571428572,-0.239640733110224
2024-11-16,6.970703,725515,649776,-0.135758245048848
2024-11-17,5.2576995,793847,588168.214285714,-0.0318757569874712
2024-11-18,10.191,565777.5,583887.214285714,-0.378600967883012
2024-11-19,5.9015446,337708,609778.023809524,-0.725326178778553
2024-11-20,4.3079877,448296,665840.642857143,-0.557203533608918
2024-11-21,4.221513,558884,752075.071428572,-0.389080888439283
2024-11-22,3.6786509,838418.666666667,860380.285714286,0.0358848182975441
2024-11-23,4.8810997,1117953.33333333,990756.285714286,0.460850525034371
2024-11-24,5.121839,1397488,1113252.54285714,0.885816231771198
2024-11-25,5.004437,1323914,1227869.05714286,0.773964534519139
2024-11-26,4.159587,1250340,1310470.59047619,0.662112837267079
2024-11-27,4.8966784,1305769.8,1361057.14285714,0.746380611322346
2024-11-28,4.014459,1361199.6,1379628.71428571,0.830648385377613
2024-11-29,4.477631,1416629.4,1340908.07142857,0.91491615943288
2024-11-30,4.4297194,1472059.2,1244895.21428571,0.999183933488146
2024-12-01,3.786845,1527489,1123260.31428571,1.08345170754341
2024-12-02,3.515072,1052869.5,976003.371428571,0.361906098715244
2024-12-03,3.4614775,578250,868885.742857143,-0.359639510112926
2024-12-04,3.5370476,454325.5,801907.428571429,-0.548037118726197
2024-12-05,3.577089,330401,775068.428571429,-0.736434727339469
2024-12-06,2.9806707,666806,745076.071428572,-0.22501125961882
2024-12-07,5.1753592,1003211,711930.357142857,0.286412208101829
2024-12-08,4.2999363,1339616,723528.428571429,0.797835675822477
2024-12-09,3.718672,842923,779870.285714286,0.0427325814791347
2024-12-10,7.015578,346230,796396.142857143,-0.712370512864208
2024-12-11,4.8083854,535512,773106,-0.424612433117772
2024-12-12,7.4325366,724794,709999.857142857,-0.136854353371336
2024-12-13,4.709004,782487,676383.142857143,-0.0491459241767417
2024-12-14,5.0572104,840180,672255.857142857,0.0385625050178522
2024-12-15,6.303923,897873,662674.142857143,0.126270934212446
2024-12-16,4.440536,607606,647638,-0.315010722436146
2024-12-17,3.542143,317339,619652.904761905,-0.756292379084738
2024-12-18,2.6706054,468440,578718.857142857,-0.526579392071888
2024-12-19,2.6394346,619541,524835.857142857,-0.296866405059038
2024-12-20,2.2954104,586591.333333333,601448.857142857,-0.346958504721368
2024-12-21,5.1805525,553641.666666667,808557.857142857,-0.397050604383698
2024-12-22,3.6082103,520692,948578.428571429,-0.447142704046028
2024-12-23,4.1014605,1143897,1021510.57142857,0.500291674755853
2024-12-24,6.190678,1767102,1093241.12380952,1.44772605355773
2024-12-25,5.661362,1448584,1163770.08571429,0.963495497854206
2024-12-26,5.0302486,1130066,1233097.45714286,0.479264942150677
2024-12-27,4.471991,1088705.2,1207486.85714286,0.416385722865291
2024-12-28,3.3654454,1047344.4,1086938.28571429,0.353506503579906
2024-12-29,4.0898857,1005983.6,1024003.85714286,0.29062728429452
2024-12-30,3.668188,964622.8,1018683.57142857,0.227748065009134
2024-12-31,4.281559,923262,1006933.92380952,0.164868845723748
2025-01-01,3.1790915,1008043,988754.914285714,0.293758110202054
2025-01-02,3.4615574,1092824,964146.542857143,0.422647374680359
2025-01-03,5.0831347,1006457.66666667,926674.428571429,0.291347989452283
2025-01-04,6.2125955,920091.333333333,876338.571428572,0.160048604224208
2025-01-05,3.9328778,833725,857377.357142857,0.028749218996132
2025-01-06,6.417422,702318,869790.785714286,-0.171023744017995
2025-01-07,9.846207,570911,850620.5,-0.370796707032121
2025-01-08,11.214318,875314.5,799866.5,0.0919761220170976
2025-01-09,5.4328876,1179718,717528.785714286,0.554748951066316
2025-01-10,5.5192266,872265.666666667,677589.428571429,0.0873410990066322
2025-01-11,5.801981,564813.333333333,680048.428571429,-0.380066753053052
2025-01-12,5.109823,257361,621504.5,-0.847474605112737
2025-01-13,7.488857,422742.5,501957.642857143,-0.596051528087001
2025-01-14,6.6353855,588124,483366.452380952,-0.344628451061266
2025-01-15,5.348062,465507,565730.928571429,-0.531038318160455
2025-01-16,5.527853,342890,749051.071428572,-0.717448185259645
2025-01-17,6.8636584,742127.333333333,875593.928571429,-0.1105031593032
2025-01-18,5.1427894,1141364.66666667,945359.5,0.496441866653245
2025-01-19,4.0350986,1540602,1005689.14285714,1.10338689260969
2025-01-20,6.7382226,1308542.5,1056582.85714286,0.750595839541157
2025-01-21,8.680917,1076483,1070941.14285714,0.397804786472624
2025-01-22,4.07768,887814.5,1048764,0.11097938697008
2025-01-23,7.9972205,699146,990051.428571429,-0.175846012532464
2025-01-24,5.610865,842635.333333333,932174.785714286,0.0422952530083501
2025-01-25,13.672202,986124.666666667,875134.071428572,0.260436518549164
2025-01-26,9.8872595,1129614,849007,0.478577784089977
2025-01-27,5.717424,903406,853793.571428572,0.134682539411234
2025-01-28,6.562282,677198,830642.352380952,-0.209212705267508
2025-01-29,6.8036475,704925,779553.342857143,-0.167060423079401
2025-01-30,6.1325393,732652,700526.542857143,-0.124908140891293
2025-01-31,5.8408737,680576.8,646375.857142857,-0.204076046737657
2025-02-01,3.877116,628501.6,617101.285714286,-0.283243952584022
2025-02-02,4.586565,576426.4,581635.571428572,-0.362411858430387
2025-02-03,4.8125877,524351.2,539978.714285714,-0.441579764276752
2025-02-04,5.509994,472276,505175.6,-0.520747670123116
2025-02-05,6.433807,456665,477226.228571429,-0.544480467657597
2025-02-06,7.2202415,441054,456130.6,-0.568213265192078
2025-02-07,9.663287,436955,441888.714285714,-0.57444481583546
2025-02-08,6.3457828,432856,434500.571428571,-0.580676366478842
2025-02-09,3.5825584,428757,428757,-0.586907917122224
2025-02-10,6.8079963,424658,424658,-0.593139467765606
2025-02-11,10.23727,420559,427835.190476191,-0.599371018408988
2025-02-12,11.956183,416460,438288.571428571,-0.60560256905237
2025-02-13,17.612131,412361,456018.142857143,-0.611834119695753
2025-02-14,11.725086,459195.333333333,468686.142857143,-0.540633700077382
2025-02-15,5.5248284,506029.666666667,476292.571428571,-0.46943328045901
2025-02-16,4.1527557,552864,478837.428571429,-0.398232860840639
2025-02-17,6.069952,513334,476320.714285714,-0.458328785927952
2025-02-18,6.6145515,473804,467618.866666667,-0.518424711015264
2025-02-19,3.9182081,434274,452731.885714286,-0.578520636102576
2025-02-20,4.6347747,394744,431659.771428571,-0.638616561189888
2025-02-21,3.544595,398282.4,416740.285714286,-0.633237268973117
2025-02-22,3.9027395,401820.8,407973.428571429,-0.627857976756347
2025-02-23,3.862338,405359.2,401238.5,-0.622478684539576
2025-02-24,4.5414624,408897.6,396535.5,-0.617099392322805
2025-02-25,3.8670626,412436,392428.157142857,-0.611720100106035
2025-02-26,3.413006,387129.5,388916.471428571,-0.650192590068647
2025-02-27,4.504477,361823,386000.442857143,-0.688665080031259
2025-02-28,7.117274,369531,383680.071428571,-0.676946906730652
2025-03-01,6.6629295,377239,381955.357142857,-0.665228733430045
2025-03-02,11.851895,384947,403275.142857143,-0.653510560129438
2025-03-03,17.140623,392655,447639.428571429,-0.64179238682883
2025-03-04,7.387545,400363,483614.476190476,-0.630074213528223
2025-03-05,5.2094173,536368,511200.285714286,-0.423311089533792
2025-03-06,17.172394,672373,530396.857142857,-0.21654796553936
2025-03-07,8.5964575,621356.333333333,577356.928571429,-0.294106624234133
2025-03-08,5.5911045,570339.666666667,652080.5,-0.371665282928906
2025-03-09,4.3233705,519323,704279.642857143,-0.449223941623679
2025-03-10,5.2229934,721375.5,733954.357142857,-0.142051366270677
2025-03-11,13.441044,923428,767822.023809524,0.165121209082324
2025-03-12,13.309642,901762,805882.642857143,0.132183230004618
2025-03-13,18.16025,880096,848136.214285714,0.0992452509269125
2025-03-14,13.791636,858430,858430,0.0663072718492068
2025-03-15,8.197211,836764,836764,0.0333692927715011
2025-03-16,4.1432457,815098,819128.142857143,0.00043131369379548
2025-03-17,7.435883,793432,805522.428571429,-0.0325066653839102
2025-03-18,10.907865,771766,788980.761904762,-0.0654446444616159
2025-03-19,4.4731812,778311,769503.142857143,-0.0554945349322342
2025-03-20,4.791495,784856,747089.571428572,-0.0455444254028525
2025-03-21,3.772334,742638.333333333,726146.278911565,-0.109726305831922
2025-03-22,5.4303966,700420.666666667,706673.265306123,-0.173908186260991
2025-03-23,4.6402164,658203,684640.387755102,-0.238090066690061
2025-03-24,4.4126773,646828.952380952,660047.646258503,-0.255381589929469
2025-03-25,5.120891,635454.904761905,639861.136054422,-0.272673113168877
2025-03-26,5.6677914,624080.857142857,624080.857142857,-0.289964636408285
2025-03-27,7.2797904,612706.80952381,612706.80952381,-0.307256159647694
2025-03-28,8.337561,601332.761904762,601332.761904762,-0.324547682887102
2025-03-29,7.648209,589958.714285714,589958.714285714,-0.34183920612651
2025-03-30,6.2577662,578584.666666667,578584.666666667,-0.359130729365918
2025-03-31,8.734107,567210.619047619,567210.619047619,-0.376422252605327
2025-04-01,16.11939,555836.571428572,555836.571428572,-0.393713775844735
2025-04-02,16.489334,544462.523809524,544462.523809524,-0.411005299084143
2025-04-03,7.2309756,533088.476190476,533088.476190476,-0.428296822323551
2025-04-04,5.746492,521714.428571429,521714.428571429,-0.445588345562959
2025-04-05,5.06273,510340.380952381,510340.380952381,-0.462879868802368
2025-04-06,6.1141105,498966.333333333,498966.333333333,-0.480171392041776
2025-04-07,4.50165,487592.285714286,487592.285714286,-0.497462915281184
2025-04-08,4.1640506,476218.238095238,476218.238095238,-0.514754438520592
2025-04-09,4.062793,464844.190476191,464844.190476191,-0.532045961760001
2025-04-10,4.0454297,453470.142857143,453470.142857143,-0.549337484999409
2025-04-11,4.0709705,442096.095238095,444335.173469388,-0.566629008238817
2025-04-12,5.62441,430722.047619048,437439.282312925,-0.583920531478225
2025-04-13,5.588285,419348,432782.469387755,-0.601212054717633
2025-04-14,5.572775,423647.5,430364.734693878,-0.594675691704406
2025-04-15,4.540071,427947,431455.027210884,-0.588139328691178
2025-04-16,7.1970468,432246.5,436053.346938776,-0.58160296567795
2025-04-17,7.4427066,436546,444159.693877551,-0.575066602664722
2025-04-18,8.42821,449728.142857143,453534.989795918,-0.555026302395734
2025-04-19,7.9611125,462910.285714286,464179.234693878,-0.534986002126745
2025-04-20,7.2693744,476092.428571429,476092.428571429,-0.514945701857757
2025-04-21,6.5179706,489274.571428571,489274.571428571,-0.494905401588769
2025-04-22,6.2681146,502456.714285714,508469.360544218,-0.474865101319781
2025-04-23,6.7399654,515638.857142857,533676.795918368,-0.454824801050793
2025-04-24,6.5666137,528821,564896.87755102,-0.434784500781804
2025-04-25,7.535511,584091.666666667,591685.295918368,-0.350758650958232
2025-04-26,9.218115,639362.333333333,614042.051020408,-0.26673280113466
2025-04-27,8.960597,694633,631967.142857143,-0.182706951311088
2025-04-28,5.744786,676793.5,645460.571428572,-0.209827650921387
2025-04-29,5.8605533,658954,674362.019047619,-0.236948350531686
2025-04-30,5.848333,641114.5,718671.485714286,-0.264069050141984
2025-05-01,5.381287,623275,778388.971428572,-0.291189749752283
2025-05-02,7.3487144,786401.8,863958.785714286,-0.0431944056457068
2025-05-03,8.719142,949528.6,975380.928571429,0.204800938460869
2025-05-04,12.291589,1112655.4,1049561.92857143,0.452796282567445
2025-05-05,7.6484933,1275782.2,1086501.78571429,0.700791626674021
2025-05-06,5.5442944,1438909,1093640.81428571,0.948786970780597
2025-05-07,7.774964,1160381.5,1070979.01428571,0.525352420445249
2025-05-08,7.1909375,881854,1018516.38571429,0.1019178701099
2025-05-09,5.606678,836375,938381.5,0.0327779111661643
2025-05-10,5.0214033,790896,830574.357142857,-0.0363620477775713
2025-05-11,5.7608395,745417,758188.428571429,-0.105502006721307
2025-05-12,9.9931135,714838,721223.714285714,-0.151990073841087
2025-05-13,11.447419,684259,715795.952380952,-0.198478140960868
2025-05-14,7.277382,653680,741905.142857143,-0.244966208080648
2025-05-15,6.1215997,623101,799551.285714286,-0.291454275200428
2025-05-16,6.3020015,798380.666666667,843518.75,-0.0249833994774575
2025-05-17,11.191289,973660.333333333,873807.535714286,0.241487476245513
2025-05-18,7.732371,1148940,890417.642857143,0.507958351968485
2025-05-19,4.9749484,1022610.25,893349.071428572,0.31590413511296
2025-05-20,4.3347163,896280.5,867060.319047619,0.123849918257436
2025-05-21,4.196551,769950.75,811551.385714286,-0.068204298598088
2025-05-22,5.4767632,643621,726822.271428571,-0.260258515453612
2025-05-23,7.5863633,614359.4,655960.035714286,-0.304743790473468
2025-05-24,7.912184,585097.8,598964.678571429,-0.349229065493323
2025-05-25,6.910694,555836.2,561035.642857143,-0.393714340513179
2025-05-26,6.319702,526574.6,542172.928571429,-0.438199615533035
2025-05-27,6.018062,497313,526902.395238095,-0.48268489055289
2025-05-28,5.847641,504447.5,515224.042857143,-0.471838587048326
2025-05-29,6.093081,511582,507137.871428571,-0.460992283543762
2025-05-30,7.0334945,507465.666666667,498344.357142857,-0.467250185381212
2025-05-31,6.0449715,503349.333333333,488843.5,-0.473508087218662
2025-06-01,7.2238536,499233,479664.857142857,-0.479765989056112
2025-06-02,6.6091876,465020,470808.428571429,-0.531778685363024
2025-06-03,8.310315,430807,486544.380952381,-0.583791381669935
2025-06-04,7.808123,440197,526872.714285714,-0.569516129037255
2025-06-05,8.386084,449587,591793.428571429,-0.555240876404574
2025-06-06,7.424166,617617.333333333,623332.571428572,-0.299790880846869
2025-06-07,9.283172,785647.666666667,621490.142857143,-0.0443408852891635
2025-06-08,9.822954,953678,642817.428571429,0.211109110268542
2025-06-09,6.480667,685794,687314.428571429,-0.196144540024641
2025-06-10,5.1090527,417910,693473.380952381,-0.603398190317825
2025-06-11,5.3048954,589488,661294.285714286,-0.342554814789597
2025-06-12,7.1784444,761066,590777.142857143,-0.081711439261369
2025-06-13,5.78159,660730,577666.357142857,-0.234248366647166
2025-06-14,5.091681,560394,621961.928571429,-0.386785294032963
2025-06-15,4.9994817,460058,639397.842857143,-0.53932222141876
2025-06-16,5.2231283,594018.5,629974.1,-0.335667271440038
2025-06-17,4.849108,727979,632535.557142857,-0.132012321461316
2025-06-18,6.2911205,711539.4,647082.214285714,-0.157004807423
2025-06-19,6.5704193,695099.8,673614.071428572,-0.181997293384684
2025-06-20,8.025198,678660.2,706642.714285714,-0.206989779346368
2025-06-21,11.267341,662220.6,746168.142857143,-0.231982265308053
2025-06-22,6.811299,645781,777380.871428571,-0.256974751269737
2025-06-23,6.8620286,825219,800280.9,0.0158178772609264
2025-06-24,6.3431716,1004657,836744.585714286,0.28861050579159
2025-06-25,6.008371,930028.5,886771.928571429,0.175155693108097
2025-06-26,5.4378095,855400,950362.928571429,0.0617008804246038
2025-06-27,4.9882255,933906,994956,0.181050505896512
2025-06-28,5.496254,1012412,1020551.14285714,0.30040013136842
2025-06-29,7.415397,1090918,1026018.28571429,0.419749756840328
2025-06-30,7.4318213,1137370.5,1011357.42857143,0.490369690058602
2025-07-01,7.066542,1183823,989518.285714286,0.560989623276876
2025-07-02,5.96332,968298.5,960500.857142857,0.233336089088148
2025-07-03,6.191729,752774,924305.142857143,-0.0943174451005795
2025-07-04,5.256743,781032,878980.880952381,-0.0513579042172689
2025-07-05,5.1153483,809290,824528.071428572,-0.00839836333395835
2025-07-06,6.2772717,837548,798372,0.0345611775493522
2025-07-07,6.898647,820100.666666667,800512.666666667,0.00803667370484509
2025-07-08,8.519229,802653.333333333,796124,-0.0184878301396619
2025-07-09,7.6084294,785206,785206,-0.045012333984169
2025-07-10,5.535307,767758.666666667,767758.666666667,-0.0715368378286761
2025-07-11,6.893454,750311.333333333,750311.333333333,-0.098061341673183
2025-07-12,6.25482,732864,732864,-0.12458584551769
2025-07-13,5.526272,715416.666666667,700901.785714286,-0.151110349362197
2025-07-14,6.0637517,697969.333333333,654424.690476191,-0.177634853206704
2025-07-15,5.979899,680522,628085.042857143,-0.204159357051211
2025-07-16,5.5306726,561470.5,621882.842857143,-0.385148732855212
2025-07-17,5.731812,442419,635818.090476191,-0.566138108659212
2025-07-18,6.5129027,565933.8,669890.785714286,-0.37836335105804
2025-07-19,6.3966947,689448.6,724100.928571429,-0.190588593456868
2025-07-20,6.9067426,812963.4,814252.928571429,-0.00281383585569542
2025-07-21,7.545334,936478.2,940346.785714286,0.184960921745477
2025-07-22,7.030291,1059993,1040052.29047619,0.372735679346649
2025-07-23,8.708634,1192534.5,1113369.44285714,0.574233378687909
2025-07-24,9.197863,1325076,1160298.24285714,0.775731078029168
2025-07-25,8.6891365,1263872.33333333,1163076.71428571,0.682685518528312
2025-07-26,7.790956,1202668.66666667,1121704.85714286,0.589639959027457
2025-07-27,7.6726747,1141465,1063524.21428571,0.496594399526601
2025-07-28,6.7763915,955927.5,988534.785714286,0.21452893782948
2025-07-29,6.845724,770390,918629.619047619,-0.0675365238676402
2025-07-30,6.1528945,785270,853808.714285714,-0.0449150372676097
2025-07-31,5.7868886,800150,794072.071428572,-0.0222935506675792
2025-08-01,5.265226,774536.166666667,757181.666666667,-0.0612332675711689
2025-08-02,5.872148,748922.333333333,743137.5,-0.100172984474758
2025-08-03,5.136758,723308.5,723308.5,-0.139112701378348
2025-08-04,5.999059,697694.666666667,697694.666666667,-0.178052418281938
2025-08-05,5.164702,672080.833333333,672080.833333333,-0.216992135185527
2025-08-06,5.203903,646467,646467,-0.255931852089117
2025-08-07,5.961269,620853.166666667,620853.166666667,-0.294871568992707
2025-08-08,5.7319465,595239.333333333,595239.333333333,-0.333811285896296
2025-08-09,5.732641,569625.5,569625.5,-0.372751002799886
2025-08-10,5.462438,544011.666666667,566906.214285714,-0.411690719703476
2025-08-11,5.5039716,518397.833333333,587081.476190476,-0.450630436607065
2025-08-12,7.7628446,492784,637483.333333333,-0.489570153510655
2025-08-13,5.38533,627432,718111.785714286,-0.284870023959519
2025-08-14,5.7947783,762080,828966.833333333,-0.080169894408383
2025-08-15,9.101983,948052.333333333,948606.5,0.202556627532235
2025-08-16,8.541133,1134024.66666667,1077030.78571429,0.485283149472854
2025-08-17,5.499371,1319997,1152030.07142857,0.768009671413472
2025-08-18,4.8146267,1355875.5,1173604.35714286,0.822554362742719
2025-08-19,5.8473973,1391754,1186615.35714286,0.877099054071966
2025-08-20,5.0367646,1152427,1191063.07142857,0.513259502759769
2025-08-21,3.662967,913100,1186947.5,0.149419951447571
2025-08-22,4.458883,1039129.33333333,1170618.47619048,0.341017456502059
2025-08-23,5.4235454,1165158.66666667,1142076,0.532614961556547
2025-08-24,5.517502,1291188,1140635.14285714,0.724212466611034
2025-08-25,5.83423,1241572.33333333,1166295.9047619,0.648783693852191
2025-08-26,4.9493775,1191956.66666667,1166864.52380952,0.573354921093349
2025-08-27,5.218957,1142341,1142341,0.497926148334506
2025-08-28,4.301929,1092725.33333333,1092725.33333333,0.422497375575663
2025-08-29,5.2880397,1043109.66666667,1043109.66666667,0.347068602816821
2025-08-30,5.1977105,993494,993494,0.271639830057978
2025-08-31,5.476764,943878.333333333,934518.714285714,0.196211057299135
2025-09-01,5.4965014,894262.666666667,866183.80952381,0.120782284540293
2025-09-02,6.2948666,844647,803374.523809524,0.0453535117814501
2025-09-03,4.2342744,729514,746090.857142857,-0.129678720525089
2025-09-04,5.940336,614381,694332.80952381,-0.304710952831629
2025-09-05,5.2117105,603444.666666667,713245.142857143,-0.321337036027427
2025-09-06,5.4104695,592508.333333333,802827.857142857,-0.337963119223224
2025-09-07,3.9554768,581572,842128.571428572,-0.354589202419022
2025-09-08,6.719335,1026649,831147.285714286,0.322044090019269
2025-09-09,7.1688933,1471726,861186.714285714,0.99867738245756
2025-09-10,7.529942,1004619,932246.857142857,0.288552735866133
2025-09-11,6.415918,537512,1044327.71428571,-0.421571910725295
2025-09-12,5.789266,813720.666666667,1030990.35714286,-0.00166259272715704
2025-09-13,4.885731,1089929.33333333,892234.785714286,0.41824672527098
2025-09-14,4.3749986,1366138,858201.785714286,0.838156043269118
2025-09-15,4.919766,933287.5,928891.357142857,0.180110224346638
2025-09-16,6.0756145,500437,967789.166666667,-0.477935594575841
2025-09-17,5.347103,766388,974895.214285714,-0.0736206091749871
2025-09-18,5.371565,1032339,950209.5,0.330694376225867
2025-09-19,4.812698,1086005.33333333,938181.857142857,0.41228122033694
2025-09-20,7.1240735,1139671.66666667,938812.285714286,0.493868064448013
2025-09-21,8.3393955,1193338,903483.428571429,0.575454908559086
2025-09-22,6.783648,849094,832195.285714286,0.0521141133211232
2025-09-23,4.6104465,504850,760978.714285714,-0.47122668191684
2025-09-24,5.4034476,519086,689833.714285714,-0.449584243527187
2025-09-25,6.517183,533322,618760.285714286,-0.427941805137534
2025-09-26,7.9530816,587489.333333333,615118.785714286,-0.345593310167146
2025-09-27,5.528696,641656.666666667,678909.214285714,-0.263244815196757
2025-09-28,5.3808484,695824,747697.785714286,-0.180896320226368
2025-09-29,5.4513297,823603.5,821484.5,0.013361895298403
2025-09-30,6.5749145,951383,860616.547619048,0.207620110823174
2025-10-01,7.1370926,1000606,865093.928571429,0.282451927685627
2025-10-02,5.8471317,1049829,834916.642857143,0.35728374454808
2025-10-03,7.7910695,861413.666666667,787789.428571429,0.0708432245050507
2025-10-04,6.5530605,672998.333333333,723712.285714286,-0.215597295537979
2025-10-05,4.286504,484583,653907.571428572,-0.502037815581008
2025-10-06,4.3144145,493713,578375.285714286,-0.488157830859349
2025-10-07,5.763409,502843,531063.761904762,-0.474277846137691
2025-10-08,6.6000743,511973,511973,-0.460397861416032
2025-10-09,7.6890197,521103,521103,-0.446517876694374
2025-10-10,6.3833203,530233,530233,-0.432637891972715
2025-10-11,5.865188,539363,539363,-0.418757907251057
2025-10-12,5.0079083,548493,548493,-0.404877922529398
2025-10-13,11.740646,557623,557623,-0.39099793780774
2025-10-14,13.624181,566753,566471.190476191,-0.377117953086081
2025-10-15,6.476025,575883,575037.571428572,-0.363237968364423
2025-10-16,5.157636,585013,583322.142857143,-0.349357983642764
2025-10-17,5.4949107,592170.333333333,585689.46031746,-0.338476967507553
2025-10-18,4.7215743,599327.666666667,582139.523809524,-0.327595951372341
2025-10-19,4.841303,606485,572672.333333333,-0.316714935237129
2025-10-20,4.5385046,574194.222222222,557287.888888889,-0.365805351689049
2025-10-21,4.193519,541903.444444445,536268,-0.414895768140968
2025-10-22,6.610082,509612.666666667,509612.666666667,-0.463986184592888
2025-10-23,5.7708898,477321.888888889,477321.888888889,-0.513076601044807
2025-10-24,4.0234704,445031.111111111,445031.111111111,-0.562167017496727
2025-10-25,3.8299685,412740.333333333,412740.333333333,-0.611257433948646
2025-10-26,4.2297115,380449.555555556,397582.952380952,-0.660347850400565
2025-10-27,4.5098963,348158.777777778,399558.968253968,-0.709438266852485
2025-10-28,2.7255192,315868,398064.333333333,-0.758528683304404
2025-10-29,4.254005,403511,393099.047619048,-0.625288431282464
2025-10-30,4.200996,491154,384663.111111111,-0.492048179260524
2025-10-31,3.8526585,434568.666666667,,-0.578072665803418
